<org.lamsfoundation.lams.tool.qa.QaContent>
  <qaContentId>1873</qaContentId>
  <title>Experiment Crunch 2</title>
  <instructions>&lt;table width="600" cellspacing="9" cellpadding="9" border="0" align="" style="background: rgb(170, 220, 2) none repeat scroll 0% 50%; -moz-background-clip: -moz-initial; -moz-background-origin: -moz-initial; -moz-background-inline-policy: -moz-initial;" summary=""&gt;
    &lt;tbody&gt;
        &lt;tr&gt;
            &lt;td width="175" align="center"&gt;&amp;nbsp;&lt;img width="173" height="337" align="middle" src="/lams//www/secure/4028813915760eb301157a04abe7005a/Image/K456 Tia 11.gif" alt="" /&gt;&lt;br /&gt;
            &lt;/td&gt;
            &lt;td width="325" align="left"&gt;&lt;font size="3"&gt;&lt;font face="Comic Sans MS"&gt;&lt;strong&gt;Let&amp;rsquo;s do another crunch!&lt;/strong&gt;&lt;/font&gt;&lt;/font&gt;&lt;font size="3"&gt;&lt;font size="3"&gt;&lt;font face="Comic Sans MS"&gt;&lt;br /&gt;
            &lt;/font&gt;&lt;/font&gt;&lt;font size="3"&gt;&lt;font face="Comic Sans MS"&gt;&lt;br /&gt;
            It&amp;rsquo;s often easier to do an experiment like this the second time. And you often get more accurate results. The reason is that you have more information about what makes the experiment succeed or fail. And so you know what questions to ask before you start.&lt;br /&gt;
            &lt;br /&gt;
            Before you do an experiment the second time, it&amp;rsquo;s helpful to think about what you would do differently.&lt;br /&gt;
            &lt;br /&gt;
            Here&amp;rsquo;s a question to help you describe your thoughts...&lt;br /&gt;
            &lt;/font&gt;&lt;/font&gt;&lt;font size="3"&gt;             &lt;/font&gt;&lt;/font&gt;&lt;/td&gt;
            &lt;td width="100" align="left"&gt;&amp;nbsp;&lt;/td&gt;
        &lt;/tr&gt;
    &lt;/tbody&gt;
&lt;/table&gt;</instructions>
  <offlineInstructions></offlineInstructions>
  <onlineInstructions></onlineInstructions>
  <createdBy>9</createdBy>
  <defineLater>false</defineLater>
  <reflect>false</reflect>
  <reflectionSubject></reflectionSubject>
  <runOffline>false</runOffline>
  <questionsSequenced>false</questionsSequenced>
  <lockWhenFinished>true</lockWhenFinished>
  <showOtherAnswers>true</showOtherAnswers>
  <usernameVisible>false</usernameVisible>
  <synchInMonitor>false</synchInMonitor>
  <contentLocked>false</contentLocked>
  <updateDate class="sql-timestamp">2008-07-07 12:41:56.0</updateDate>
  <qaQueContents class="tree-set">
    <no-comparator/>
    <org.lamsfoundation.lams.tool.qa.QaQueContent>
      <question>&lt;div align="left"&gt; 		Sample Question 1? &lt;/div&gt;
&lt;table width="600" cellspacing="9" cellpadding="9" border="0" align="left" style="background: rgb(170, 220, 2) none repeat scroll 0% 50%; -moz-background-clip: -moz-initial; -moz-background-origin: -moz-initial; -moz-background-inline-policy: -moz-initial;" summary=""&gt;
    &lt;tbody&gt;
        &lt;tr&gt;
            &lt;td width="500" align="center"&gt;
            &lt;div align="left"&gt;&amp;nbsp;&lt;font size="3"&gt;&lt;font face="Comic Sans MS"&gt;&lt;strong&gt;Describe one thing that you would do differently if you did this experiment again.&lt;/strong&gt;&lt;/font&gt;&lt;/font&gt;&lt;br /&gt;
            &lt;/div&gt;
            &lt;font size="3"&gt;&lt;font face="Comic Sans MS"&gt;&lt;strong&gt;             &lt;br /&gt;
            &lt;/strong&gt;&lt;/font&gt;&lt;/font&gt;
            &lt;div align="left"&gt;&lt;font size="3"&gt;&lt;font face="Comic Sans MS"&gt;Write at least one thing that you think would help you do this experiment better.&lt;/font&gt;&lt;/font&gt;&lt;/div&gt;
            &lt;/td&gt;
            &lt;td width="100" align="left"&gt;&lt;font size="3"&gt;&lt;font face="Comic Sans MS"&gt;&lt;br /&gt;
            &lt;strong&gt;             &lt;/strong&gt;&lt;/font&gt;&lt;/font&gt;&lt;/td&gt;
        &lt;/tr&gt;
    &lt;/tbody&gt;
&lt;/table&gt;</question>
      <displayOrder>1</displayOrder>
      <feedback>Let's see what everyone would do differently if they did the experiment again.</feedback>
      <isOptional>false</isOptional>
    </org.lamsfoundation.lams.tool.qa.QaQueContent>
  </qaQueContents>
  <qaUploadedFiles class="tree-set">
    <no-comparator/>
  </qaUploadedFiles>
</org.lamsfoundation.lams.tool.qa.QaContent>