<org.lamsfoundation.lams.tool.noticeboard.NoticeboardContent>
  <nbContentId>1996</nbContentId>
  <title>Thinking about ideas</title>
  <content>&lt;table width="400" cellspacing="9" cellpadding="9" border="0" align="" style="background: rgb(248, 200, 30) none repeat scroll 0% 50%; -moz-background-clip: -moz-initial; -moz-background-origin: -moz-initial; -moz-background-inline-policy: -moz-initial;" summary=""&gt;
    &lt;tbody&gt;
        &lt;tr&gt;
            &lt;td align="center" colspan="2"&gt;&lt;img width="500" height="71" src="/lams//www/secure/4028813915760eb301157a04abe7005a/Image/AppleOfKnowledge.gif" alt="" /&gt;&amp;nbsp;&amp;nbsp;&lt;/td&gt;
        &lt;/tr&gt;
        &lt;tr&gt;
            &lt;td width="176" align="left"&gt;&amp;nbsp;&lt;img width="200" height="336" align="left" alt="Tia" src="/lams//www/secure/4028813915760eb301157a04abe7005a/Image/K456 Tia 10.gif" /&gt;&lt;/td&gt;
            &lt;td&gt;&amp;nbsp;&lt;br /&gt;
            &lt;font size="3"&gt;&lt;font face="Comic Sans MS"&gt;This Kusasa module is about &lt;strong&gt;thinking about ideas&lt;/strong&gt;.&lt;/font&gt;&lt;font face="Comic Sans MS"&gt;&lt;br /&gt;
            &lt;br /&gt;
            So what is an&lt;strong&gt; idea&lt;/strong&gt; exactly?&lt;br /&gt;
            &lt;br /&gt;
            &lt;/font&gt;&lt;/font&gt;&lt;font size="3"&gt;&lt;font face="Comic Sans MS"&gt;Well, if bricks are the simplest parts of a house, then ideas are the simplest parts of your thinking. They are the objects that make up your knowledge. And, just like objects in the real world, we give them names. After all, if they don&amp;rsquo;t have names, then how can we talk about them?&lt;br /&gt;
            &lt;br /&gt;
            For example. There are many different kinds of sweets. Chocolates, jelly babies, sugar sticks, toffees, the list is huge! But all of them belong to the idea of &amp;quot;sweets&amp;quot;.&lt;br /&gt;
            &lt;br /&gt;
            There are also many different kinds of colour. Red, orange, yellow, don&amp;rsquo;t get me started. But all of them belong to the idea, &amp;quot;colour&amp;quot;.&lt;br /&gt;
            &lt;br /&gt;
            Do you get it? Don&amp;rsquo;t worry if you haven&amp;rsquo;t got it just yet. There are plenty more ways in this Kusasa module that you will explore the idea of &amp;quot;ideas&amp;quot;.&lt;br /&gt;
            &lt;br /&gt;
            &lt;/font&gt;&lt;/font&gt;&lt;font size="3"&gt;&lt;font face="Comic Sans MS"&gt;Ready for the next page? Just click [Finish] below...&lt;/font&gt;&lt;/font&gt;&lt;/td&gt;
        &lt;/tr&gt;
    &lt;/tbody&gt;
&lt;/table&gt;</content>
  <onlineInstructions></onlineInstructions>
  <offlineInstructions></offlineInstructions>
  <defineLater>false</defineLater>
  <forceOffline>false</forceOffline>
  <reflectOnActivity>false</reflectOnActivity>
  <reflectInstructions></reflectInstructions>
  <contentInUse>false</contentInUse>
  <creatorUserId>9</creatorUserId>
  <dateCreated class="sql-timestamp">2007-10-07 13:14:54.0</dateCreated>
  <dateUpdated class="sql-timestamp">2008-07-07 15:00:48.0</dateUpdated>
  <nbAttachments/>
</org.lamsfoundation.lams.tool.noticeboard.NoticeboardContent>