<org.lamsfoundation.lams.tool.noticeboard.NoticeboardContent>
  <nbContentId>1864</nbContentId>
  <title>Your Kusasa Route Map</title>
  <content>&lt;table width="400" cellspacing="9" cellpadding="9" border="0" align="" style="background: rgb(20, 75, 215) none repeat scroll 0% 50%; -moz-background-clip: -moz-initial; -moz-background-origin: -moz-initial; -moz-background-inline-policy: -moz-initial;" summary=""&gt;
    &lt;tbody&gt;
        &lt;tr&gt;
            &lt;td width="175" align="center"&gt;&amp;nbsp;&lt;img width="173" height="181" align="middle" alt="" src="/lams//www/secure/4028813915760eb301157a04abe7005a/Image/K456 Tia 16.gif" /&gt;&lt;br /&gt;
            &lt;/td&gt;
            &lt;td width="325" align="left"&gt;&lt;font size="3"&gt;&lt;font face="Comic Sans MS"&gt;&lt;font color="#ffffff"&gt;&lt;strong&gt;How will you learn to improve your work?&lt;br /&gt;
            &lt;/strong&gt;             &lt;/font&gt;             &lt;/font&gt;&lt;/font&gt;             &lt;br /&gt;
            &lt;font size="3" color="#ffffff"&gt;&lt;font face="Comic Sans MS"&gt;First you will read a story about improving work.&lt;/font&gt;&lt;/font&gt;&lt;br /&gt;
            &lt;font size="3" color="#ffffff"&gt;&lt;font face="Comic Sans MS"&gt;&lt;br /&gt;
            Then you will do an experiment with the cars you brought to class.&lt;br /&gt;
            &lt;/font&gt;&lt;/font&gt;&lt;br /&gt;
            &lt;font size="3" color="#ffffff"&gt;&lt;font face="Comic Sans MS"&gt;             And, finally, you will do an eToys project where you will use information from your experiment.&lt;br /&gt;
            &lt;/font&gt;&lt;/font&gt;             &lt;font size="3"&gt;&lt;font face="Comic Sans MS"&gt;             &lt;font color="#ffffff"&gt;             &lt;/font&gt;                                                    &lt;/font&gt;&lt;/font&gt;             &lt;font size="3"&gt;&lt;/font&gt;&lt;/td&gt;
            &lt;td width="100" align="left"&gt;&amp;nbsp;&lt;/td&gt;
        &lt;/tr&gt;
    &lt;/tbody&gt;
&lt;/table&gt;</content>
  <onlineInstructions></onlineInstructions>
  <offlineInstructions></offlineInstructions>
  <defineLater>false</defineLater>
  <forceOffline>false</forceOffline>
  <reflectOnActivity>false</reflectOnActivity>
  <reflectInstructions></reflectInstructions>
  <contentInUse>false</contentInUse>
  <creatorUserId>9</creatorUserId>
  <dateCreated class="sql-timestamp">2007-10-07 13:14:54.0</dateCreated>
  <dateUpdated class="sql-timestamp">2008-07-07 12:12:16.0</dateUpdated>
  <nbAttachments/>
</org.lamsfoundation.lams.tool.noticeboard.NoticeboardContent>