<org.lamsfoundation.lams.tool.noticeboard.NoticeboardContent>
  <nbContentId>2259</nbContentId>
  <title>Why this part of thinking?</title>
  <content>&lt;table width="400" cellspacing="9" cellpadding="9" border="0" style="background: rgb(248, 200, 30) none repeat scroll 0% 50%; -moz-background-clip: -moz-initial; -moz-background-origin: -moz-initial; -moz-background-inline-policy: -moz-initial;" summary=""&gt;
    &lt;tbody&gt;
        &lt;tr&gt;
            &lt;td&gt;&amp;nbsp;&lt;/td&gt;
            &lt;td&gt;&amp;nbsp;&lt;/td&gt;
        &lt;/tr&gt;
        &lt;tr&gt;
            &lt;td width="176" align="left"&gt;&amp;nbsp;&lt;img width="204" height="396" align="left" alt="Tia" src="/lams//www/secure/4028813915760eb301157a04abe7005a/Image/K456 Tia 11.gif" /&gt;&lt;/td&gt;
            &lt;td&gt;
            &lt;p&gt;&lt;font size="3"&gt;&lt;font face="Comic Sans MS"&gt;&lt;strong&gt;Why learn to make logical deductions?&lt;/strong&gt;&lt;/font&gt;&lt;/font&gt;&lt;/p&gt;
            &lt;p&gt;&lt;font size="3" face="Comic Sans MS"&gt;We learn to make logical deductions so that we can reach better conclusions. That means using logic to make sensible links between your thoughts to&amp;nbsp;finish your chain of thinking.&lt;/font&gt;&lt;/p&gt;
            &lt;p&gt;&lt;font size="3" face="Comic Sans MS"&gt;That&amp;rsquo;s very different to &lt;strong&gt;jumping &lt;/strong&gt;to conclusions, isn&amp;rsquo;t it? That&amp;rsquo;s easy, and often unwise.&lt;/font&gt;&lt;/p&gt;
            &lt;p&gt;&lt;font size="3" face="Comic Sans MS"&gt;Deductions have &lt;strong&gt;rules &lt;/strong&gt;that must be followed. Breaking these rules&amp;nbsp;means we&amp;rsquo;re &lt;strong&gt;thinking illogically&lt;/strong&gt;.&amp;nbsp;&lt;/font&gt;&lt;/p&gt;
            &lt;/td&gt;
        &lt;/tr&gt;
    &lt;/tbody&gt;
&lt;/table&gt;</content>
  <onlineInstructions></onlineInstructions>
  <offlineInstructions></offlineInstructions>
  <defineLater>false</defineLater>
  <forceOffline>false</forceOffline>
  <reflectOnActivity>false</reflectOnActivity>
  <reflectInstructions></reflectInstructions>
  <contentInUse>false</contentInUse>
  <creatorUserId>9</creatorUserId>
  <dateCreated class="sql-timestamp">2007-10-07 13:14:54.0</dateCreated>
  <dateUpdated class="sql-timestamp">2008-07-20 12:40:58.0</dateUpdated>
  <nbAttachments/>
</org.lamsfoundation.lams.tool.noticeboard.NoticeboardContent>