<org.lamsfoundation.lams.learningdesign.dto.LearningDesignDTO>
  <learningDesignID>114</learningDesignID>
  <title>K0108 Trapped</title>
  <firstActivityID>1814</firstActivityID>
  <firstActivityUIID>1</firstActivityUIID>
  <maxID>80</maxID>
  <validDesign>true</validDesign>
  <readOnly>false</readOnly>
  <editOverrideLock>false</editOverrideLock>
  <userID>9</userID>
  <copyTypeID>1</copyTypeID>
  <createDateTime class="sql-timestamp">2008-07-16 15:37:32.0</createDateTime>
  <version>2.0.4</version>
  <designVersion>1</designVersion>
  <workspaceFolderID>52</workspaceFolderID>
  <lastModifiedDateTime class="sql-timestamp">2008-07-03 10:35:40.0</lastModifiedDateTime>
  <contentFolderID>4028813915760eb301157a04abe7005a</contentFolderID>
  <groupings/>
  <activities>
    <org.lamsfoundation.lams.learningdesign.dto.AuthoringActivityDTO>
      <activityID>1814</activityID>
      <activityUIID>1</activityUIID>
      <description>Tool for displaying HTML content including external sources such as images and other media.</description>
      <activityTitle>Introduction</activityTitle>
      <helpText>Displays formatted text and links to external sources on a read only page.</helpText>
      <helpURL>http://wiki.lamsfoundation.org/display/lamsdocs/lanb11</helpURL>
      <xCoord>18</xCoord>
      <yCoord>41</yCoord>
      <activityTypeID>1</activityTypeID>
      <defineLater>false</defineLater>
      <learningDesignID>114</learningDesignID>
      <createDateTime class="sql-timestamp">2007-10-29 20:46:49.0</createDateTime>
      <runOffline>false</runOffline>
      <toolSignature>lanb11</toolSignature>
      <toolID>2</toolID>
      <toolContentID>2073</toolContentID>
      <toolDisplayName>NoticeboardX</toolDisplayName>
      <toolVersion>20070524</toolVersion>
      <authoringURL>tool/lanb11/authoring.do</authoringURL>
      <monitoringURL>tool/lanb11/monitoring.do</monitoringURL>
      <activityCategoryID>4</activityCategoryID>
      <applyGrouping>false</applyGrouping>
      <groupingSupportType>2</groupingSupportType>
      <libraryActivityUIImage>tool/lanb11/images/icon_htmlnb.swf</libraryActivityUIImage>
      <readOnly>false</readOnly>
      <initialised>false</initialised>
    </org.lamsfoundation.lams.learningdesign.dto.AuthoringActivityDTO>
    <org.lamsfoundation.lams.learningdesign.dto.AuthoringActivityDTO>
      <activityID>1815</activityID>
      <activityUIID>2</activityUIID>
      <description>Tool for displaying HTML content including external sources such as images and other media.</description>
      <activityTitle>Motivation 1</activityTitle>
      <helpText>Displays formatted text and links to external sources on a read only page.</helpText>
      <helpURL>http://wiki.lamsfoundation.org/display/lamsdocs/lanb11</helpURL>
      <xCoord>168</xCoord>
      <yCoord>41</yCoord>
      <activityTypeID>1</activityTypeID>
      <defineLater>false</defineLater>
      <learningDesignID>114</learningDesignID>
      <createDateTime class="sql-timestamp">2007-10-29 20:46:49.0</createDateTime>
      <runOffline>false</runOffline>
      <toolSignature>lanb11</toolSignature>
      <toolID>2</toolID>
      <toolContentID>2074</toolContentID>
      <toolDisplayName>NoticeboardX</toolDisplayName>
      <toolVersion>20070524</toolVersion>
      <authoringURL>tool/lanb11/authoring.do</authoringURL>
      <monitoringURL>tool/lanb11/monitoring.do</monitoringURL>
      <activityCategoryID>4</activityCategoryID>
      <applyGrouping>false</applyGrouping>
      <groupingSupportType>2</groupingSupportType>
      <libraryActivityUIImage>tool/lanb11/images/icon_htmlnb.swf</libraryActivityUIImage>
      <readOnly>false</readOnly>
      <initialised>false</initialised>
    </org.lamsfoundation.lams.learningdesign.dto.AuthoringActivityDTO>
    <org.lamsfoundation.lams.learningdesign.dto.AuthoringActivityDTO>
      <activityID>1816</activityID>
      <activityUIID>10</activityUIID>
      <description>Tool for displaying HTML content including external sources such as images and other media.</description>
      <activityTitle>Lesson Route Map</activityTitle>
      <helpText>Displays formatted text and links to external sources on a read only page.</helpText>
      <helpURL>http://wiki.lamsfoundation.org/display/lamsdocs/lanb11</helpURL>
      <xCoord>317</xCoord>
      <yCoord>42</yCoord>
      <activityTypeID>1</activityTypeID>
      <defineLater>false</defineLater>
      <learningDesignID>114</learningDesignID>
      <createDateTime class="sql-timestamp">2007-10-29 20:46:49.0</createDateTime>
      <runOffline>false</runOffline>
      <toolSignature>lanb11</toolSignature>
      <toolID>2</toolID>
      <toolContentID>2075</toolContentID>
      <toolDisplayName>NoticeboardX</toolDisplayName>
      <toolVersion>20070524</toolVersion>
      <authoringURL>tool/lanb11/authoring.do</authoringURL>
      <monitoringURL>tool/lanb11/monitoring.do</monitoringURL>
      <activityCategoryID>4</activityCategoryID>
      <applyGrouping>false</applyGrouping>
      <groupingSupportType>2</groupingSupportType>
      <libraryActivityUIImage>tool/lanb11/images/icon_htmlnb.swf</libraryActivityUIImage>
      <readOnly>false</readOnly>
      <initialised>false</initialised>
    </org.lamsfoundation.lams.learningdesign.dto.AuthoringActivityDTO>
    <org.lamsfoundation.lams.learningdesign.dto.AuthoringActivityDTO>
      <activityID>1817</activityID>
      <activityUIID>12</activityUIID>
      <description>Tool for displaying HTML content including external sources such as images and other media.</description>
      <activityTitle>Lesson Outcome</activityTitle>
      <helpText>Displays formatted text and links to external sources on a read only page.</helpText>
      <helpURL>http://wiki.lamsfoundation.org/display/lamsdocs/lanb11</helpURL>
      <xCoord>466</xCoord>
      <yCoord>43</yCoord>
      <activityTypeID>1</activityTypeID>
      <defineLater>false</defineLater>
      <learningDesignID>114</learningDesignID>
      <createDateTime class="sql-timestamp">2007-10-29 20:46:49.0</createDateTime>
      <runOffline>false</runOffline>
      <toolSignature>lanb11</toolSignature>
      <toolID>2</toolID>
      <toolContentID>2076</toolContentID>
      <toolDisplayName>NoticeboardX</toolDisplayName>
      <toolVersion>20070524</toolVersion>
      <authoringURL>tool/lanb11/authoring.do</authoringURL>
      <monitoringURL>tool/lanb11/monitoring.do</monitoringURL>
      <activityCategoryID>4</activityCategoryID>
      <applyGrouping>false</applyGrouping>
      <groupingSupportType>2</groupingSupportType>
      <libraryActivityUIImage>tool/lanb11/images/icon_htmlnb.swf</libraryActivityUIImage>
      <readOnly>false</readOnly>
      <initialised>false</initialised>
    </org.lamsfoundation.lams.learningdesign.dto.AuthoringActivityDTO>
    <org.lamsfoundation.lams.learningdesign.dto.AuthoringActivityDTO>
      <activityID>1818</activityID>
      <activityUIID>14</activityUIID>
      <description>Sharing resource with others.</description>
      <activityTitle>Story</activityTitle>
      <helpText>Uploading your resources to share with others.</helpText>
      <helpURL>http://wiki.lamsfoundation.org/display/lamsdocs/larsrc11</helpURL>
      <xCoord>19</xCoord>
      <yCoord>174</yCoord>
      <activityTypeID>1</activityTypeID>
      <defineLater>false</defineLater>
      <learningDesignID>114</learningDesignID>
      <createDateTime class="sql-timestamp">2007-10-29 20:46:49.0</createDateTime>
      <runOffline>false</runOffline>
      <toolSignature>larsrc11</toolSignature>
      <toolID>6</toolID>
      <toolContentID>2077</toolContentID>
      <toolDisplayName>Shared Resources</toolDisplayName>
      <toolVersion>20070524</toolVersion>
      <authoringURL>tool/larsrc11/authoring/start.do</authoringURL>
      <monitoringURL>tool/larsrc11/monitoring/summary.do</monitoringURL>
      <contributeURL>tool/larsrc11/contribute.do</contributeURL>
      <moderationURL>tool/larsrc11/moderate.do</moderationURL>
      <activityCategoryID>4</activityCategoryID>
      <applyGrouping>false</applyGrouping>
      <groupingSupportType>2</groupingSupportType>
      <libraryActivityUIImage>tool/larsrc11/images/icon_rsrc.swf</libraryActivityUIImage>
      <readOnly>false</readOnly>
      <initialised>false</initialised>
    </org.lamsfoundation.lams.learningdesign.dto.AuthoringActivityDTO>
    <org.lamsfoundation.lams.learningdesign.dto.AuthoringActivityDTO>
      <activityID>1819</activityID>
      <activityUIID>16</activityUIID>
      <description>Each learner answers question(s) and then sees answers from all learners collated on the next page.</description>
      <activityTitle>Story Crunch</activityTitle>
      <helpText>Each learner answers one or more questions in short answer format and then sees answers from all learners collated on the next page.</helpText>
      <helpURL>http://wiki.lamsfoundation.org/display/lamsdocs/laqa11</helpURL>
      <xCoord>167</xCoord>
      <yCoord>174</yCoord>
      <activityTypeID>1</activityTypeID>
      <defineLater>false</defineLater>
      <learningDesignID>114</learningDesignID>
      <createDateTime class="sql-timestamp">2007-10-29 20:46:49.0</createDateTime>
      <runOffline>false</runOffline>
      <toolSignature>laqa11</toolSignature>
      <toolID>3</toolID>
      <toolContentID>2078</toolContentID>
      <toolDisplayName>Question and Answer</toolDisplayName>
      <toolVersion>20070524</toolVersion>
      <authoringURL>tool/laqa11/authoringStarter.do</authoringURL>
      <monitoringURL>tool/laqa11/monitoringStarter.do</monitoringURL>
      <contributeURL>tool/laqa11/monitoringStarter.do</contributeURL>
      <moderationURL>tool/laqa11/monitoringStarter.do</moderationURL>
      <activityCategoryID>6</activityCategoryID>
      <applyGrouping>false</applyGrouping>
      <groupingSupportType>2</groupingSupportType>
      <libraryActivityUIImage>tool/laqa11/images/icon_questionanswer.swf</libraryActivityUIImage>
      <readOnly>false</readOnly>
      <initialised>false</initialised>
    </org.lamsfoundation.lams.learningdesign.dto.AuthoringActivityDTO>
    <org.lamsfoundation.lams.learningdesign.dto.AuthoringActivityDTO>
      <activityID>1820</activityID>
      <activityUIID>23</activityUIID>
      <description>Tool for displaying HTML content including external sources such as images and other media.</description>
      <activityTitle>Motivation 3</activityTitle>
      <helpText>Displays formatted text and links to external sources on a read only page.</helpText>
      <helpURL>http://wiki.lamsfoundation.org/display/lamsdocs/lanb11</helpURL>
      <xCoord>15</xCoord>
      <yCoord>322</yCoord>
      <activityTypeID>1</activityTypeID>
      <defineLater>false</defineLater>
      <learningDesignID>114</learningDesignID>
      <createDateTime class="sql-timestamp">2007-10-29 20:46:49.0</createDateTime>
      <runOffline>false</runOffline>
      <toolSignature>lanb11</toolSignature>
      <toolID>2</toolID>
      <toolContentID>2079</toolContentID>
      <toolDisplayName>NoticeboardX</toolDisplayName>
      <toolVersion>20070524</toolVersion>
      <authoringURL>tool/lanb11/authoring.do</authoringURL>
      <monitoringURL>tool/lanb11/monitoring.do</monitoringURL>
      <activityCategoryID>4</activityCategoryID>
      <applyGrouping>false</applyGrouping>
      <groupingSupportType>2</groupingSupportType>
      <libraryActivityUIImage>tool/lanb11/images/icon_htmlnb.swf</libraryActivityUIImage>
      <readOnly>false</readOnly>
      <initialised>false</initialised>
    </org.lamsfoundation.lams.learningdesign.dto.AuthoringActivityDTO>
    <org.lamsfoundation.lams.learningdesign.dto.AuthoringActivityDTO>
      <activityID>1821</activityID>
      <activityUIID>25</activityUIID>
      <description>Tool for displaying HTML content including external sources such as images and other media.</description>
      <activityTitle>Contexts</activityTitle>
      <helpText>Displays formatted text and links to external sources on a read only page.</helpText>
      <helpURL>http://wiki.lamsfoundation.org/display/lamsdocs/lanb11</helpURL>
      <xCoord>165</xCoord>
      <yCoord>320</yCoord>
      <activityTypeID>1</activityTypeID>
      <defineLater>false</defineLater>
      <learningDesignID>114</learningDesignID>
      <createDateTime class="sql-timestamp">2007-10-29 20:46:49.0</createDateTime>
      <runOffline>false</runOffline>
      <toolSignature>lanb11</toolSignature>
      <toolID>2</toolID>
      <toolContentID>2080</toolContentID>
      <toolDisplayName>NoticeboardX</toolDisplayName>
      <toolVersion>20070524</toolVersion>
      <authoringURL>tool/lanb11/authoring.do</authoringURL>
      <monitoringURL>tool/lanb11/monitoring.do</monitoringURL>
      <activityCategoryID>4</activityCategoryID>
      <applyGrouping>false</applyGrouping>
      <groupingSupportType>2</groupingSupportType>
      <libraryActivityUIImage>tool/lanb11/images/icon_htmlnb.swf</libraryActivityUIImage>
      <readOnly>false</readOnly>
      <initialised>false</initialised>
    </org.lamsfoundation.lams.learningdesign.dto.AuthoringActivityDTO>
    <org.lamsfoundation.lams.learningdesign.dto.AuthoringActivityDTO>
      <activityID>1822</activityID>
      <activityUIID>35</activityUIID>
      <description>Tool for displaying HTML content including external sources such as images and other media.</description>
      <activityTitle>eToys Prep</activityTitle>
      <helpText>Displays formatted text and links to external sources on a read only page.</helpText>
      <helpURL>http://wiki.lamsfoundation.org/display/lamsdocs/lanb11</helpURL>
      <xCoord>15</xCoord>
      <yCoord>482</yCoord>
      <activityTypeID>1</activityTypeID>
      <defineLater>false</defineLater>
      <learningDesignID>114</learningDesignID>
      <createDateTime class="sql-timestamp">2007-10-29 20:46:49.0</createDateTime>
      <runOffline>false</runOffline>
      <toolSignature>lanb11</toolSignature>
      <toolID>2</toolID>
      <toolContentID>2081</toolContentID>
      <toolDisplayName>NoticeboardX</toolDisplayName>
      <toolVersion>20070524</toolVersion>
      <authoringURL>tool/lanb11/authoring.do</authoringURL>
      <monitoringURL>tool/lanb11/monitoring.do</monitoringURL>
      <activityCategoryID>4</activityCategoryID>
      <applyGrouping>false</applyGrouping>
      <groupingSupportType>2</groupingSupportType>
      <libraryActivityUIImage>tool/lanb11/images/icon_htmlnb.swf</libraryActivityUIImage>
      <readOnly>false</readOnly>
      <initialised>false</initialised>
    </org.lamsfoundation.lams.learningdesign.dto.AuthoringActivityDTO>
    <org.lamsfoundation.lams.learningdesign.dto.AuthoringActivityDTO>
      <activityID>1823</activityID>
      <activityUIID>64</activityUIID>
      <description>Each learner answers question(s) and then sees answers from all learners collated on the next page.</description>
      <activityTitle>Story Crunch 2</activityTitle>
      <helpText>Each learner answers one or more questions in short answer format and then sees answers from all learners collated on the next page.</helpText>
      <helpURL>http://wiki.lamsfoundation.org/display/lamsdocs/laqa11</helpURL>
      <xCoord>312</xCoord>
      <yCoord>174</yCoord>
      <activityTypeID>1</activityTypeID>
      <defineLater>false</defineLater>
      <learningDesignID>114</learningDesignID>
      <learningLibraryID>3</learningLibraryID>
      <createDateTime class="sql-timestamp">2007-06-04 14:45:49.0</createDateTime>
      <runOffline>false</runOffline>
      <toolSignature>laqa11</toolSignature>
      <toolID>3</toolID>
      <toolContentID>2082</toolContentID>
      <toolDisplayName>Question and Answer</toolDisplayName>
      <toolVersion>20070524</toolVersion>
      <authoringURL>tool/laqa11/authoringStarter.do</authoringURL>
      <monitoringURL>tool/laqa11/monitoringStarter.do</monitoringURL>
      <contributeURL>tool/laqa11/monitoringStarter.do</contributeURL>
      <moderationURL>tool/laqa11/monitoringStarter.do</moderationURL>
      <activityCategoryID>6</activityCategoryID>
      <applyGrouping>false</applyGrouping>
      <groupingSupportType>2</groupingSupportType>
      <libraryActivityUIImage>tool/laqa11/images/icon_questionanswer.swf</libraryActivityUIImage>
      <readOnly>false</readOnly>
      <initialised>false</initialised>
    </org.lamsfoundation.lams.learningdesign.dto.AuthoringActivityDTO>
    <org.lamsfoundation.lams.learningdesign.dto.AuthoringActivityDTO>
      <activityID>1824</activityID>
      <activityUIID>65</activityUIID>
      <description>Each learner answers question(s) and then sees answers from all learners collated on the next page.</description>
      <activityTitle>Story Crunch 4</activityTitle>
      <helpText>Each learner answers one or more questions in short answer format and then sees answers from all learners collated on the next page.</helpText>
      <helpURL>http://wiki.lamsfoundation.org/display/lamsdocs/laqa11</helpURL>
      <xCoord>608</xCoord>
      <yCoord>175</yCoord>
      <activityTypeID>1</activityTypeID>
      <defineLater>false</defineLater>
      <learningDesignID>114</learningDesignID>
      <learningLibraryID>3</learningLibraryID>
      <createDateTime class="sql-timestamp">2007-06-04 14:45:49.0</createDateTime>
      <runOffline>false</runOffline>
      <toolSignature>laqa11</toolSignature>
      <toolID>3</toolID>
      <toolContentID>2083</toolContentID>
      <toolDisplayName>Question and Answer</toolDisplayName>
      <toolVersion>20070524</toolVersion>
      <authoringURL>tool/laqa11/authoringStarter.do</authoringURL>
      <monitoringURL>tool/laqa11/monitoringStarter.do</monitoringURL>
      <contributeURL>tool/laqa11/monitoringStarter.do</contributeURL>
      <moderationURL>tool/laqa11/monitoringStarter.do</moderationURL>
      <activityCategoryID>6</activityCategoryID>
      <applyGrouping>false</applyGrouping>
      <groupingSupportType>2</groupingSupportType>
      <libraryActivityUIImage>tool/laqa11/images/icon_questionanswer.swf</libraryActivityUIImage>
      <readOnly>false</readOnly>
      <initialised>false</initialised>
    </org.lamsfoundation.lams.learningdesign.dto.AuthoringActivityDTO>
    <org.lamsfoundation.lams.learningdesign.dto.AuthoringActivityDTO>
      <activityID>1825</activityID>
      <activityUIID>73</activityUIID>
      <description>Each learner answers question(s) and then sees answers from all learners collated on the next page.</description>
      <activityTitle>Story Crunch 3</activityTitle>
      <helpText>Each learner answers one or more questions in short answer format and then sees answers from all learners collated on the next page.</helpText>
      <helpURL>http://wiki.lamsfoundation.org/display/lamsdocs/laqa11</helpURL>
      <xCoord>458</xCoord>
      <yCoord>175</yCoord>
      <activityTypeID>1</activityTypeID>
      <defineLater>false</defineLater>
      <learningDesignID>114</learningDesignID>
      <learningLibraryID>3</learningLibraryID>
      <createDateTime class="sql-timestamp">2007-06-04 14:45:49.0</createDateTime>
      <runOffline>false</runOffline>
      <toolSignature>laqa11</toolSignature>
      <toolID>3</toolID>
      <toolContentID>2084</toolContentID>
      <toolDisplayName>Question and Answer</toolDisplayName>
      <toolVersion>20070524</toolVersion>
      <authoringURL>tool/laqa11/authoringStarter.do</authoringURL>
      <monitoringURL>tool/laqa11/monitoringStarter.do</monitoringURL>
      <contributeURL>tool/laqa11/monitoringStarter.do</contributeURL>
      <moderationURL>tool/laqa11/monitoringStarter.do</moderationURL>
      <activityCategoryID>6</activityCategoryID>
      <applyGrouping>false</applyGrouping>
      <groupingSupportType>2</groupingSupportType>
      <libraryActivityUIImage>tool/laqa11/images/icon_questionanswer.swf</libraryActivityUIImage>
      <readOnly>false</readOnly>
      <initialised>false</initialised>
    </org.lamsfoundation.lams.learningdesign.dto.AuthoringActivityDTO>
  </activities>
  <transitions>
    <org.lamsfoundation.lams.learningdesign.dto.TransitionDTO>
      <transitionID>1709</transitionID>
      <transitionUIID>20</transitionUIID>
      <toUIID>16</toUIID>
      <fromUIID>14</fromUIID>
      <createDateTime class="sql-timestamp">2008-07-16 15:37:33.0</createDateTime>
      <toActivityID>1819</toActivityID>
      <fromActivityID>1818</fromActivityID>
      <learningDesignID>114</learningDesignID>
    </org.lamsfoundation.lams.learningdesign.dto.TransitionDTO>
    <org.lamsfoundation.lams.learningdesign.dto.TransitionDTO>
      <transitionID>1711</transitionID>
      <transitionUIID>79</transitionUIID>
      <toUIID>35</toUIID>
      <fromUIID>25</fromUIID>
      <createDateTime class="sql-timestamp">2008-07-16 15:37:33.0</createDateTime>
      <toActivityID>1822</toActivityID>
      <fromActivityID>1821</fromActivityID>
      <learningDesignID>114</learningDesignID>
    </org.lamsfoundation.lams.learningdesign.dto.TransitionDTO>
    <org.lamsfoundation.lams.learningdesign.dto.TransitionDTO>
      <transitionID>1716</transitionID>
      <transitionUIID>75</transitionUIID>
      <toUIID>65</toUIID>
      <fromUIID>73</fromUIID>
      <createDateTime class="sql-timestamp">2008-07-16 15:37:33.0</createDateTime>
      <toActivityID>1824</toActivityID>
      <fromActivityID>1825</fromActivityID>
      <learningDesignID>114</learningDesignID>
    </org.lamsfoundation.lams.learningdesign.dto.TransitionDTO>
    <org.lamsfoundation.lams.learningdesign.dto.TransitionDTO>
      <transitionID>1715</transitionID>
      <transitionUIID>27</transitionUIID>
      <toUIID>25</toUIID>
      <fromUIID>23</fromUIID>
      <createDateTime class="sql-timestamp">2008-07-16 15:37:33.0</createDateTime>
      <toActivityID>1821</toActivityID>
      <fromActivityID>1820</fromActivityID>
      <learningDesignID>114</learningDesignID>
    </org.lamsfoundation.lams.learningdesign.dto.TransitionDTO>
    <org.lamsfoundation.lams.learningdesign.dto.TransitionDTO>
      <transitionID>1718</transitionID>
      <transitionUIID>76</transitionUIID>
      <toUIID>23</toUIID>
      <fromUIID>65</fromUIID>
      <createDateTime class="sql-timestamp">2008-07-16 15:37:33.0</createDateTime>
      <toActivityID>1820</toActivityID>
      <fromActivityID>1824</fromActivityID>
      <learningDesignID>114</learningDesignID>
    </org.lamsfoundation.lams.learningdesign.dto.TransitionDTO>
    <org.lamsfoundation.lams.learningdesign.dto.TransitionDTO>
      <transitionID>1713</transitionID>
      <transitionUIID>66</transitionUIID>
      <toUIID>64</toUIID>
      <fromUIID>16</fromUIID>
      <createDateTime class="sql-timestamp">2008-07-16 15:37:33.0</createDateTime>
      <toActivityID>1823</toActivityID>
      <fromActivityID>1819</fromActivityID>
      <learningDesignID>114</learningDesignID>
    </org.lamsfoundation.lams.learningdesign.dto.TransitionDTO>
    <org.lamsfoundation.lams.learningdesign.dto.TransitionDTO>
      <transitionID>1708</transitionID>
      <transitionUIID>74</transitionUIID>
      <toUIID>73</toUIID>
      <fromUIID>64</fromUIID>
      <createDateTime class="sql-timestamp">2008-07-16 15:37:33.0</createDateTime>
      <toActivityID>1825</toActivityID>
      <fromActivityID>1823</fromActivityID>
      <learningDesignID>114</learningDesignID>
    </org.lamsfoundation.lams.learningdesign.dto.TransitionDTO>
    <org.lamsfoundation.lams.learningdesign.dto.TransitionDTO>
      <transitionID>1710</transitionID>
      <transitionUIID>15</transitionUIID>
      <toUIID>14</toUIID>
      <fromUIID>12</fromUIID>
      <createDateTime class="sql-timestamp">2008-07-16 15:37:33.0</createDateTime>
      <toActivityID>1818</toActivityID>
      <fromActivityID>1817</fromActivityID>
      <learningDesignID>114</learningDesignID>
    </org.lamsfoundation.lams.learningdesign.dto.TransitionDTO>
    <org.lamsfoundation.lams.learningdesign.dto.TransitionDTO>
      <transitionID>1714</transitionID>
      <transitionUIID>53</transitionUIID>
      <toUIID>10</toUIID>
      <fromUIID>2</fromUIID>
      <createDateTime class="sql-timestamp">2008-07-16 15:37:33.0</createDateTime>
      <toActivityID>1816</toActivityID>
      <fromActivityID>1815</fromActivityID>
      <learningDesignID>114</learningDesignID>
    </org.lamsfoundation.lams.learningdesign.dto.TransitionDTO>
    <org.lamsfoundation.lams.learningdesign.dto.TransitionDTO>
      <transitionID>1717</transitionID>
      <transitionUIID>3</transitionUIID>
      <toUIID>2</toUIID>
      <fromUIID>1</fromUIID>
      <createDateTime class="sql-timestamp">2008-07-16 15:37:33.0</createDateTime>
      <toActivityID>1815</toActivityID>
      <fromActivityID>1814</fromActivityID>
      <learningDesignID>114</learningDesignID>
    </org.lamsfoundation.lams.learningdesign.dto.TransitionDTO>
    <org.lamsfoundation.lams.learningdesign.dto.TransitionDTO>
      <transitionID>1712</transitionID>
      <transitionUIID>13</transitionUIID>
      <toUIID>12</toUIID>
      <fromUIID>10</fromUIID>
      <createDateTime class="sql-timestamp">2008-07-16 15:37:33.0</createDateTime>
      <toActivityID>1817</toActivityID>
      <fromActivityID>1816</fromActivityID>
      <learningDesignID>114</learningDesignID>
    </org.lamsfoundation.lams.learningdesign.dto.TransitionDTO>
  </transitions>
</org.lamsfoundation.lams.learningdesign.dto.LearningDesignDTO>