<org.lamsfoundation.lams.tool.noticeboard.NoticeboardContent>
  <nbContentId>2011</nbContentId>
  <title>Thinking past stage one</title>
  <content>&lt;table width="400" cellspacing="9" cellpadding="9" border="0" align="" summary="" style="background: rgb(248, 200, 30) none repeat scroll 0% 50%; -moz-background-clip: -moz-initial; -moz-background-origin: -moz-initial; -moz-background-inline-policy: -moz-initial;"&gt;
    &lt;tbody&gt;
        &lt;tr&gt;
            &lt;td align="center" colspan="2"&gt;&lt;img width="500" height="71" src="/lams//www/secure/4028813915760eb301157a04abe7005a/Image/MushroomEffect.gif" alt="" /&gt;&amp;nbsp;&amp;nbsp;&lt;/td&gt;
        &lt;/tr&gt;
        &lt;tr&gt;
            &lt;td width="176" align="left"&gt;&amp;nbsp;&lt;img width="173" height="337" align="left" src="/lams//www/secure/4028813915760eb301157a04abe7005a/Image/K456 Tia 11.gif" alt="Tia" /&gt;&lt;/td&gt;
            &lt;td&gt;&amp;nbsp;&lt;br /&gt;
            &lt;font size="3"&gt;&lt;font face="Comic Sans MS"&gt;This Kusasa module is about &lt;strong&gt;thinking past stage one&lt;/strong&gt;.&lt;/font&gt;&lt;font face="Comic Sans MS"&gt;&lt;br /&gt;
            &lt;br /&gt;
            So what does it mean to &lt;strong&gt;think past stage one&lt;/strong&gt;? It means thinking about the &lt;span style="font-weight: bold;"&gt;effects&lt;/span&gt; of things.&lt;br /&gt;
            &lt;br /&gt;
            &lt;/font&gt;&lt;/font&gt;&lt;font size="3"&gt;&lt;font face="Comic Sans MS"&gt;Everything you do has effects. For example, imagine that you finish a whole tub of chocolate ice cream. Why? Because it&amp;rsquo;s delicious, that&amp;rsquo;s why! The delicious flavour is what I&amp;rsquo;d call stage one of eating all the ice cream. &lt;br /&gt;
            &lt;br /&gt;
            What happens after you finish the ice cream? What effects will your action have? Firstly, you&amp;rsquo;ll probably get an ice cream headache. Secondly, you&amp;rsquo;ll probably get very sick. And thirdly, when your mom finds out, you&amp;rsquo;ll probably get in trouble.&lt;br /&gt;
            &lt;br /&gt;
            Of course, you should have thought about all these &lt;span style="font-weight: bold;"&gt;effects&lt;/span&gt; before you ate the ice cream. That would be &lt;span style="font-weight: bold;"&gt;thinking past stage one.&lt;/span&gt;&lt;br /&gt;
            &lt;br /&gt;
            &lt;/font&gt;&lt;/font&gt;&lt;font size="3"&gt;&lt;font face="Comic Sans MS"&gt;             Ready for the next page? Just click [Finish] below...&lt;/font&gt;&lt;/font&gt;&lt;/td&gt;
        &lt;/tr&gt;
    &lt;/tbody&gt;
&lt;/table&gt;</content>
  <onlineInstructions></onlineInstructions>
  <offlineInstructions></offlineInstructions>
  <defineLater>false</defineLater>
  <forceOffline>false</forceOffline>
  <reflectOnActivity>false</reflectOnActivity>
  <reflectInstructions></reflectInstructions>
  <contentInUse>false</contentInUse>
  <creatorUserId>9</creatorUserId>
  <dateCreated class="sql-timestamp">2007-10-07 13:14:54.0</dateCreated>
  <dateUpdated class="sql-timestamp">2008-07-07 15:35:13.0</dateUpdated>
  <nbAttachments/>
</org.lamsfoundation.lams.tool.noticeboard.NoticeboardContent>