<org.lamsfoundation.lams.tool.noticeboard.NoticeboardContent>
  <nbContentId>2258</nbContentId>
  <title>Welcome to Kusasa!</title>
  <content>&lt;table width="400" cellspacing="9" cellpadding="9" border="0" style="background: rgb(248, 200, 30) none repeat scroll 0% 50%; -moz-background-clip: -moz-initial; -moz-background-origin: -moz-initial; -moz-background-inline-policy: -moz-initial;" summary=""&gt;
    &lt;tbody&gt;
        &lt;tr&gt;
            &lt;td align="center" colspan="2"&gt;&lt;font size="3"&gt;&lt;img width="500" height="71" align="middle" alt="" src="/lams//www/secure/4028813915760eb301157a04abe7005a/Image/K0206BannerDiamon.gif" /&gt;&amp;nbsp;&amp;nbsp;&lt;/font&gt;&lt;/td&gt;
        &lt;/tr&gt;
        &lt;tr&gt;
            &lt;td width="176" align="left"&gt;&lt;font size="3"&gt;&amp;nbsp;&lt;img width="217" height="396" align="left" alt="Tia" src="/lams//www/secure/4028813915760eb301157a04abe7005a/Image/K456 Tia 09.gif" /&gt;&lt;/font&gt;&lt;/td&gt;
            &lt;td&gt;
            &lt;p&gt;&lt;font size="3" face="Comic Sans MS"&gt;This Kusasa module is about &lt;strong&gt;making logical deductions&lt;/strong&gt;.&lt;/font&gt;&lt;/p&gt;
            &lt;p&gt;&lt;font size="3" face="Comic Sans MS"&gt;&amp;rsquo;Deductions&amp;rsquo; are similar to&amp;nbsp;&amp;rsquo;conclusions&amp;rsquo;. You make conclusions all the time.&amp;nbsp;When you open your lunch box and the smell makes your mouth water, you might &lt;strong&gt;conclude&lt;/strong&gt; that the food must be good - and you must be hungry.&amp;nbsp;&amp;nbsp;&amp;nbsp;&amp;nbsp;&amp;nbsp;&lt;/font&gt;&lt;/p&gt;
            &lt;p&gt;&lt;font size="3" face="Comic Sans MS"&gt;The difference between conclusions and deductions is that &amp;rsquo;conclusions&amp;rsquo; are normally the final step in your thinking - the last link in a chain of thinking. Deductions are the links in the chain that lead you &lt;strong&gt;towards&lt;/strong&gt; a conclusion.&amp;nbsp;&lt;/font&gt;&lt;/p&gt;
            &lt;p&gt;&lt;font size="3" face="Comic Sans MS"&gt;For example, you could open your lunchbox and see that is empty.&amp;nbsp;This might make you &lt;strong&gt;deduce&lt;/strong&gt; that your food has been stolen... but you haven&amp;rsquo;t&amp;nbsp;finished thinking about it, have you?&amp;nbsp;&amp;nbsp;&amp;nbsp;&amp;nbsp;&amp;nbsp;&lt;/font&gt;&lt;/p&gt;
            &lt;p&gt;&lt;font size="3" face="Comic Sans MS"&gt;Ready for the next page? just click [Finish] below...&amp;nbsp;&lt;/font&gt;&lt;/p&gt;
            &lt;p&gt;&lt;font size="3" face="Comic Sans MS"&gt;&lt;br /&gt;
            &lt;/font&gt;&lt;/p&gt;
            &lt;p&gt;&lt;font size="3" face="Comic Sans MS"&gt;&lt;/font&gt;&lt;font face="Comic Sans MS"&gt;&lt;/font&gt;&lt;/p&gt;
            &lt;p&gt;&amp;nbsp;&lt;/p&gt;
            &lt;/td&gt;
        &lt;/tr&gt;
    &lt;/tbody&gt;
&lt;/table&gt;</content>
  <onlineInstructions></onlineInstructions>
  <offlineInstructions></offlineInstructions>
  <defineLater>false</defineLater>
  <forceOffline>false</forceOffline>
  <reflectOnActivity>false</reflectOnActivity>
  <reflectInstructions></reflectInstructions>
  <contentInUse>false</contentInUse>
  <creatorUserId>9</creatorUserId>
  <dateCreated class="sql-timestamp">2007-10-07 13:14:54.0</dateCreated>
  <dateUpdated class="sql-timestamp">2008-07-20 12:40:28.0</dateUpdated>
  <nbAttachments/>
</org.lamsfoundation.lams.tool.noticeboard.NoticeboardContent>