<org.lamsfoundation.lams.tool.noticeboard.NoticeboardContent>
  <nbContentId>2175</nbContentId>
  <title>Welcome to Kusasa!</title>
  <content>&lt;table width="400" cellspacing="9" cellpadding="9" border="0" style="background: rgb(248, 200, 30) none repeat scroll 0% 50%; -moz-background-clip: -moz-initial; -moz-background-origin: -moz-initial; -moz-background-inline-policy: -moz-initial;" summary=""&gt;
    &lt;tbody&gt;
        &lt;tr&gt;
            &lt;td align="center" colspan="2"&gt;&lt;font size="3"&gt;&lt;img height="71" width="500" align="middle" alt="" src="/lams//www/secure/4028813915760eb301157a04abe7005a/Image/k0202BannerBeach.gif" /&gt;&amp;nbsp;&amp;nbsp;&lt;/font&gt;&lt;/td&gt;
        &lt;/tr&gt;
        &lt;tr&gt;
            &lt;td width="176" align="left"&gt;&lt;font size="3"&gt;&amp;nbsp;&lt;img height="320" width="191" align="left" alt="Tia" src="/lams//www/secure/4028813915760eb301157a04abe7005a/Image/K456 Tia 10.gif" /&gt;&lt;/font&gt;&lt;/td&gt;
            &lt;td&gt;
            &lt;p&gt;&lt;font size="3"&gt;&amp;nbsp;&lt;br /&gt;
            &lt;font face="Comic Sans MS"&gt;&lt;/font&gt;&lt;/font&gt;&lt;font face="Comic Sans MS" size="3"&gt;This Kusasa module is about &lt;strong&gt;questioning assumptions.&lt;/strong&gt;&lt;/font&gt;&lt;/p&gt;
            &lt;p&gt;&lt;font face="Comic Sans MS" size="3"&gt;It&amp;rsquo;s so easy to take things for granted. You&amp;rsquo;ve been told so many things by grownups that you&amp;rsquo;re just expected to believe. &lt;/font&gt;&lt;/p&gt;
            &lt;p&gt;&lt;font face="Comic Sans MS" size="3"&gt;But what&amp;nbsp;happens when&amp;nbsp;grownups are wrong? And believe me, grownups are wrong &lt;strong&gt;very often.&lt;/strong&gt;&lt;/font&gt;&lt;/p&gt;
            &lt;p&gt;&lt;font face="Comic Sans MS" size="3"&gt;For this reason &amp;ndash; and for many others too &amp;ndash; you have to learn to question your assumptions.&lt;/font&gt;&lt;/p&gt;
            &lt;p&gt;&lt;font face="Comic Sans MS" size="3"&gt;Ready for the next page? just click [Finish] below...&amp;nbsp;&lt;/font&gt;&lt;/p&gt;
            &lt;p&gt;&lt;font face="Comic Sans MS" size="3"&gt;&lt;br /&gt;
            &lt;/font&gt;&lt;/p&gt;
            &lt;p&gt;&lt;font face="Comic Sans MS" size="3"&gt;&lt;/font&gt;&lt;font face="Comic Sans MS"&gt;&lt;/font&gt;&lt;/p&gt;
            &lt;p&gt;&amp;nbsp;&lt;/p&gt;
            &lt;/td&gt;
        &lt;/tr&gt;
    &lt;/tbody&gt;
&lt;/table&gt;</content>
  <onlineInstructions></onlineInstructions>
  <offlineInstructions></offlineInstructions>
  <defineLater>false</defineLater>
  <forceOffline>false</forceOffline>
  <reflectOnActivity>false</reflectOnActivity>
  <reflectInstructions></reflectInstructions>
  <contentInUse>false</contentInUse>
  <creatorUserId>9</creatorUserId>
  <dateCreated class="sql-timestamp">2007-10-07 13:14:54.0</dateCreated>
  <dateUpdated class="sql-timestamp">2008-07-16 15:08:37.0</dateUpdated>
  <nbAttachments/>
</org.lamsfoundation.lams.tool.noticeboard.NoticeboardContent>