<org.lamsfoundation.lams.tool.noticeboard.NoticeboardContent>
  <nbContentId>1934</nbContentId>
  <title>Time to experiment!</title>
  <content>&lt;table width="400" cellspacing="9" cellpadding="9" border="0" align="" summary="" style="background: rgb(20, 75, 215) none repeat scroll 0% 50%; -moz-background-clip: -moz-initial; -moz-background-origin: -moz-initial; -moz-background-inline-policy: -moz-initial;"&gt;
    &lt;tbody&gt;
        &lt;tr&gt;
            &lt;td width="176" align="center"&gt;&amp;nbsp;&lt;img width="173" height="368" align="middle" alt="" src="/lams//www/secure/402881391594adaa0115a363d996005d/Image/K456 Tia 19.gif" /&gt;&lt;br /&gt;
            &lt;/td&gt;
            &lt;td width="300" align="left"&gt;&lt;font size="3"&gt;&lt;font face="Comic Sans MS"&gt;&lt;font color="#ffffff"&gt;&lt;strong&gt;How can we find out about the moon? &lt;br /&gt;
            &lt;br /&gt;
            &lt;/strong&gt;&lt;/font&gt;&lt;/font&gt;&lt;/font&gt;&lt;font size="3"&gt;&lt;font face="Comic Sans MS"&gt;&lt;font color="#ffffff"&gt;Can we really find out the truth about the moon by vote? No, of course not. By voting we can find out what we &lt;em&gt;&lt;strong&gt;believe&lt;/strong&gt;&lt;/em&gt; about the moon, but not the basic facts about the moon.&lt;br /&gt;
            &lt;br /&gt;
            To understand the phases of the moon we need to think sceptically. One way of thinking sceptically is to do an experiment.&lt;br /&gt;
            &lt;br /&gt;
            You can use a lamp or torch to represent the sun. And you can use a ball to represent the moon. What can you use for the earth? Use your head!&lt;br /&gt;
            &lt;br /&gt;
            (I mean that you should think about it. Don&amp;rsquo;t actually use your head:-) &lt;br /&gt;
            &lt;/font&gt;             &lt;/font&gt;&lt;/font&gt;&lt;font size="3"&gt;&lt;font face="Comic Sans MS"&gt;             &lt;/font&gt;&lt;/font&gt;&lt;/td&gt;
        &lt;/tr&gt;
    &lt;/tbody&gt;
&lt;/table&gt;</content>
  <onlineInstructions></onlineInstructions>
  <offlineInstructions></offlineInstructions>
  <defineLater>false</defineLater>
  <forceOffline>false</forceOffline>
  <reflectOnActivity>false</reflectOnActivity>
  <reflectInstructions></reflectInstructions>
  <contentInUse>false</contentInUse>
  <creatorUserId>9</creatorUserId>
  <dateCreated class="sql-timestamp">2007-10-16 09:52:04.0</dateCreated>
  <dateUpdated class="sql-timestamp">2008-07-07 13:28:52.0</dateUpdated>
  <nbAttachments/>
</org.lamsfoundation.lams.tool.noticeboard.NoticeboardContent>