<org.lamsfoundation.lams.tool.noticeboard.NoticeboardContent>
  <nbContentId>2355</nbContentId>
  <title>A new way of thinking</title>
  <content>&lt;table width="400" cellspacing="9" cellpadding="9" border="0" style="background: rgb(240, 156, 8) none repeat scroll 0% 50%; -moz-background-clip: -moz-initial; -moz-background-origin: -moz-initial; -moz-background-inline-policy: -moz-initial;" summary=""&gt;
    &lt;tbody&gt;
        &lt;tr&gt;
            &lt;td width="110" align="center"&gt;&amp;nbsp;&lt;img height="396" width="143" align="middle" alt="Tia" src="/lams//www/secure/4028813915760eb301157a04abe7005a/Image/K456 Tia 05.gif" /&gt;&lt;/td&gt;
            &lt;td width="300" align="left"&gt;
            &lt;p&gt;&lt;font size="3"&gt;&lt;font face="Comic Sans MS"&gt;&lt;strong&gt;So what&amp;rsquo;s so bad about irrelevant questions?&lt;/strong&gt;&lt;/font&gt;&lt;/font&gt;&lt;/p&gt;
            &lt;p&gt;&lt;font face="Comic Sans MS" size="3"&gt;We know that we should never be afraid to ask questions. &lt;br /&gt;
            &lt;/font&gt;&lt;/p&gt;
            &lt;p&gt;&lt;font face="Comic Sans MS" size="3"&gt;But sometimes we have limited time or opportunities to get&amp;nbsp;our questions&amp;nbsp;answered. Like in court! That&amp;rsquo;s why we sometimes need to&amp;nbsp;choose the &lt;strong&gt;relevant&lt;/strong&gt; questions first. And we also have to choose questions depending on whom we&amp;rsquo;re talking to. &lt;/font&gt;&lt;/p&gt;
            &lt;p&gt;&lt;font face="Comic Sans MS" size="3"&gt;So how do you tell the difference between a relevant question and an irrelevant question? Its easy really. Just ask yourself this: &lt;strong&gt;&amp;quot;What does this question have to do with my purpose?&amp;quot; &lt;/strong&gt;Your answer could be anything from, &amp;quot;Nothing at all,&amp;quot; to &amp;quot;Quite a lot, really.&amp;quot; As long as you ask whether the question is relevant or not, your brain will fill in the rest of the details.&lt;br /&gt;
            &lt;/font&gt;&lt;/p&gt;
            &lt;/td&gt;
        &lt;/tr&gt;
    &lt;/tbody&gt;
&lt;/table&gt;</content>
  <onlineInstructions></onlineInstructions>
  <offlineInstructions></offlineInstructions>
  <defineLater>false</defineLater>
  <forceOffline>false</forceOffline>
  <reflectOnActivity>false</reflectOnActivity>
  <reflectInstructions></reflectInstructions>
  <contentInUse>false</contentInUse>
  <creatorUserId>9</creatorUserId>
  <dateCreated class="sql-timestamp">2007-10-08 22:53:52.0</dateCreated>
  <dateUpdated class="sql-timestamp">2008-07-22 10:25:06.0</dateUpdated>
  <nbAttachments/>
</org.lamsfoundation.lams.tool.noticeboard.NoticeboardContent>