<org.lamsfoundation.lams.tool.noticeboard.NoticeboardContent>
  <nbContentId>2241</nbContentId>
  <title>Welcome to Kusasa!</title>
  <content>&lt;table width="400" cellspacing="9" cellpadding="9" border="0" summary="" style="background: rgb(248, 200, 30) none repeat scroll 0% 50%; -moz-background-clip: -moz-initial; -moz-background-origin: -moz-initial; -moz-background-inline-policy: -moz-initial;"&gt;
    &lt;tbody&gt;
        &lt;tr&gt;
            &lt;td align="center" colspan="2"&gt;&lt;font face="Comic Sans MS" size="3"&gt;&lt;img height="72" width="500" align="middle" src="/lams//www/secure/4028813915760eb301157a04abe7005a/Image/K0205BannerStone.gif" alt="" /&gt;&amp;nbsp;&amp;nbsp;&lt;/font&gt;&lt;/td&gt;
        &lt;/tr&gt;
        &lt;tr&gt;
            &lt;td width="176" align="left"&gt;&lt;font face="Comic Sans MS" size="3"&gt;&amp;nbsp;&lt;img height="396" width="269" align="left" src="/lams//www/secure/4028813915760eb301157a04abe7005a/Image/K456 Tia 17.gif" alt="Tia" /&gt;&lt;/font&gt;&lt;/td&gt;
            &lt;td&gt;
            &lt;p&gt;&lt;font size="3"&gt;&lt;font face="Comic Sans MS"&gt;This Kusasa module is about &lt;strong&gt;thinking about ideas.&lt;/strong&gt;&lt;/font&gt;&lt;/font&gt;&lt;/p&gt;
            &lt;p&gt;&lt;font size="3"&gt;&lt;font face="Comic Sans MS"&gt;&lt;strong&gt;Ideas&lt;/strong&gt; are not things you can see, hear, smell, taste or touch. But in many ways they are as &amp;rsquo;real&amp;rsquo; as the shoes you&amp;rsquo;re wearing.&lt;/font&gt;&lt;/font&gt;&lt;/p&gt;
            &lt;p&gt;&lt;font face="Comic Sans MS" size="3"&gt;There are many types of ideas. For example&amp;nbsp;we&amp;nbsp;refer to&amp;nbsp;games like&amp;nbsp;Soccer, Cricket and Rugby as &amp;quot;Sports&amp;quot;. This is a way for our minds to imagine&amp;nbsp;many different things and group them all under a single &lt;strong&gt;idea&lt;/strong&gt;.&lt;/font&gt;&lt;/p&gt;
            &lt;p&gt;&lt;font face="Comic Sans MS" size="3"&gt;Ready for the next page? just click [Finish] below...&amp;nbsp;&lt;/font&gt;&lt;/p&gt;
            &lt;p&gt;&lt;br /&gt;
            &lt;font face="Comic Sans MS" size="3"&gt;&lt;/font&gt;&lt;/p&gt;
            &lt;p&gt;&lt;font size="3"&gt;&lt;font face="Comic Sans MS"&gt;&lt;/font&gt;&lt;/font&gt;&lt;/p&gt;
            &lt;p&gt;&lt;font face="Comic Sans MS" size="3"&gt;&amp;nbsp;&lt;/font&gt;&lt;/p&gt;
            &lt;/td&gt;
        &lt;/tr&gt;
    &lt;/tbody&gt;
&lt;/table&gt;</content>
  <onlineInstructions></onlineInstructions>
  <offlineInstructions></offlineInstructions>
  <defineLater>false</defineLater>
  <forceOffline>false</forceOffline>
  <reflectOnActivity>false</reflectOnActivity>
  <reflectInstructions></reflectInstructions>
  <contentInUse>false</contentInUse>
  <creatorUserId>9</creatorUserId>
  <dateCreated class="sql-timestamp">2007-10-07 13:14:54.0</dateCreated>
  <dateUpdated class="sql-timestamp">2008-07-17 13:39:25.0</dateUpdated>
  <nbAttachments/>
</org.lamsfoundation.lams.tool.noticeboard.NoticeboardContent>