<org.lamsfoundation.lams.tool.qa.QaContent>
  <qaContentId>2205</qaContentId>
  <title>Story Crunch 1</title>
  <instructions>&lt;table width="400" cellspacing="9" cellpadding="9" border="0" summary="" style="background: rgb(170, 220, 2) none repeat scroll 0% 50%; -moz-background-clip: -moz-initial; -moz-background-origin: -moz-initial; -moz-background-inline-policy: -moz-initial;"&gt;
    &lt;tbody&gt;
        &lt;tr&gt;
            &lt;td width="110" align="center"&gt;&amp;nbsp;&lt;img height="320" width="152" align="middle" src="/lams//www/secure/4028813915760eb301157a04abe7005a/Image/K456 Tia 22.gif" alt="Tia" /&gt;&lt;/td&gt;
            &lt;td width="300" align="left"&gt;&lt;font size="3"&gt;&lt;font size="3"&gt;&lt;font face="Comic Sans MS"&gt;&lt;/font&gt;&lt;/font&gt;             &lt;/font&gt;
            &lt;p&gt;&lt;font size="3"&gt;&lt;strong&gt;&lt;font face="Comic Sans MS" size="3"&gt;Let&amp;rsquo;s crunch this story some more?&lt;/font&gt;&lt;/strong&gt;&lt;/font&gt;&lt;/p&gt;
            &lt;font size="3"&gt;            &lt;/font&gt;
            &lt;p&gt;&lt;font size="3"&gt;&lt;font face="Comic Sans MS" size="3"&gt;Of course it&amp;rsquo;s easy for us sitting in our nice, safe classroom to see how the Thunderbolt Kids were being deceived. Think about how different it might be for you if you were on the same beach running from monsters in the moonlight.&amp;nbsp;&lt;/font&gt;&lt;/font&gt;&lt;/p&gt;
            &lt;font size="3"&gt;            &lt;/font&gt;
            &lt;p&gt;&lt;font size="3"&gt;&lt;font face="Comic Sans MS" size="3"&gt;Here is a questions to get you crunching how you might have behaved...&lt;br /&gt;
            &lt;/font&gt;&lt;/font&gt;&lt;/p&gt;
            &lt;font size="3"&gt;            &lt;font size="3"&gt;&lt;font size="3"&gt;             &lt;/font&gt;&lt;/font&gt;&lt;/font&gt;&lt;/td&gt;
        &lt;/tr&gt;
    &lt;/tbody&gt;
&lt;/table&gt;</instructions>
  <offlineInstructions></offlineInstructions>
  <onlineInstructions></onlineInstructions>
  <createdBy>9</createdBy>
  <defineLater>false</defineLater>
  <reflect>false</reflect>
  <reflectionSubject></reflectionSubject>
  <runOffline>false</runOffline>
  <questionsSequenced>false</questionsSequenced>
  <lockWhenFinished>true</lockWhenFinished>
  <showOtherAnswers>true</showOtherAnswers>
  <usernameVisible>false</usernameVisible>
  <synchInMonitor>false</synchInMonitor>
  <contentLocked>false</contentLocked>
  <updateDate class="sql-timestamp">2008-07-16 16:54:59.0</updateDate>
  <qaQueContents class="tree-set">
    <no-comparator/>
    <org.lamsfoundation.lams.tool.qa.QaQueContent>
      <question>&lt;table width="400" cellspacing="9" cellpadding="9" border="0" summary="" style="background: rgb(170, 220, 2) none repeat scroll 0% 50%; -moz-background-clip: -moz-initial; -moz-background-origin: -moz-initial; -moz-background-inline-policy: -moz-initial;"&gt;
    &lt;tbody&gt;
        &lt;tr&gt;
            &lt;td width="110" align="center"&gt;&amp;nbsp;&lt;br /&gt;
            &lt;/td&gt;
            &lt;td width="300" align="left"&gt;
            &lt;p&gt;&lt;strong&gt;&lt;font face="Comic Sans MS" size="3"&gt;Why do you think the Thunderbolt Kids made false assumptions?&lt;/font&gt;&lt;/strong&gt;&lt;/p&gt;
            &lt;p&gt;&lt;font face="Comic Sans MS" size="3"&gt;Write down one reason that you think the Thunderbolt Kids made false assumptions on the beach.&lt;/font&gt;&lt;/p&gt;
            &lt;p&gt;&lt;font face="Comic Sans MS" size="3"&gt;Then see what your classmates think.&lt;/font&gt;&lt;/p&gt;
            &lt;p&gt;&lt;font size="3"&gt;&lt;font face="Comic Sans MS"&gt;&lt;br /&gt;
            &lt;/font&gt;&lt;/font&gt;&lt;font size="3"&gt;&lt;font size="3"&gt;&lt;/font&gt;&lt;/font&gt;&lt;/p&gt;
            &lt;/td&gt;
        &lt;/tr&gt;
    &lt;/tbody&gt;
&lt;/table&gt;</question>
      <displayOrder>1</displayOrder>
      <feedback>Let's see what everyone assumed the story was about...</feedback>
      <isOptional>false</isOptional>
    </org.lamsfoundation.lams.tool.qa.QaQueContent>
  </qaQueContents>
  <qaUploadedFiles class="tree-set">
    <no-comparator/>
  </qaUploadedFiles>
</org.lamsfoundation.lams.tool.qa.QaContent>