<org.lamsfoundation.lams.tool.noticeboard.NoticeboardContent>
  <nbContentId>2442</nbContentId>
  <title></title>
  <content>&lt;table width="400" cellspacing="9" cellpadding="9" border="0" style="background: rgb(248, 200, 30) none repeat scroll 0% 50%; -moz-background-clip: -moz-initial; -moz-background-origin: -moz-initial; -moz-background-inline-policy: -moz-initial;" summary=""&gt;
    &lt;tbody&gt;
        &lt;tr&gt;
            &lt;td align="center" colspan="2"&gt;&lt;font size="3"&gt;&lt;img height="71" width="500" align="middle" alt="" src="/lams//www/secure/4028813915760eb301157a04abe7005a/Image/K0308BannerAstrologer.gif" /&gt;&amp;nbsp;&amp;nbsp;&lt;/font&gt;&lt;/td&gt;
        &lt;/tr&gt;
        &lt;tr&gt;
            &lt;td width="176" align="left"&gt;&lt;font size="3"&gt;&amp;nbsp;&lt;img height="357" width="209" align="left" alt="Tia" src="/lams//www/secure/4028813915760eb301157a04abe7005a/Image/K456 Tia 01.gif" /&gt;&lt;/font&gt;&lt;/td&gt;
            &lt;td&gt;
            &lt;p&gt;&lt;font size="3"&gt;&lt;font face="Comic Sans MS"&gt;This Kusasa module is about the &lt;strong&gt;consequences&lt;/strong&gt; of our actions and the &lt;strong&gt;implications&lt;/strong&gt; of our thinking.&lt;/font&gt;&lt;/font&gt;&lt;/p&gt;
            &lt;p&gt;&lt;font face="Comic Sans MS" size="3"&gt;You probably understand that&amp;nbsp;your actions have consequences. If you work hard you do well, if you slack off you do... not so well. That&amp;rsquo;s called &amp;rsquo;&lt;strong&gt;cause and effect&amp;rsquo;&lt;/strong&gt; and it&amp;rsquo;s important that you know how to act to&amp;nbsp;get the results you want.&lt;/font&gt;&lt;/p&gt;
            &lt;p&gt;&lt;font face="Comic Sans MS" size="3"&gt;It&amp;rsquo;s just as important to understand that what you think&amp;nbsp;has &lt;strong&gt;implications &lt;/strong&gt;- and they work a lot like consequences. Everything you think &lt;strong&gt;implies&lt;/strong&gt; something else. &lt;/font&gt;&lt;/p&gt;
            &lt;p&gt;&lt;font face="Comic Sans MS" size="3"&gt;For instance, if you think that it&amp;rsquo;s wrong to shoplift, then you also &lt;strong&gt;have&lt;/strong&gt; to think that it&amp;rsquo;s wrong to pirate music - because they&amp;rsquo;re both stealing! &lt;/font&gt;&lt;font face="Comic Sans MS" size="3"&gt;Or maybe you think human life is sacred, no matter what. That &lt;strong&gt;implies &lt;/strong&gt;that you disagree with the death penalty.&lt;/font&gt;&lt;strong&gt;&amp;nbsp;&lt;/strong&gt;&lt;/p&gt;
            &lt;p&gt;&lt;font face="Comic Sans MS"&gt;&lt;font size="3"&gt;Does that make sense? Don&amp;rsquo;t worry if it doesn&amp;rsquo;t. After this lesson you will understand how to see the consequences of your actions &lt;strong&gt;and&lt;/strong&gt; the implications of your thinking.&lt;/font&gt;&lt;/font&gt;&lt;/p&gt;
            &lt;p&gt;&lt;font face="Comic Sans MS"&gt;&lt;font size="3"&gt;Ready for the next page? just click [Finish] below...&amp;nbsp;&lt;/font&gt;&lt;/font&gt;&lt;/p&gt;
            &lt;/td&gt;
        &lt;/tr&gt;
    &lt;/tbody&gt;
&lt;/table&gt;</content>
  <onlineInstructions></onlineInstructions>
  <offlineInstructions></offlineInstructions>
  <defineLater>false</defineLater>
  <forceOffline>false</forceOffline>
  <reflectOnActivity>false</reflectOnActivity>
  <reflectInstructions></reflectInstructions>
  <contentInUse>false</contentInUse>
  <creatorUserId>9</creatorUserId>
  <dateCreated class="sql-timestamp">2007-10-07 13:14:54.0</dateCreated>
  <dateUpdated class="sql-timestamp">2008-07-23 08:20:35.0</dateUpdated>
  <nbAttachments/>
</org.lamsfoundation.lams.tool.noticeboard.NoticeboardContent>