<org.lamsfoundation.lams.tool.noticeboard.NoticeboardContent>
  <nbContentId>1962</nbContentId>
  <title>Something to remember.</title>
  <content>&lt;table width="400" cellspacing="9" cellpadding="9" border="0" align="" summary="" style="background: rgb(248, 200, 30) none repeat scroll 0% 50%; -moz-background-clip: -moz-initial; -moz-background-origin: -moz-initial; -moz-background-inline-policy: -moz-initial;"&gt;
    &lt;tbody&gt;
        &lt;tr&gt;
            &lt;td width="176" align="left"&gt;&amp;nbsp;&lt;img width="280" height="270" align="left" src="/lams//www/secure/4028813915760eb301157a04abe7005a/Image/K456 Tia 18.gif" alt="Tia" /&gt;&lt;/td&gt;
            &lt;td&gt;&lt;font size="3"&gt;&lt;font face="Comic Sans MS"&gt;&lt;br /&gt;
            &lt;strong&gt;This is why I think Jojo realised that all the objects were the same...&lt;/strong&gt;&lt;/font&gt;&lt;/font&gt;&lt;font size="3"&gt;&lt;font face="Comic Sans MS"&gt;&lt;br /&gt;
            &lt;br /&gt;
            &lt;/font&gt;&lt;/font&gt;&lt;font size="3"&gt;&lt;font face="Comic Sans MS"&gt;All the kids were doing things to change their points of view. Farrah was drawing a picture to help her think about the objects. Tom was using blocks of wood to help him think about the objects. These are also very good ways to look at a challenge. But, this time, Jojo&amp;rsquo;s way was best. &lt;/font&gt;&lt;/font&gt;&lt;br /&gt;
            &lt;font size="3"&gt;&lt;font face="Comic Sans MS"&gt;&lt;br /&gt;
            Jojo used one of the most powerful tools to think with: &lt;strong&gt;his own body&lt;/strong&gt;. He used his body to look at the objects in a different way. First he saw them from the ground. Then he climbed up on a chair and looked at them from eye level.&lt;br /&gt;
            &lt;br /&gt;
            &lt;strong&gt;Remember&lt;/strong&gt;: You can look at things in many ways before you make up your mind. To be a good thinker you must get used to trying different ways of thinking. In time, you will find that all of them are useful to you.&lt;/font&gt;&lt;/font&gt;&lt;font size="3"&gt;&lt;font face="Comic Sans MS"&gt;&lt;/font&gt;&lt;font size="3"&gt;&lt;font face="Comic Sans MS"&gt;&lt;br /&gt;
            &lt;/font&gt;&lt;/font&gt;&lt;/font&gt;&lt;/td&gt;
        &lt;/tr&gt;
    &lt;/tbody&gt;
&lt;/table&gt;</content>
  <onlineInstructions></onlineInstructions>
  <offlineInstructions></offlineInstructions>
  <defineLater>false</defineLater>
  <forceOffline>false</forceOffline>
  <reflectOnActivity>false</reflectOnActivity>
  <reflectInstructions></reflectInstructions>
  <contentInUse>false</contentInUse>
  <creatorUserId>9</creatorUserId>
  <dateCreated class="sql-timestamp">2007-10-07 13:14:54.0</dateCreated>
  <dateUpdated class="sql-timestamp">2008-07-07 14:40:55.0</dateUpdated>
  <nbAttachments/>
</org.lamsfoundation.lams.tool.noticeboard.NoticeboardContent>