<org.lamsfoundation.lams.tool.noticeboard.NoticeboardContent>
  <nbContentId>2005</nbContentId>
  <title>Using questions to find out more about ideas</title>
  <content>&lt;table width="400" cellspacing="9" cellpadding="9" border="0" align="" style="background: rgb(20, 75, 215) none repeat scroll 0% 50%; -moz-background-clip: -moz-initial; -moz-background-origin: -moz-initial; -moz-background-inline-policy: -moz-initial;" summary=""&gt;
    &lt;tbody&gt;
        &lt;tr&gt;
            &lt;td width="176" align="center"&gt;&lt;img width="226" height="320" alt="" src="/lams//www/secure/4028813915760eb301157a04abe7005a/Image/K456 Tia 03.gif" /&gt;&amp;nbsp;&lt;br /&gt;
            &lt;/td&gt;
            &lt;td width="300" align="left"&gt;&lt;font size="3"&gt;&lt;font face="Comic Sans MS"&gt;&lt;font color="#ffffff"&gt;&lt;strong&gt;Getting active about recording your ideas&lt;br /&gt;
            &lt;br /&gt;
            &lt;/strong&gt;Time to get active!&lt;br /&gt;
            &lt;br /&gt;
            Thinking is much more &lt;em&gt;&lt;strong&gt;active&lt;/strong&gt;&lt;/em&gt; than it looks. When you are thinking, you may have a blank look on your face, but there may be a million questions and a million thoughts flying around inside your head. That&amp;rsquo;s why it&amp;rsquo;s good to keep track of your thoughts on paper or on computer. Or both!&lt;br /&gt;
            &lt;br /&gt;
            Click on the &amp;quot;Ideas Activity&amp;quot; document below to download it. Once you&amp;rsquo;ve downloaded the worksheet print a copy and collect it. Then meet with the other learners in your group and begin the activity. Aim to complete this activity in about 10 to 15 minutes.&lt;/font&gt;&lt;/font&gt;&lt;/font&gt;&lt;font size="3"&gt;&lt;font face="Comic Sans MS"&gt;&lt;font color="#ffffff"&gt;&lt;br /&gt;
            &lt;/font&gt;&lt;/font&gt;&lt;/font&gt;&lt;font size="3"&gt;&lt;font face="Comic Sans MS"&gt;             &lt;/font&gt;&lt;/font&gt;&lt;font size="3"&gt;&lt;font face="Comic Sans MS"&gt;             &lt;/font&gt;&lt;/font&gt;&lt;/td&gt;
        &lt;/tr&gt;
    &lt;/tbody&gt;
&lt;/table&gt;</content>
  <onlineInstructions></onlineInstructions>
  <offlineInstructions></offlineInstructions>
  <defineLater>false</defineLater>
  <forceOffline>false</forceOffline>
  <reflectOnActivity>false</reflectOnActivity>
  <reflectInstructions></reflectInstructions>
  <contentInUse>false</contentInUse>
  <creatorUserId>9</creatorUserId>
  <dateCreated class="sql-timestamp">2007-11-02 15:38:11.0</dateCreated>
  <dateUpdated class="sql-timestamp">2008-07-07 15:25:03.0</dateUpdated>
  <nbAttachments/>
</org.lamsfoundation.lams.tool.noticeboard.NoticeboardContent>