<org.lamsfoundation.lams.tool.noticeboard.NoticeboardContent>
  <nbContentId>2350</nbContentId>
  <title>Why use questions to guide our thinking?</title>
  <content>&lt;table width="400" cellspacing="9" cellpadding="9" border="0" summary="" style="background: rgb(248, 200, 30) none repeat scroll 0% 50%; -moz-background-clip: -moz-initial; -moz-background-origin: -moz-initial; -moz-background-inline-policy: -moz-initial;"&gt;
    &lt;tbody&gt;
        &lt;tr&gt;
            &lt;td width="176" align="center"&gt;&amp;nbsp;&lt;br /&gt;
            &lt;img height="396" width="183" align="left" src="/lams//www/secure/4028813915760eb301157a04abe7005a/Image/K456 Tia 08.gif" alt="Tia" /&gt;&lt;/td&gt;
            &lt;td&gt;
            &lt;p&gt;&lt;font size="3"&gt;&lt;font face="Comic Sans MS"&gt;&lt;strong&gt;How do we ask useful questions?&lt;/strong&gt;&lt;/font&gt;&lt;/font&gt;&lt;/p&gt;
            &lt;p&gt;&lt;font face="Comic Sans MS" size="3"&gt;We are a naturally curious species. Our minds ask questions all the time... &lt;/font&gt;&lt;/p&gt;
            &lt;p&gt;&lt;font face="Comic Sans MS" size="3"&gt;Why is the sky blue? What shall I eat for supper? Does he like me? How do they get stripy toothpaste to make straight lines inside the tube?&lt;/font&gt;&lt;/p&gt;
            &lt;p&gt;&lt;font face="Comic Sans MS" size="3"&gt;Some questions can be answered, some of them can&amp;rsquo;t. Some&amp;nbsp;can help us achieve our goals, some of the are just for fun...&lt;/font&gt;&lt;/p&gt;
            &lt;p&gt;&lt;font face="Comic Sans MS" size="3"&gt;It&amp;rsquo;s&amp;nbsp;always&amp;nbsp;good to ask questions but you need to know&amp;nbsp;which ones can be&amp;nbsp;answered with the &lt;strong&gt;information that you have.&lt;/strong&gt; You also need tell the difference between relevant questions that will &lt;strong&gt;guide&lt;/strong&gt; your thinking towards its purpose. And those that are irrelevant, which will steer you away from your purpose.&lt;br /&gt;
            &lt;/font&gt;&lt;/p&gt;
            &lt;p&gt;&lt;font face="Comic Sans MS" size="3"&gt;No matter what, keep on asking questions... even if it&amp;rsquo;s just for fun! But learn to&amp;nbsp;choose the &lt;strong&gt;right&lt;/strong&gt; ones for the situation you&amp;rsquo;re in.&amp;nbsp;&amp;nbsp;&amp;nbsp;&lt;/font&gt;&amp;nbsp;&lt;/p&gt;
            &lt;p&gt;&lt;font face="Comic Sans MS" size="3"&gt;So... any questions? I hope so!&lt;/font&gt;&lt;/p&gt;
            &lt;/td&gt;
        &lt;/tr&gt;
    &lt;/tbody&gt;
&lt;/table&gt;</content>
  <onlineInstructions></onlineInstructions>
  <offlineInstructions></offlineInstructions>
  <defineLater>false</defineLater>
  <forceOffline>false</forceOffline>
  <reflectOnActivity>false</reflectOnActivity>
  <reflectInstructions></reflectInstructions>
  <contentInUse>false</contentInUse>
  <creatorUserId>9</creatorUserId>
  <dateCreated class="sql-timestamp">2007-10-07 13:14:54.0</dateCreated>
  <dateUpdated class="sql-timestamp">2008-07-22 09:53:37.0</dateUpdated>
  <nbAttachments/>
</org.lamsfoundation.lams.tool.noticeboard.NoticeboardContent>