<org.lamsfoundation.lams.tool.noticeboard.NoticeboardContent>
  <nbContentId>2325</nbContentId>
  <title>Something to remember.</title>
  <content>&lt;table width="400" cellspacing="9" cellpadding="9" border="0" style="background: rgb(248, 200, 30) none repeat scroll 0% 50%; -moz-background-clip: -moz-initial; -moz-background-origin: -moz-initial; -moz-background-inline-policy: -moz-initial;" summary=""&gt;
    &lt;tbody&gt;
        &lt;tr&gt;
            &lt;td width="176" align="left"&gt;&amp;nbsp;&lt;img height="396" width="240" align="left" alt="Tia" src="/lams//www/secure/4028813915760eb301157a04abe7005a/Image/K456 Tia 15.gif" /&gt;&lt;/td&gt;
            &lt;td&gt;&lt;font size="3"&gt;&lt;font face="Comic Sans MS"&gt;
            &lt;p&gt;&lt;strong&gt;&lt;font size="3"&gt;This is why I think Sophie lost her way...&lt;/font&gt;&lt;/strong&gt;&lt;/p&gt;
            &lt;p&gt;&lt;font size="3"&gt;Remember, Sophie loves reading and doing research. It&amp;rsquo;s not really hard work to her. On the other hand, she&amp;rsquo;s not so keen on building models out of straws with her hands. So when Tia gave the class their project, Sophie heard only the parts she wanted to hear and she missed the main purpose of the exercise. &lt;br /&gt;
            &lt;/font&gt;&lt;/p&gt;
            &lt;p&gt;&lt;font size="3"&gt;It&amp;rsquo;s always great to be able to focus your work through your own interests. But remember not to forget your purpose along the way.&lt;br /&gt;
            &lt;/font&gt;&lt;/p&gt;
            &lt;br /&gt;
            &lt;/font&gt;&lt;/font&gt;&lt;/td&gt;
        &lt;/tr&gt;
    &lt;/tbody&gt;
&lt;/table&gt;</content>
  <onlineInstructions></onlineInstructions>
  <offlineInstructions></offlineInstructions>
  <defineLater>false</defineLater>
  <forceOffline>false</forceOffline>
  <reflectOnActivity>false</reflectOnActivity>
  <reflectInstructions></reflectInstructions>
  <contentInUse>false</contentInUse>
  <creatorUserId>9</creatorUserId>
  <dateCreated class="sql-timestamp">2007-10-07 13:14:54.0</dateCreated>
  <dateUpdated class="sql-timestamp">2008-07-21 14:37:05.0</dateUpdated>
  <nbAttachments/>
</org.lamsfoundation.lams.tool.noticeboard.NoticeboardContent>