<org.lamsfoundation.lams.tool.qa.QaContent>
  <qaContentId>2394</qaContentId>
  <title>Let's crunch this activity!</title>
  <instructions>&lt;table width="400" cellspacing="9" cellpadding="9" border="0" style="background: rgb(170, 220, 2) none repeat scroll 0% 50%; -moz-background-clip: -moz-initial; -moz-background-origin: -moz-initial; -moz-background-inline-policy: -moz-initial;" summary=""&gt;
    &lt;tbody&gt;
        &lt;tr&gt;
            &lt;td width="110" align="center"&gt;&amp;nbsp;&lt;img height="396" width="183" align="middle" alt="" src="/lams//www/secure/4028813915760eb301157a04abe7005a/Image/K456 Tia 08.gif" /&gt;&lt;br /&gt;
            &lt;/td&gt;
            &lt;td width="300" align="left"&gt;&lt;font size="3"&gt;&lt;font face="Comic Sans MS"&gt;&lt;strong&gt;Let&amp;rsquo;s crunch this activity!&lt;/strong&gt;&lt;/font&gt;&lt;/font&gt;&lt;font size="3"&gt;&lt;font size="3"&gt;&lt;font face="Comic Sans MS"&gt;&lt;br /&gt;
            &lt;/font&gt;&lt;/font&gt;&lt;font size="3"&gt;&lt;font face="Comic Sans MS"&gt;&lt;br /&gt;
            It's not always easy to change the way you think about something. Sometimes it takes a lot of effort. The simplest way is often to ask a new, unusual question and to see where it takes you. For example, what if you had asked, &amp;quot;What if I want to make a bicycle with a roof?&amp;quot; Do you think that question would have taken you in a new direction?&lt;br /&gt;
            &lt;br /&gt;
            Here&amp;rsquo;s a question to get you crunching how to change the way you think about something...&lt;br /&gt;
            &lt;/font&gt;&lt;/font&gt;&lt;font size="3"&gt;&lt;/font&gt;&lt;/font&gt;&lt;/td&gt;
        &lt;/tr&gt;
    &lt;/tbody&gt;
&lt;/table&gt;</instructions>
  <offlineInstructions></offlineInstructions>
  <onlineInstructions></onlineInstructions>
  <createdBy>9</createdBy>
  <defineLater>false</defineLater>
  <reflect>false</reflect>
  <reflectionSubject></reflectionSubject>
  <runOffline>false</runOffline>
  <questionsSequenced>false</questionsSequenced>
  <lockWhenFinished>true</lockWhenFinished>
  <showOtherAnswers>true</showOtherAnswers>
  <usernameVisible>false</usernameVisible>
  <synchInMonitor>false</synchInMonitor>
  <contentLocked>false</contentLocked>
  <updateDate class="sql-timestamp">2008-07-22 14:37:01.0</updateDate>
  <qaQueContents class="tree-set">
    <no-comparator/>
    <org.lamsfoundation.lams.tool.qa.QaQueContent>
      <question>&lt;table width="400" cellspacing="9" cellpadding="9" border="0" align="" style="background: rgb(170, 220, 2) none repeat scroll 0% 50%; -moz-background-clip: -moz-initial; -moz-background-origin: -moz-initial; -moz-background-inline-policy: -moz-initial;" summary=""&gt;
    &lt;tbody&gt;
        &lt;tr&gt;
            &lt;td width="110" align="center"&gt;&amp;nbsp;&lt;br /&gt;
            &lt;/td&gt;
            &lt;td width="300" align="left"&gt;&lt;font size="3"&gt;&lt;font face="Comic Sans MS"&gt;&lt;strong&gt;What interesting questions could you have asked about the various purposes of a bicycle?&lt;br /&gt;
            &lt;br /&gt;
            &lt;/strong&gt;Write at least one strange question that you did ask or could have asked about a bicycle to help you imagine a new purpose for it.&lt;br /&gt;
            &lt;br /&gt;
            Then see what questions your classmates asked...&lt;br /&gt;
            &lt;strong&gt;             &lt;/strong&gt;&lt;/font&gt;&lt;/font&gt;&lt;/td&gt;
        &lt;/tr&gt;
    &lt;/tbody&gt;
&lt;/table&gt;</question>
      <displayOrder>1</displayOrder>
      <feedback></feedback>
      <isOptional>false</isOptional>
    </org.lamsfoundation.lams.tool.qa.QaQueContent>
  </qaQueContents>
  <qaUploadedFiles class="tree-set">
    <no-comparator/>
  </qaUploadedFiles>
</org.lamsfoundation.lams.tool.qa.QaContent>