<org.lamsfoundation.lams.tool.noticeboard.NoticeboardContent>
  <nbContentId>1862</nbContentId>
  <title>Improving your work</title>
  <content>&lt;table width="600" cellspacing="9" cellpadding="9" border="0" align="" style="background: rgb(248, 200, 30) none repeat scroll 0% 50%; -moz-background-clip: -moz-initial; -moz-background-origin: -moz-initial; -moz-background-inline-policy: -moz-initial;" summary=""&gt;
    &lt;tbody&gt;
        &lt;tr&gt;
            &lt;td width="176" align="left" colspan="3"&gt;&amp;nbsp;&lt;br /&gt;
            &lt;div align="center"&gt;&amp;nbsp;             &lt;br /&gt;
            &lt;img width="500" height="71" align="middle" alt="" src="/lams//www/secure/4028813915760eb301157a04abe7005a/Image/TheRace.gif" /&gt;&lt;br /&gt;
            &lt;/div&gt;
            &lt;font size="3"&gt;&lt;font face="Comic Sans MS"&gt;&lt;/font&gt;&amp;nbsp;&lt;/font&gt;&lt;/td&gt;
        &lt;/tr&gt;
        &lt;tr&gt;
            &lt;td width="176" align="left"&gt;&lt;img width="240" height="396" src="/lams//www/secure/4028813915760eb301157a04abe7005a/Image/K456 Tia 15.gif" alt="" /&gt;&lt;/td&gt;
            &lt;td width="325"&gt;&lt;font size="3"&gt;&lt;font face="Comic Sans MS"&gt;This Kusasa module is about &lt;strong&gt;improving your work&lt;/strong&gt;.&lt;/font&gt;&lt;font face="Comic Sans MS"&gt;&lt;br /&gt;
            &lt;br /&gt;
            So what do we mean by &lt;strong&gt;improving&lt;/strong&gt;? It&amp;rsquo;s simple, really. We mean making your work better.&lt;br /&gt;
            &lt;br /&gt;
            Your first try at something is hardly ever your best. So, in Kusasa, you will learn ways to look back and redo your work. Each time you will make it better and better and better.&lt;br /&gt;
            &lt;/font&gt;&lt;/font&gt;&lt;font size="3"&gt;&lt;font face="Comic Sans MS"&gt;&lt;br /&gt;
            &lt;/font&gt;&lt;/font&gt;&lt;font size="3"&gt;&lt;font face="Comic Sans MS"&gt;             Ready for the next page? Just click [Finish] below...&lt;/font&gt;&lt;/font&gt;&lt;/td&gt;
            &lt;td width="100"&gt;&amp;nbsp;&lt;/td&gt;
        &lt;/tr&gt;
    &lt;/tbody&gt;
&lt;/table&gt;</content>
  <onlineInstructions></onlineInstructions>
  <offlineInstructions></offlineInstructions>
  <defineLater>false</defineLater>
  <forceOffline>false</forceOffline>
  <reflectOnActivity>false</reflectOnActivity>
  <reflectInstructions></reflectInstructions>
  <contentInUse>false</contentInUse>
  <creatorUserId>9</creatorUserId>
  <dateCreated class="sql-timestamp">2007-10-07 13:14:54.0</dateCreated>
  <dateUpdated class="sql-timestamp">2008-07-07 11:30:26.0</dateUpdated>
  <nbAttachments/>
</org.lamsfoundation.lams.tool.noticeboard.NoticeboardContent>