<org.lamsfoundation.lams.tool.noticeboard.NoticeboardContent>
  <nbContentId>1956</nbContentId>
  <title>Changing your point of view</title>
  <content>&lt;table width="400" cellspacing="9" cellpadding="9" border="0" align="" summary="" style="background: rgb(248, 200, 30) none repeat scroll 0% 50%; -moz-background-clip: -moz-initial; -moz-background-origin: -moz-initial; -moz-background-inline-policy: -moz-initial;"&gt;
    &lt;tbody&gt;
        &lt;tr&gt;
            &lt;td align="center" colspan="2"&gt;&lt;img width="500" height="71" src="/lams//www/secure/4028813915760eb301157a04abe7005a/Image/River of Dreams.gif" alt="" /&gt;&amp;nbsp;&amp;nbsp;&lt;/td&gt;
        &lt;/tr&gt;
        &lt;tr&gt;
            &lt;td width="176" align="left"&gt;&amp;nbsp;&lt;img width="269" height="396" align="left" src="/lams//www/secure/4028813915760eb301157a04abe7005a/Image/K456 Tia 17.gif" alt="Tia" /&gt;&lt;/td&gt;
            &lt;td&gt;&amp;nbsp;&lt;br /&gt;
            &lt;font size="3"&gt;&lt;font face="Comic Sans MS"&gt;This Kusasa module is about &lt;strong&gt;changing your point of view&lt;/strong&gt;.&lt;/font&gt;&lt;font face="Comic Sans MS"&gt;&lt;br /&gt;
            &lt;br /&gt;
            So what is a &lt;strong&gt;point of view&lt;/strong&gt;?&lt;br /&gt;
            &lt;br /&gt;
            &lt;/font&gt;&lt;/font&gt;&lt;font size="3"&gt;&lt;font face="Comic Sans MS"&gt;             Your point of view is your way of &lt;strong&gt;thinking&lt;/strong&gt; about something. Some people would say it&amp;rsquo;s your way of &lt;strong&gt;looking&lt;/strong&gt; at something.&lt;br /&gt;
            &lt;br /&gt;
            In fact, they both mean the same thing. Changing how you think about something is just like changing the way you look at it.&lt;br /&gt;
            &lt;/font&gt;&lt;/font&gt;&lt;font size="3"&gt;&lt;font face="Comic Sans MS"&gt;             &lt;br /&gt;
            Ready for the next page? Just click [Finish] below...&lt;/font&gt;&lt;/font&gt;&lt;/td&gt;
        &lt;/tr&gt;
    &lt;/tbody&gt;
&lt;/table&gt;</content>
  <onlineInstructions></onlineInstructions>
  <offlineInstructions></offlineInstructions>
  <defineLater>false</defineLater>
  <forceOffline>false</forceOffline>
  <reflectOnActivity>false</reflectOnActivity>
  <reflectInstructions></reflectInstructions>
  <contentInUse>false</contentInUse>
  <creatorUserId>9</creatorUserId>
  <dateCreated class="sql-timestamp">2007-10-07 13:14:54.0</dateCreated>
  <dateUpdated class="sql-timestamp">2008-07-07 13:55:05.0</dateUpdated>
  <nbAttachments/>
</org.lamsfoundation.lams.tool.noticeboard.NoticeboardContent>