<org.lamsfoundation.lams.tool.noticeboard.NoticeboardContent>
  <nbContentId>1921</nbContentId>
  <title>Welcome to Kusasa!</title>
  <content>&lt;table width="400" cellspacing="9" cellpadding="9" border="0" align="" style="background: rgb(248, 200, 30) none repeat scroll 0% 50%; -moz-background-clip: -moz-initial; -moz-background-origin: -moz-initial; -moz-background-inline-policy: -moz-initial;" summary=""&gt;
    &lt;tbody&gt;
        &lt;tr&gt;
            &lt;td align="center" colspan="2"&gt;&amp;nbsp; &lt;img width="500" height="71" src="/lams//www/secure/402881391594adaa0115a363d996005d/Image/LunarMenace_1.gif" alt="" /&gt;&lt;br /&gt;
            &lt;/td&gt;
        &lt;/tr&gt;
        &lt;tr&gt;
            &lt;td width="176" align="center"&gt;&amp;nbsp;&lt;img width="173" height="286" align="middle" src="/lams//www/secure/4028813915760eb301157a04abe7005a/Image/K456 Tia 15.gif" alt="" /&gt;&lt;br /&gt;
            &lt;/td&gt;
            &lt;td&gt;&amp;nbsp;&lt;br /&gt;
            &lt;font size="3"&gt;&lt;font face="Comic Sans MS"&gt;&lt;br /&gt;
            &lt;br /&gt;
            Welcome to another Kusasa lesson!&lt;br /&gt;
            &lt;br /&gt;
            Let&amp;rsquo;s remind ourselves what Kusasa is...&lt;br /&gt;
            &lt;/font&gt;&lt;/font&gt;&lt;font size="3"&gt;&lt;font face="Comic Sans MS"&gt;It&amp;rsquo;s all about learning to think. &lt;br /&gt;
            &lt;br /&gt;
            Today we&amp;rsquo;re going to find out what it means to think sceptically.&lt;br /&gt;
            &lt;br /&gt;
            Ready for the next page? Just click [Finish] below...&lt;/font&gt;&lt;/font&gt;&lt;/td&gt;
        &lt;/tr&gt;
    &lt;/tbody&gt;
&lt;/table&gt;</content>
  <onlineInstructions></onlineInstructions>
  <offlineInstructions></offlineInstructions>
  <defineLater>false</defineLater>
  <forceOffline>false</forceOffline>
  <reflectOnActivity>false</reflectOnActivity>
  <reflectInstructions></reflectInstructions>
  <contentInUse>false</contentInUse>
  <creatorUserId>9</creatorUserId>
  <dateCreated class="sql-timestamp">2007-10-15 14:31:03.0</dateCreated>
  <dateUpdated class="sql-timestamp">2008-07-07 12:48:25.0</dateUpdated>
  <nbAttachments/>
</org.lamsfoundation.lams.tool.noticeboard.NoticeboardContent>