<org.lamsfoundation.lams.tool.noticeboard.NoticeboardContent>
  <nbContentId>2290</nbContentId>
  <title>Thinking Outcome</title>
  <content>&lt;table width="400" cellspacing="9" cellpadding="9" border="0" align="" style="background: rgb(215, 20, 115) none repeat scroll 0% 50%; -moz-background-clip: -moz-initial; -moz-background-origin: -moz-initial; -moz-background-inline-policy: -moz-initial;" summary=""&gt;
    &lt;tbody&gt;
        &lt;tr&gt;
            &lt;td width="176" align="center"&gt;&amp;nbsp;&lt;img height="250" width="239" src="/lams//www/secure/4028813915760eb301157a04abe7005a/Image/K456 Tia 16.gif" alt="" /&gt;&lt;br /&gt;
            &lt;/td&gt;
            &lt;td width="300" align="left"&gt;&lt;font size="3" color="#ffffff"&gt;&lt;font face="Comic Sans MS"&gt;&lt;strong&gt;&lt;br /&gt;
            What&amp;rsquo;s the thinking outcome of this lesson?&lt;/strong&gt;&lt;/font&gt;&lt;/font&gt;&lt;font size="3" color="#ffffff"&gt;&lt;font face="Comic Sans MS"&gt;&lt;br /&gt;
            &lt;br /&gt;
            By the end of this lesson, you will be able to recognise the logical implications of a fact and therefore make logical predictions.&lt;br /&gt;
            &lt;/font&gt;&lt;/font&gt;&lt;font size="3" color="#ffffff"&gt;&lt;font face="Comic Sans MS"&gt;&lt;br /&gt;
            Are you ready to begin? &lt;br /&gt;
            Good! Then let&amp;rsquo;s begin...&lt;br /&gt;
            &lt;/font&gt;&lt;/font&gt;&lt;font size="3" color="#ffffff"&gt;&lt;font face="Comic Sans MS"&gt;             &lt;/font&gt;&lt;/font&gt;&lt;font size="3"&gt;&lt;br /&gt;
            &lt;/font&gt;&lt;/td&gt;
        &lt;/tr&gt;
    &lt;/tbody&gt;
&lt;/table&gt;</content>
  <onlineInstructions></onlineInstructions>
  <offlineInstructions></offlineInstructions>
  <defineLater>false</defineLater>
  <forceOffline>false</forceOffline>
  <reflectOnActivity>false</reflectOnActivity>
  <reflectInstructions></reflectInstructions>
  <contentInUse>false</contentInUse>
  <creatorUserId>9</creatorUserId>
  <dateCreated class="sql-timestamp">2008-06-02 10:18:22.0</dateCreated>
  <dateUpdated class="sql-timestamp">2008-07-21 10:42:57.0</dateUpdated>
  <nbAttachments/>
</org.lamsfoundation.lams.tool.noticeboard.NoticeboardContent>