<org.lamsfoundation.lams.tool.noticeboard.NoticeboardContent>
  <nbContentId>2181</nbContentId>
  <title>A new way of thinking</title>
  <content>&lt;table width="400" cellspacing="9" cellpadding="9" border="0" summary="" style="background: rgb(240, 156, 8) none repeat scroll 0% 50%; -moz-background-clip: -moz-initial; -moz-background-origin: -moz-initial; -moz-background-inline-policy: -moz-initial;"&gt;
    &lt;tbody&gt;
        &lt;tr&gt;
            &lt;td width="110" align="center"&gt;&amp;nbsp;&lt;img height="396" width="143" align="middle" src="/lams//www/secure/4028813915760eb301157a04abe7005a/Image/K456 Tia 05.gif" alt="Tia" /&gt;&lt;/td&gt;
            &lt;td width="300" align="left"&gt;
            &lt;p&gt;&lt;font size="3"&gt;&lt;font face="Comic Sans MS"&gt;&lt;strong&gt;Thinking about assumptions a little differently...&lt;/strong&gt;&lt;/font&gt;&lt;/font&gt;&lt;font size="3"&gt;&lt;font size="3"&gt;&lt;font face="Comic Sans MS"&gt;&lt;br /&gt;
            &lt;br /&gt;
            &lt;/font&gt;&lt;/font&gt;&lt;/font&gt;&lt;font size="3"&gt;&lt;font size="3"&gt;&lt;font face="Comic Sans MS"&gt;Of course, there&amp;rsquo;s another way to look at this story.&lt;/font&gt;&lt;/font&gt;&lt;/font&gt;&lt;/p&gt;
            &lt;p&gt;&lt;font size="3"&gt;&lt;font size="3"&gt;&lt;font face="Comic Sans MS"&gt;The Thunderbolt Kids did not believe in the sea&amp;nbsp;monster because they had always been &lt;strong&gt;told&lt;/strong&gt; that there&amp;nbsp;is no such thing. But then they saw one! Or at least they &lt;strong&gt;assumed&lt;/strong&gt; they did. Should they have&amp;nbsp;laughed at the monster and&amp;nbsp;told it that it didn&amp;rsquo;t exist? What if it had been some real, dangerous marine animal?&lt;br /&gt;
            &lt;/font&gt;&lt;/font&gt;&lt;/font&gt;&lt;/p&gt;
            &lt;p&gt;&lt;font size="3"&gt;&lt;font size="3"&gt;&lt;font face="Comic Sans MS"&gt;When you choose to not believe what you see you are also making an &lt;strong&gt;assumption&lt;/strong&gt;. To &lt;strong&gt;assume&lt;/strong&gt; that what you see doesn't exist because of something you've been told is just as silly as believing everything you see.&lt;/font&gt;&lt;/font&gt;&lt;/font&gt;&lt;/p&gt;
            &lt;p&gt;&lt;font size="3"&gt;&lt;font size="3"&gt;&lt;font face="Comic Sans MS"&gt;That's why you have to question &lt;strong&gt;all&lt;/strong&gt; your assumptions.&amp;nbsp;&amp;nbsp;&amp;nbsp;&lt;br /&gt;
            &lt;/font&gt;&lt;/font&gt;&lt;font size="3"&gt;&lt;/font&gt;&lt;/font&gt;&lt;/p&gt;
            &lt;/td&gt;
        &lt;/tr&gt;
    &lt;/tbody&gt;
&lt;/table&gt;</content>
  <onlineInstructions></onlineInstructions>
  <offlineInstructions></offlineInstructions>
  <defineLater>false</defineLater>
  <forceOffline>false</forceOffline>
  <reflectOnActivity>false</reflectOnActivity>
  <reflectInstructions></reflectInstructions>
  <contentInUse>false</contentInUse>
  <creatorUserId>9</creatorUserId>
  <dateCreated class="sql-timestamp">2007-10-08 22:53:52.0</dateCreated>
  <dateUpdated class="sql-timestamp">2008-07-16 17:03:57.0</dateUpdated>
  <nbAttachments/>
</org.lamsfoundation.lams.tool.noticeboard.NoticeboardContent>