<org.lamsfoundation.lams.tool.noticeboard.NoticeboardContent>
  <nbContentId>2079</nbContentId>
  <title>Something to remember.</title>
  <content>&lt;table width="400" cellspacing="9" cellpadding="9" border="0" align="" style="background: rgb(248, 200, 30) none repeat scroll 0% 50%; -moz-background-clip: -moz-initial; -moz-background-origin: -moz-initial; -moz-background-inline-policy: -moz-initial;" summary=""&gt;
    &lt;tbody&gt;
        &lt;tr&gt;
            &lt;td width="176" align="left"&gt;&amp;nbsp;&lt;img width="191" height="320" align="left" alt="Tia" src="/lams//www/secure/4028813915760eb301157a04abe7005a/Image/K456 Tia 10.gif" /&gt;&lt;/td&gt;
            &lt;td&gt;&lt;font size="3"&gt;&lt;font face="Comic Sans MS"&gt;&lt;br /&gt;
            &lt;strong&gt;This is why I think How To Solve It is so great...&lt;/strong&gt;&lt;/font&gt;&lt;/font&gt;&lt;font size="3"&gt;&lt;font face="Comic Sans MS"&gt;&lt;br /&gt;
            &lt;br /&gt;
            How To Solve It might have been invented to help you with math. But you can use it for anything. Math, Science, English, eToys and gangster kidnapping problems all have some things in common:&lt;br /&gt;
            &lt;br /&gt;
            &lt;/font&gt;&lt;/font&gt;
            &lt;ul&gt;
                &lt;li&gt;&lt;font size="3"&gt;&lt;font size="3"&gt;&lt;font face="Comic Sans MS"&gt;You can &lt;strong&gt;understand the problem&lt;/strong&gt; you&amp;rsquo;re facing and define your goal in solving it.&lt;/font&gt;&lt;/font&gt;&lt;/font&gt;&lt;/li&gt;
                &lt;li&gt;&lt;font size="3"&gt;&lt;font size="3"&gt;&lt;font face="Comic Sans MS"&gt;You can &lt;strong&gt;make a number of plans&lt;/strong&gt; to solve your problem.&lt;/font&gt;&lt;/font&gt;&lt;/font&gt;&lt;/li&gt;
                &lt;li&gt;&lt;font size="3"&gt;&lt;font size="3"&gt;&lt;font face="Comic Sans MS"&gt;You can &lt;strong&gt;carry out each plan&lt;/strong&gt;.&lt;/font&gt;&lt;/font&gt;&lt;/font&gt;&lt;/li&gt;
                &lt;li&gt;&lt;font size="3"&gt;&lt;font size="3"&gt;&lt;font face="Comic Sans MS"&gt;And you can always &lt;strong&gt;find a way to do better&lt;/strong&gt; the next time.&lt;br /&gt;
                &lt;/font&gt;&lt;/font&gt;&lt;/font&gt;&lt;/li&gt;
            &lt;/ul&gt;
            &lt;font size="3"&gt;&lt;font face="Comic Sans MS"&gt;             &lt;br /&gt;
            &lt;strong&gt;Remember&lt;/strong&gt;: How To Solve It is an amazing process. If you learn it well, it will always help you in whatever you do.&lt;/font&gt;&lt;/font&gt;&lt;font size="3"&gt;&lt;font size="3"&gt;&lt;font face="Comic Sans MS"&gt;&lt;br /&gt;
            &lt;/font&gt;&lt;/font&gt;&lt;/font&gt;&lt;/td&gt;
        &lt;/tr&gt;
    &lt;/tbody&gt;
&lt;/table&gt;</content>
  <onlineInstructions></onlineInstructions>
  <offlineInstructions></offlineInstructions>
  <defineLater>false</defineLater>
  <forceOffline>false</forceOffline>
  <reflectOnActivity>false</reflectOnActivity>
  <reflectInstructions></reflectInstructions>
  <contentInUse>false</contentInUse>
  <creatorUserId>9</creatorUserId>
  <dateCreated class="sql-timestamp">2007-10-07 13:14:54.0</dateCreated>
  <dateUpdated class="sql-timestamp">2008-07-07 15:51:58.0</dateUpdated>
  <nbAttachments/>
</org.lamsfoundation.lams.tool.noticeboard.NoticeboardContent>