<org.lamsfoundation.lams.tool.noticeboard.NoticeboardContent>
  <nbContentId>2263</nbContentId>
  <title>Something to remember.</title>
  <content>&lt;table width="400" cellspacing="9" cellpadding="9" border="0" align="" style="background: rgb(248, 200, 30) none repeat scroll 0% 50%; -moz-background-clip: -moz-initial; -moz-background-origin: -moz-initial; -moz-background-inline-policy: -moz-initial;" summary=""&gt;
    &lt;tbody&gt;
        &lt;tr&gt;
            &lt;td width="176" style="text-align: center;"&gt;&amp;nbsp;&lt;img height="396" width="140" align="absmiddle" alt="Tia" src="/lams//www/secure/4028813915760eb301157a04abe7005a/Image/K456 Tia 12.gif" /&gt;&lt;/td&gt;
            &lt;td&gt;&lt;font size="3"&gt;&lt;font face="Comic Sans MS"&gt;&lt;br /&gt;
            &lt;strong&gt;This is what I think this story was about...&lt;/strong&gt;&lt;/font&gt;&lt;/font&gt;&lt;font size="3"&gt;&lt;font face="Comic Sans MS"&gt;&lt;br /&gt;
            &lt;br /&gt;
            Even though Trent Taylor got away, the Thunderbolt Kids were close behind and they nearly caught him. And the only reason they were close behind is that they were able to recognise a few weak deductions that didn't make sense. They knew Jojo would not leave the building. And they knew that the evidence that &lt;/font&gt;&lt;/font&gt;&lt;font size="3"&gt;&lt;font face="Comic Sans MS"&gt;he left the building was very weak. So they looked at the evidence again and they deduced that he was probably still somewhere in the theatre. If they hadn't continued looking for him, they may not have found him in the prop room.&lt;br /&gt;
            &lt;br /&gt;
            And if Jojo had not deduced that Trent Taylor escaped via the sewer, they may never have discovered how he got away.&lt;br /&gt;
            &lt;/font&gt;&lt;/font&gt;&lt;/td&gt;
        &lt;/tr&gt;
    &lt;/tbody&gt;
&lt;/table&gt;</content>
  <onlineInstructions></onlineInstructions>
  <offlineInstructions></offlineInstructions>
  <defineLater>false</defineLater>
  <forceOffline>false</forceOffline>
  <reflectOnActivity>false</reflectOnActivity>
  <reflectInstructions></reflectInstructions>
  <contentInUse>false</contentInUse>
  <creatorUserId>9</creatorUserId>
  <dateCreated class="sql-timestamp">2007-10-07 13:14:54.0</dateCreated>
  <dateUpdated class="sql-timestamp">2008-07-21 09:34:47.0</dateUpdated>
  <nbAttachments/>
</org.lamsfoundation.lams.tool.noticeboard.NoticeboardContent>