<org.lamsfoundation.lams.tool.noticeboard.NoticeboardContent>
  <nbContentId>2349</nbContentId>
  <title>The Trial</title>
  <content>&lt;table width="400" cellspacing="9" cellpadding="9" border="0" summary="" style="background: rgb(248, 200, 30) none repeat scroll 0% 50%; -moz-background-clip: -moz-initial; -moz-background-origin: -moz-initial; -moz-background-inline-policy: -moz-initial;"&gt;
    &lt;tbody&gt;
        &lt;tr&gt;
            &lt;td align="center" colspan="2"&gt;&lt;font size="3"&gt;&lt;img height="71" width="500" align="middle" src="/lams//www/secure/4028813915760eb301157a04abe7005a/Image/K0302BannerTrial.gif" alt="" /&gt;&amp;nbsp;&amp;nbsp;&lt;/font&gt;&lt;/td&gt;
        &lt;/tr&gt;
        &lt;tr&gt;
            &lt;td width="176" align="left"&gt;&lt;font size="3"&gt;&amp;nbsp;&lt;img height="357" width="209" align="left" src="/lams//www/secure/4028813915760eb301157a04abe7005a/Image/K456 Tia 01.gif" alt="Tia" /&gt;&lt;/font&gt;&lt;/td&gt;
            &lt;td&gt;
            &lt;p&gt;&lt;font face="Comic Sans MS" size="3"&gt;&lt;font face="Comic Sans MS"&gt;This Kusasa module is about&amp;nbsp;using &lt;strong&gt;questions&lt;/strong&gt; to test and guide your thinking.&lt;/font&gt; Questions are the signposts on the road to your mental destinations. &lt;/font&gt;&lt;/p&gt;
            &lt;p&gt;&lt;font face="Comic Sans MS" size="3"&gt;If you want to be a thinker you need to ask questions &amp;ndash; lots of them. &lt;/font&gt;&lt;font face="Comic Sans MS" size="3"&gt;But&amp;nbsp;you have to be able to sort the &lt;strong&gt;relevant&lt;/strong&gt; questions&amp;nbsp;from the &lt;strong&gt;irrelevant&lt;/strong&gt; ones. Otherwise&amp;nbsp;your questions will be like signposts written in a strange&amp;nbsp;language or facing the&amp;nbsp;wrong way!&lt;/font&gt;&lt;/p&gt;
            &lt;p&gt;&lt;font face="Comic Sans MS" size="3"&gt;And that&amp;rsquo;s what you&amp;rsquo;ll be learning today.&lt;/font&gt;&lt;/p&gt;
            &lt;p&gt;&lt;font face="Comic Sans MS" size="3"&gt;Ready for the next page? just click [Finish] below...&amp;nbsp;&lt;/font&gt;&lt;/p&gt;
            &lt;p&gt;&lt;font face="Comic Sans MS"&gt;&lt;br /&gt;
            &lt;font size="3"&gt;&lt;/font&gt;&lt;/font&gt;&lt;/p&gt;
            &lt;p&gt;&lt;font size="3"&gt;&lt;font face="Comic Sans MS"&gt;&lt;/font&gt;&lt;font face="Comic Sans MS"&gt;&lt;/font&gt;&lt;/font&gt;&lt;/p&gt;
            &lt;p&gt;&lt;font size="3"&gt;&amp;nbsp;&lt;/font&gt;&lt;/p&gt;
            &lt;/td&gt;
        &lt;/tr&gt;
    &lt;/tbody&gt;
&lt;/table&gt;</content>
  <onlineInstructions></onlineInstructions>
  <offlineInstructions></offlineInstructions>
  <defineLater>false</defineLater>
  <forceOffline>false</forceOffline>
  <reflectOnActivity>false</reflectOnActivity>
  <reflectInstructions></reflectInstructions>
  <contentInUse>false</contentInUse>
  <creatorUserId>9</creatorUserId>
  <dateCreated class="sql-timestamp">2007-10-07 13:14:54.0</dateCreated>
  <dateUpdated class="sql-timestamp">2008-07-22 09:51:09.0</dateUpdated>
  <nbAttachments/>
</org.lamsfoundation.lams.tool.noticeboard.NoticeboardContent>