<org.lamsfoundation.lams.tool.noticeboard.NoticeboardContent>
  <nbContentId>2081</nbContentId>
  <title>Prepare for eToys!</title>
  <content>&lt;table width="400" cellspacing="9" cellpadding="9" border="0" align="" summary="" style="background: rgb(20, 75, 215) none repeat scroll 0% 50%; -moz-background-clip: -moz-initial; -moz-background-origin: -moz-initial; -moz-background-inline-policy: -moz-initial;"&gt;
    &lt;tbody&gt;
        &lt;tr&gt;
            &lt;td width="176" align="center"&gt;&lt;img height="262" width="250" alt="" src="/lams//www/secure/4028813915760eb301157a04abe7005a/Image/K456 Tia 16.gif" /&gt;&amp;nbsp;&lt;br /&gt;
            &lt;/td&gt;
            &lt;td width="300" align="left"&gt;&lt;font size="3"&gt;&lt;font face="Comic Sans MS"&gt;&lt;font color="#ffffff"&gt;&lt;strong&gt;Okay, you&amp;rsquo;re ready to begin the eToys challenge! &lt;br /&gt;
            &lt;/strong&gt;&lt;/font&gt;&lt;/font&gt;&lt;/font&gt;&lt;font color="#ffffff"&gt;&lt;font size="3"&gt;&lt;font face="Comic Sans MS"&gt;&lt;strong&gt;&lt;br /&gt;
            &lt;/strong&gt;Your eToys challenge today is to complete your &lt;strong&gt;freeform project&lt;/strong&gt;. &lt;br /&gt;
            &lt;br /&gt;
            If you haven&amp;rsquo;t yet started your freeform project, ask you teacher for help now.&lt;br /&gt;
            &lt;br /&gt;
            If you have already started, you will have experienced many challenges by now. If you are still battling with these problems, try to use How To Solve It to help you solve them today. &lt;br /&gt;
            &lt;br /&gt;
            Launch eToys now and open your freeform project.&lt;br /&gt;
            &lt;/font&gt;&lt;/font&gt;&lt;/font&gt;&lt;font size="3"&gt;&lt;font face="Comic Sans MS"&gt;             &lt;/font&gt;&lt;/font&gt;&lt;font size="3"&gt;&lt;font face="Comic Sans MS"&gt;             &lt;/font&gt;&lt;/font&gt;&lt;/td&gt;
        &lt;/tr&gt;
    &lt;/tbody&gt;
&lt;/table&gt;</content>
  <onlineInstructions></onlineInstructions>
  <offlineInstructions></offlineInstructions>
  <defineLater>false</defineLater>
  <forceOffline>false</forceOffline>
  <reflectOnActivity>false</reflectOnActivity>
  <reflectInstructions></reflectInstructions>
  <contentInUse>false</contentInUse>
  <creatorUserId>9</creatorUserId>
  <dateCreated class="sql-timestamp">2007-10-27 23:26:23.0</dateCreated>
  <dateUpdated class="sql-timestamp">2008-07-09 13:30:07.0</dateUpdated>
  <nbAttachments/>
</org.lamsfoundation.lams.tool.noticeboard.NoticeboardContent>