<org.lamsfoundation.lams.tool.noticeboard.NoticeboardContent>
  <nbContentId>1867</nbContentId>
  <title>Something to remember.</title>
  <content>&lt;table width="400" cellspacing="9" cellpadding="9" border="0" align="" style="background: rgb(248, 200, 30) none repeat scroll 0% 50%; -moz-background-clip: -moz-initial; -moz-background-origin: -moz-initial; -moz-background-inline-policy: -moz-initial;" summary=""&gt;
    &lt;tbody&gt;
        &lt;tr&gt;
            &lt;td width="175" align="center"&gt;&amp;nbsp;&lt;img width="143" height="396" align="middle" src="/lams//www/secure/4028813915760eb301157a04abe7005a/Image/K456 Tia 05.gif" alt="" /&gt;&lt;br /&gt;
            &lt;/td&gt;
            &lt;td width="325"&gt;&lt;font size="3"&gt;&lt;font face="Comic Sans MS"&gt;&lt;strong&gt;This is why I think doing your own work is so important...&lt;/strong&gt;&lt;/font&gt;&lt;/font&gt;&lt;font size="3"&gt;&lt;font face="Comic Sans MS"&gt;&lt;br /&gt;
            &lt;br /&gt;
            Lazlo is not a bad kid. He just did one bad thing. He got hurt and he&amp;rsquo;s lucky it wasn&amp;rsquo;t worse.&lt;br /&gt;
            &lt;br /&gt;
            But getting hurt is not the worst thing that happened to Lazlo. The worst thing is that he learned nothing. He had a great chance to learn something new. Something different. Something he will never find in a text book. Something no teacher could ever tell him. And, instead, he took the lazy way out.&lt;br /&gt;
            &lt;br /&gt;
            &lt;strong&gt;Remember&lt;/strong&gt;: You can learn from everything you do. And if you&amp;rsquo;re committed to getting better at everything you do, you will learn things that no teacher can ever teach you.&lt;/font&gt;&lt;/font&gt;&lt;font size="3"&gt;&lt;font size="3"&gt;&lt;font face="Comic Sans MS"&gt;&lt;br /&gt;
            &lt;/font&gt;&lt;/font&gt;&lt;/font&gt;&lt;/td&gt;
            &lt;td width="100"&gt;&amp;nbsp;&lt;/td&gt;
        &lt;/tr&gt;
    &lt;/tbody&gt;
&lt;/table&gt;</content>
  <onlineInstructions></onlineInstructions>
  <offlineInstructions></offlineInstructions>
  <defineLater>false</defineLater>
  <forceOffline>false</forceOffline>
  <reflectOnActivity>false</reflectOnActivity>
  <reflectInstructions></reflectInstructions>
  <contentInUse>false</contentInUse>
  <creatorUserId>9</creatorUserId>
  <dateCreated class="sql-timestamp">2007-10-07 13:14:54.0</dateCreated>
  <dateUpdated class="sql-timestamp">2008-07-07 12:14:52.0</dateUpdated>
  <nbAttachments/>
</org.lamsfoundation.lams.tool.noticeboard.NoticeboardContent>