<org.lamsfoundation.lams.learningdesign.dto.LearningDesignDTO>
  <learningDesignID>111</learningDesignID>
  <title>K0208 Snakes Alive</title>
  <firstActivityID>1767</firstActivityID>
  <firstActivityUIID>1</firstActivityUIID>
  <maxID>87</maxID>
  <validDesign>true</validDesign>
  <readOnly>false</readOnly>
  <editOverrideLock>false</editOverrideLock>
  <userID>9</userID>
  <copyTypeID>1</copyTypeID>
  <createDateTime class="sql-timestamp">2008-07-21 11:33:51.0</createDateTime>
  <version>2.0.4</version>
  <designVersion>1</designVersion>
  <workspaceFolderID>53</workspaceFolderID>
  <lastModifiedDateTime class="sql-timestamp">2008-07-03 05:55:58.0</lastModifiedDateTime>
  <contentFolderID>4028813915760eb301157a04abe7005a</contentFolderID>
  <groupings/>
  <activities>
    <org.lamsfoundation.lams.learningdesign.dto.AuthoringActivityDTO>
      <activityID>1767</activityID>
      <activityUIID>1</activityUIID>
      <description>Tool for displaying HTML content including external sources such as images and other media.</description>
      <activityTitle>Welcome</activityTitle>
      <helpText>Displays formatted text and links to external sources on a read only page.</helpText>
      <helpURL>http://wiki.lamsfoundation.org/display/lamsdocs/lanb11</helpURL>
      <xCoord>13</xCoord>
      <yCoord>40</yCoord>
      <activityTypeID>1</activityTypeID>
      <defineLater>false</defineLater>
      <learningDesignID>111</learningDesignID>
      <createDateTime class="sql-timestamp">2008-06-05 10:48:33.0</createDateTime>
      <runOffline>false</runOffline>
      <toolSignature>lanb11</toolSignature>
      <toolID>2</toolID>
      <toolContentID>2026</toolContentID>
      <toolDisplayName>NoticeboardX</toolDisplayName>
      <toolVersion>20070524</toolVersion>
      <authoringURL>tool/lanb11/authoring.do</authoringURL>
      <monitoringURL>tool/lanb11/monitoring.do</monitoringURL>
      <activityCategoryID>4</activityCategoryID>
      <applyGrouping>false</applyGrouping>
      <groupingSupportType>2</groupingSupportType>
      <libraryActivityUIImage>tool/lanb11/images/icon_htmlnb.swf</libraryActivityUIImage>
      <readOnly>false</readOnly>
      <initialised>false</initialised>
    </org.lamsfoundation.lams.learningdesign.dto.AuthoringActivityDTO>
    <org.lamsfoundation.lams.learningdesign.dto.AuthoringActivityDTO>
      <activityID>1768</activityID>
      <activityUIID>2</activityUIID>
      <description>Tool for displaying HTML content including external sources such as images and other media.</description>
      <activityTitle>Motivation 1</activityTitle>
      <helpText>Displays formatted text and links to external sources on a read only page.</helpText>
      <helpURL>http://wiki.lamsfoundation.org/display/lamsdocs/lanb11</helpURL>
      <xCoord>185</xCoord>
      <yCoord>41</yCoord>
      <activityTypeID>1</activityTypeID>
      <defineLater>false</defineLater>
      <learningDesignID>111</learningDesignID>
      <createDateTime class="sql-timestamp">2008-06-05 10:48:33.0</createDateTime>
      <runOffline>false</runOffline>
      <toolSignature>lanb11</toolSignature>
      <toolID>2</toolID>
      <toolContentID>2027</toolContentID>
      <toolDisplayName>NoticeboardX</toolDisplayName>
      <toolVersion>20070524</toolVersion>
      <authoringURL>tool/lanb11/authoring.do</authoringURL>
      <monitoringURL>tool/lanb11/monitoring.do</monitoringURL>
      <activityCategoryID>4</activityCategoryID>
      <applyGrouping>false</applyGrouping>
      <groupingSupportType>2</groupingSupportType>
      <libraryActivityUIImage>tool/lanb11/images/icon_htmlnb.swf</libraryActivityUIImage>
      <readOnly>false</readOnly>
      <initialised>false</initialised>
    </org.lamsfoundation.lams.learningdesign.dto.AuthoringActivityDTO>
    <org.lamsfoundation.lams.learningdesign.dto.AuthoringActivityDTO>
      <activityID>1769</activityID>
      <activityUIID>8</activityUIID>
      <description>Tool for displaying HTML content including external sources such as images and other media.</description>
      <activityTitle>Lesson Route Map</activityTitle>
      <helpText>Displays formatted text and links to external sources on a read only page.</helpText>
      <helpURL>http://wiki.lamsfoundation.org/display/lamsdocs/lanb11</helpURL>
      <xCoord>344</xCoord>
      <yCoord>41</yCoord>
      <activityTypeID>1</activityTypeID>
      <defineLater>false</defineLater>
      <learningDesignID>111</learningDesignID>
      <createDateTime class="sql-timestamp">2008-06-05 10:48:33.0</createDateTime>
      <runOffline>false</runOffline>
      <toolSignature>lanb11</toolSignature>
      <toolID>2</toolID>
      <toolContentID>2028</toolContentID>
      <toolDisplayName>NoticeboardX</toolDisplayName>
      <toolVersion>20070524</toolVersion>
      <authoringURL>tool/lanb11/authoring.do</authoringURL>
      <monitoringURL>tool/lanb11/monitoring.do</monitoringURL>
      <activityCategoryID>4</activityCategoryID>
      <applyGrouping>false</applyGrouping>
      <groupingSupportType>2</groupingSupportType>
      <libraryActivityUIImage>tool/lanb11/images/icon_htmlnb.swf</libraryActivityUIImage>
      <readOnly>false</readOnly>
      <initialised>false</initialised>
    </org.lamsfoundation.lams.learningdesign.dto.AuthoringActivityDTO>
    <org.lamsfoundation.lams.learningdesign.dto.AuthoringActivityDTO>
      <activityID>1770</activityID>
      <activityUIID>14</activityUIID>
      <description>Sharing resource with others.</description>
      <activityTitle>Story</activityTitle>
      <helpText>Uploading your resources to share with others.</helpText>
      <helpURL>http://wiki.lamsfoundation.org/display/lamsdocs/larsrc11</helpURL>
      <xCoord>12</xCoord>
      <yCoord>148</yCoord>
      <activityTypeID>1</activityTypeID>
      <defineLater>false</defineLater>
      <learningDesignID>111</learningDesignID>
      <createDateTime class="sql-timestamp">2008-06-05 10:48:33.0</createDateTime>
      <runOffline>false</runOffline>
      <toolSignature>larsrc11</toolSignature>
      <toolID>6</toolID>
      <toolContentID>2029</toolContentID>
      <toolDisplayName>Shared Resources</toolDisplayName>
      <toolVersion>20070524</toolVersion>
      <authoringURL>tool/larsrc11/authoring/start.do</authoringURL>
      <monitoringURL>tool/larsrc11/monitoring/summary.do</monitoringURL>
      <contributeURL>tool/larsrc11/contribute.do</contributeURL>
      <moderationURL>tool/larsrc11/moderate.do</moderationURL>
      <activityCategoryID>4</activityCategoryID>
      <applyGrouping>false</applyGrouping>
      <groupingSupportType>2</groupingSupportType>
      <libraryActivityUIImage>tool/larsrc11/images/icon_rsrc.swf</libraryActivityUIImage>
      <readOnly>false</readOnly>
      <initialised>false</initialised>
    </org.lamsfoundation.lams.learningdesign.dto.AuthoringActivityDTO>
    <org.lamsfoundation.lams.learningdesign.dto.AuthoringActivityDTO>
      <activityID>1771</activityID>
      <activityUIID>16</activityUIID>
      <description>Each learner answers question(s) and then sees answers from all learners collated on the next page.</description>
      <activityTitle>Story Crunch 1</activityTitle>
      <helpText>Each learner answers one or more questions in short answer format and then sees answers from all learners collated on the next page.</helpText>
      <helpURL>http://wiki.lamsfoundation.org/display/lamsdocs/laqa11</helpURL>
      <xCoord>185</xCoord>
      <yCoord>145</yCoord>
      <activityTypeID>1</activityTypeID>
      <defineLater>false</defineLater>
      <learningDesignID>111</learningDesignID>
      <createDateTime class="sql-timestamp">2008-06-05 10:48:33.0</createDateTime>
      <runOffline>false</runOffline>
      <toolSignature>laqa11</toolSignature>
      <toolID>3</toolID>
      <toolContentID>2030</toolContentID>
      <toolDisplayName>Question and Answer</toolDisplayName>
      <toolVersion>20070524</toolVersion>
      <authoringURL>tool/laqa11/authoringStarter.do</authoringURL>
      <monitoringURL>tool/laqa11/monitoringStarter.do</monitoringURL>
      <contributeURL>tool/laqa11/monitoringStarter.do</contributeURL>
      <moderationURL>tool/laqa11/monitoringStarter.do</moderationURL>
      <activityCategoryID>6</activityCategoryID>
      <applyGrouping>false</applyGrouping>
      <groupingSupportType>2</groupingSupportType>
      <libraryActivityUIImage>tool/laqa11/images/icon_questionanswer.swf</libraryActivityUIImage>
      <readOnly>false</readOnly>
      <initialised>false</initialised>
    </org.lamsfoundation.lams.learningdesign.dto.AuthoringActivityDTO>
    <org.lamsfoundation.lams.learningdesign.dto.AuthoringActivityDTO>
      <activityID>1772</activityID>
      <activityUIID>23</activityUIID>
      <description>Tool for displaying HTML content including external sources such as images and other media.</description>
      <activityTitle>Motivation 2</activityTitle>
      <helpText>Displays formatted text and links to external sources on a read only page.</helpText>
      <helpURL>http://wiki.lamsfoundation.org/display/lamsdocs/lanb11</helpURL>
      <xCoord>14</xCoord>
      <yCoord>256</yCoord>
      <activityTypeID>1</activityTypeID>
      <defineLater>false</defineLater>
      <learningDesignID>111</learningDesignID>
      <createDateTime class="sql-timestamp">2008-06-05 10:48:33.0</createDateTime>
      <runOffline>false</runOffline>
      <toolSignature>lanb11</toolSignature>
      <toolID>2</toolID>
      <toolContentID>2031</toolContentID>
      <toolDisplayName>NoticeboardX</toolDisplayName>
      <toolVersion>20070524</toolVersion>
      <authoringURL>tool/lanb11/authoring.do</authoringURL>
      <monitoringURL>tool/lanb11/monitoring.do</monitoringURL>
      <activityCategoryID>4</activityCategoryID>
      <applyGrouping>false</applyGrouping>
      <groupingSupportType>2</groupingSupportType>
      <libraryActivityUIImage>tool/lanb11/images/icon_htmlnb.swf</libraryActivityUIImage>
      <readOnly>false</readOnly>
      <initialised>false</initialised>
    </org.lamsfoundation.lams.learningdesign.dto.AuthoringActivityDTO>
    <org.lamsfoundation.lams.learningdesign.dto.AuthoringActivityDTO>
      <activityID>1773</activityID>
      <activityUIID>25</activityUIID>
      <description>Tool for displaying HTML content including external sources such as images and other media.</description>
      <activityTitle>Contexts</activityTitle>
      <helpText>Displays formatted text and links to external sources on a read only page.</helpText>
      <helpURL>http://wiki.lamsfoundation.org/display/lamsdocs/lanb11</helpURL>
      <xCoord>188</xCoord>
      <yCoord>256</yCoord>
      <activityTypeID>1</activityTypeID>
      <defineLater>false</defineLater>
      <learningDesignID>111</learningDesignID>
      <createDateTime class="sql-timestamp">2008-06-05 10:48:33.0</createDateTime>
      <runOffline>false</runOffline>
      <toolSignature>lanb11</toolSignature>
      <toolID>2</toolID>
      <toolContentID>2032</toolContentID>
      <toolDisplayName>NoticeboardX</toolDisplayName>
      <toolVersion>20070524</toolVersion>
      <authoringURL>tool/lanb11/authoring.do</authoringURL>
      <monitoringURL>tool/lanb11/monitoring.do</monitoringURL>
      <activityCategoryID>4</activityCategoryID>
      <applyGrouping>false</applyGrouping>
      <groupingSupportType>2</groupingSupportType>
      <libraryActivityUIImage>tool/lanb11/images/icon_htmlnb.swf</libraryActivityUIImage>
      <readOnly>false</readOnly>
      <initialised>false</initialised>
    </org.lamsfoundation.lams.learningdesign.dto.AuthoringActivityDTO>
    <org.lamsfoundation.lams.learningdesign.dto.AuthoringActivityDTO>
      <activityID>1777</activityID>
      <activityUIID>61</activityUIID>
      <description>Tool for displaying HTML content including external sources such as images and other media.</description>
      <activityTitle>eToys Prep</activityTitle>
      <helpText>Displays formatted text and links to external sources on a read only page.</helpText>
      <helpURL>http://wiki.lamsfoundation.org/display/lamsdocs/lanb11</helpURL>
      <xCoord>15</xCoord>
      <yCoord>378</yCoord>
      <activityTypeID>1</activityTypeID>
      <defineLater>false</defineLater>
      <learningDesignID>111</learningDesignID>
      <createDateTime class="sql-timestamp">2008-06-05 10:48:33.0</createDateTime>
      <runOffline>false</runOffline>
      <toolSignature>lanb11</toolSignature>
      <toolID>2</toolID>
      <toolContentID>2036</toolContentID>
      <toolDisplayName>NoticeboardX</toolDisplayName>
      <toolVersion>20070524</toolVersion>
      <authoringURL>tool/lanb11/authoring.do</authoringURL>
      <monitoringURL>tool/lanb11/monitoring.do</monitoringURL>
      <activityCategoryID>4</activityCategoryID>
      <applyGrouping>false</applyGrouping>
      <groupingSupportType>2</groupingSupportType>
      <libraryActivityUIImage>tool/lanb11/images/icon_htmlnb.swf</libraryActivityUIImage>
      <readOnly>false</readOnly>
      <initialised>false</initialised>
    </org.lamsfoundation.lams.learningdesign.dto.AuthoringActivityDTO>
    <org.lamsfoundation.lams.learningdesign.dto.AuthoringActivityDTO>
      <activityID>1779</activityID>
      <activityUIID>66</activityUIID>
      <description>Tool for displaying HTML content including external sources such as images and other media.</description>
      <activityTitle>Outcome</activityTitle>
      <helpText>Displays formatted text and links to external sources on a read only page.</helpText>
      <helpURL>http://wiki.lamsfoundation.org/display/lamsdocs/lanb11</helpURL>
      <xCoord>510</xCoord>
      <yCoord>42</yCoord>
      <activityTypeID>1</activityTypeID>
      <defineLater>false</defineLater>
      <learningDesignID>111</learningDesignID>
      <createDateTime class="sql-timestamp">2008-06-05 10:48:33.0</createDateTime>
      <runOffline>false</runOffline>
      <toolSignature>lanb11</toolSignature>
      <toolID>2</toolID>
      <toolContentID>2038</toolContentID>
      <toolDisplayName>NoticeboardX</toolDisplayName>
      <toolVersion>20070524</toolVersion>
      <authoringURL>tool/lanb11/authoring.do</authoringURL>
      <monitoringURL>tool/lanb11/monitoring.do</monitoringURL>
      <activityCategoryID>4</activityCategoryID>
      <applyGrouping>false</applyGrouping>
      <groupingSupportType>2</groupingSupportType>
      <libraryActivityUIImage>tool/lanb11/images/icon_htmlnb.swf</libraryActivityUIImage>
      <readOnly>false</readOnly>
      <initialised>false</initialised>
    </org.lamsfoundation.lams.learningdesign.dto.AuthoringActivityDTO>
    <org.lamsfoundation.lams.learningdesign.dto.AuthoringActivityDTO>
      <activityID>1780</activityID>
      <activityUIID>71</activityUIID>
      <description>Each learner answers question(s) and then sees answers from all learners collated on the next page.</description>
      <activityTitle>Story Crunch 2</activityTitle>
      <helpText>Each learner answers one or more questions in short answer format and then sees answers from all learners collated on the next page.</helpText>
      <helpURL>http://wiki.lamsfoundation.org/display/lamsdocs/laqa11</helpURL>
      <xCoord>345</xCoord>
      <yCoord>145</yCoord>
      <activityTypeID>1</activityTypeID>
      <defineLater>false</defineLater>
      <learningDesignID>111</learningDesignID>
      <createDateTime class="sql-timestamp">2008-06-05 10:48:33.0</createDateTime>
      <runOffline>false</runOffline>
      <toolSignature>laqa11</toolSignature>
      <toolID>3</toolID>
      <toolContentID>2039</toolContentID>
      <toolDisplayName>Question and Answer</toolDisplayName>
      <toolVersion>20070524</toolVersion>
      <authoringURL>tool/laqa11/authoringStarter.do</authoringURL>
      <monitoringURL>tool/laqa11/monitoringStarter.do</monitoringURL>
      <contributeURL>tool/laqa11/monitoringStarter.do</contributeURL>
      <moderationURL>tool/laqa11/monitoringStarter.do</moderationURL>
      <activityCategoryID>6</activityCategoryID>
      <applyGrouping>false</applyGrouping>
      <groupingSupportType>2</groupingSupportType>
      <libraryActivityUIImage>tool/laqa11/images/icon_questionanswer.swf</libraryActivityUIImage>
      <readOnly>false</readOnly>
      <initialised>false</initialised>
    </org.lamsfoundation.lams.learningdesign.dto.AuthoringActivityDTO>
    <org.lamsfoundation.lams.learningdesign.dto.AuthoringActivityDTO>
      <activityID>1781</activityID>
      <activityUIID>73</activityUIID>
      <description>Each learner answers question(s) and then sees answers from all learners collated on the next page.</description>
      <activityTitle>Story Crunch 3</activityTitle>
      <helpText>Each learner answers one or more questions in short answer format and then sees answers from all learners collated on the next page.</helpText>
      <helpURL>http://wiki.lamsfoundation.org/display/lamsdocs/laqa11</helpURL>
      <xCoord>508</xCoord>
      <yCoord>142</yCoord>
      <activityTypeID>1</activityTypeID>
      <defineLater>false</defineLater>
      <learningDesignID>111</learningDesignID>
      <createDateTime class="sql-timestamp">2008-06-05 10:48:33.0</createDateTime>
      <runOffline>false</runOffline>
      <toolSignature>laqa11</toolSignature>
      <toolID>3</toolID>
      <toolContentID>2040</toolContentID>
      <toolDisplayName>Question and Answer</toolDisplayName>
      <toolVersion>20070524</toolVersion>
      <authoringURL>tool/laqa11/authoringStarter.do</authoringURL>
      <monitoringURL>tool/laqa11/monitoringStarter.do</monitoringURL>
      <contributeURL>tool/laqa11/monitoringStarter.do</contributeURL>
      <moderationURL>tool/laqa11/monitoringStarter.do</moderationURL>
      <activityCategoryID>6</activityCategoryID>
      <applyGrouping>false</applyGrouping>
      <groupingSupportType>2</groupingSupportType>
      <libraryActivityUIImage>tool/laqa11/images/icon_questionanswer.swf</libraryActivityUIImage>
      <readOnly>false</readOnly>
      <initialised>false</initialised>
    </org.lamsfoundation.lams.learningdesign.dto.AuthoringActivityDTO>
  </activities>
  <transitions>
    <org.lamsfoundation.lams.learningdesign.dto.TransitionDTO>
      <transitionID>1668</transitionID>
      <transitionUIID>75</transitionUIID>
      <toUIID>23</toUIID>
      <fromUIID>73</fromUIID>
      <createDateTime class="sql-timestamp">2008-07-21 11:33:51.0</createDateTime>
      <toActivityID>1772</toActivityID>
      <fromActivityID>1781</fromActivityID>
      <learningDesignID>111</learningDesignID>
    </org.lamsfoundation.lams.learningdesign.dto.TransitionDTO>
    <org.lamsfoundation.lams.learningdesign.dto.TransitionDTO>
      <transitionID>1658</transitionID>
      <transitionUIID>39</transitionUIID>
      <toUIID>8</toUIID>
      <fromUIID>2</fromUIID>
      <createDateTime class="sql-timestamp">2008-07-21 11:33:51.0</createDateTime>
      <toActivityID>1769</toActivityID>
      <fromActivityID>1768</fromActivityID>
      <learningDesignID>111</learningDesignID>
    </org.lamsfoundation.lams.learningdesign.dto.TransitionDTO>
    <org.lamsfoundation.lams.learningdesign.dto.TransitionDTO>
      <transitionID>1665</transitionID>
      <transitionUIID>20</transitionUIID>
      <toUIID>16</toUIID>
      <fromUIID>14</fromUIID>
      <createDateTime class="sql-timestamp">2008-07-21 11:33:51.0</createDateTime>
      <toActivityID>1771</toActivityID>
      <fromActivityID>1770</fromActivityID>
      <learningDesignID>111</learningDesignID>
    </org.lamsfoundation.lams.learningdesign.dto.TransitionDTO>
    <org.lamsfoundation.lams.learningdesign.dto.TransitionDTO>
      <transitionID>1661</transitionID>
      <transitionUIID>72</transitionUIID>
      <toUIID>71</toUIID>
      <fromUIID>16</fromUIID>
      <createDateTime class="sql-timestamp">2008-07-21 11:33:51.0</createDateTime>
      <toActivityID>1780</toActivityID>
      <fromActivityID>1771</fromActivityID>
      <learningDesignID>111</learningDesignID>
    </org.lamsfoundation.lams.learningdesign.dto.TransitionDTO>
    <org.lamsfoundation.lams.learningdesign.dto.TransitionDTO>
      <transitionID>1667</transitionID>
      <transitionUIID>68</transitionUIID>
      <toUIID>14</toUIID>
      <fromUIID>66</fromUIID>
      <createDateTime class="sql-timestamp">2008-07-21 11:33:51.0</createDateTime>
      <toActivityID>1770</toActivityID>
      <fromActivityID>1779</fromActivityID>
      <learningDesignID>111</learningDesignID>
    </org.lamsfoundation.lams.learningdesign.dto.TransitionDTO>
    <org.lamsfoundation.lams.learningdesign.dto.TransitionDTO>
      <transitionID>1672</transitionID>
      <transitionUIID>87</transitionUIID>
      <toUIID>61</toUIID>
      <fromUIID>25</fromUIID>
      <createDateTime class="sql-timestamp">2008-07-21 11:33:51.0</createDateTime>
      <toActivityID>1777</toActivityID>
      <fromActivityID>1773</fromActivityID>
      <learningDesignID>111</learningDesignID>
    </org.lamsfoundation.lams.learningdesign.dto.TransitionDTO>
    <org.lamsfoundation.lams.learningdesign.dto.TransitionDTO>
      <transitionID>1660</transitionID>
      <transitionUIID>85</transitionUIID>
      <toUIID>25</toUIID>
      <fromUIID>23</fromUIID>
      <createDateTime class="sql-timestamp">2008-07-21 11:33:51.0</createDateTime>
      <toActivityID>1773</toActivityID>
      <fromActivityID>1772</fromActivityID>
      <learningDesignID>111</learningDesignID>
    </org.lamsfoundation.lams.learningdesign.dto.TransitionDTO>
    <org.lamsfoundation.lams.learningdesign.dto.TransitionDTO>
      <transitionID>1670</transitionID>
      <transitionUIID>74</transitionUIID>
      <toUIID>73</toUIID>
      <fromUIID>71</fromUIID>
      <createDateTime class="sql-timestamp">2008-07-21 11:33:51.0</createDateTime>
      <toActivityID>1781</toActivityID>
      <fromActivityID>1780</fromActivityID>
      <learningDesignID>111</learningDesignID>
    </org.lamsfoundation.lams.learningdesign.dto.TransitionDTO>
    <org.lamsfoundation.lams.learningdesign.dto.TransitionDTO>
      <transitionID>1664</transitionID>
      <transitionUIID>84</transitionUIID>
      <toUIID>2</toUIID>
      <fromUIID>1</fromUIID>
      <createDateTime class="sql-timestamp">2008-07-21 11:33:51.0</createDateTime>
      <toActivityID>1768</toActivityID>
      <fromActivityID>1767</fromActivityID>
      <learningDesignID>111</learningDesignID>
    </org.lamsfoundation.lams.learningdesign.dto.TransitionDTO>
    <org.lamsfoundation.lams.learningdesign.dto.TransitionDTO>
      <transitionID>1666</transitionID>
      <transitionUIID>67</transitionUIID>
      <toUIID>66</toUIID>
      <fromUIID>8</fromUIID>
      <createDateTime class="sql-timestamp">2008-07-21 11:33:51.0</createDateTime>
      <toActivityID>1779</toActivityID>
      <fromActivityID>1769</fromActivityID>
      <learningDesignID>111</learningDesignID>
    </org.lamsfoundation.lams.learningdesign.dto.TransitionDTO>
  </transitions>
</org.lamsfoundation.lams.learningdesign.dto.LearningDesignDTO>