<org.lamsfoundation.lams.tool.noticeboard.NoticeboardContent>
  <nbContentId>2409</nbContentId>
  <title>Something to remember.</title>
  <content>&lt;table width="400" cellspacing="9" cellpadding="9" border="0" summary="" style="background: rgb(248, 200, 30) none repeat scroll 0% 50%; -moz-background-clip: -moz-initial; -moz-background-origin: -moz-initial; -moz-background-inline-policy: -moz-initial;"&gt;
    &lt;tbody&gt;
        &lt;tr&gt;
            &lt;td width="176" align="left"&gt;&amp;nbsp;&lt;img height="396" width="186" align="left" src="/lams//www/secure/4028813915760eb301157a04abe7005a/Image/K456 Tia 19.gif" alt="Tia" /&gt;&lt;/td&gt;
            &lt;td&gt;&lt;font size="3"&gt;&lt;font face="Comic Sans MS"&gt;
            &lt;p&gt;&lt;strong&gt;&lt;font size="3"&gt;This is what I think was wrong with Jojo...&lt;/font&gt;&lt;/strong&gt;&lt;/p&gt;
            &lt;p&gt;&lt;font size="3"&gt;The poor guy was so keen to sell T-shirts that he fell into&amp;nbsp;a common thinking trap.&lt;/font&gt;&lt;/p&gt;
            &lt;p&gt;&lt;font size="3"&gt;It wasn't that Jojo&amp;nbsp;was thinking &lt;strong&gt;forward&lt;/strong&gt; to his mountain bike too much. In fact his persistent pursuit of a goal was a strength and not a weakness.&lt;/font&gt;&lt;/p&gt;
            &lt;p&gt;&lt;font size="3"&gt;Jojo&amp;rsquo;s problem was that he was thinking &lt;strong&gt;backward &lt;/strong&gt;in the wrong way. He&amp;nbsp;only &lt;strong&gt;remembered &lt;/strong&gt;the good things that happened each day. And those good things seemed to support his original plan. And so he was unwilling to change his plan because, as far as he could see, he had no new &lt;strong&gt;information&lt;/strong&gt;. &lt;br /&gt;
            &lt;/font&gt;&lt;/p&gt;
            &lt;p&gt;&lt;font size="3"&gt;Don&amp;rsquo;t laugh too long at Jojo. This is a very easy trap to fall into. You must learn to look at &lt;strong&gt;all &lt;/strong&gt;the facts and not just the ones that seem to support you.&lt;/font&gt;&lt;font size="3" /&gt;&lt;/p&gt;
            &lt;/font&gt;&lt;/font&gt;&lt;/td&gt;
        &lt;/tr&gt;
    &lt;/tbody&gt;
&lt;/table&gt;</content>
  <onlineInstructions></onlineInstructions>
  <offlineInstructions></offlineInstructions>
  <defineLater>false</defineLater>
  <forceOffline>false</forceOffline>
  <reflectOnActivity>false</reflectOnActivity>
  <reflectInstructions></reflectInstructions>
  <contentInUse>false</contentInUse>
  <creatorUserId>9</creatorUserId>
  <dateCreated class="sql-timestamp">2007-10-07 13:14:54.0</dateCreated>
  <dateUpdated class="sql-timestamp">2008-07-22 15:58:56.0</dateUpdated>
  <nbAttachments/>
</org.lamsfoundation.lams.tool.noticeboard.NoticeboardContent>