<org.lamsfoundation.lams.tool.noticeboard.NoticeboardContent>
  <nbContentId>2012</nbContentId>
  <title>Why think past stage one?</title>
  <content>&lt;table width="400" cellspacing="9" cellpadding="9" border="0" align="" summary="" style="background: rgb(248, 200, 30) none repeat scroll 0% 50%; -moz-background-clip: -moz-initial; -moz-background-origin: -moz-initial; -moz-background-inline-policy: -moz-initial;"&gt;
    &lt;tbody&gt;
        &lt;tr&gt;
            &lt;td&gt;&amp;nbsp;&lt;/td&gt;
            &lt;td&gt;&amp;nbsp;&lt;/td&gt;
        &lt;/tr&gt;
        &lt;tr&gt;
            &lt;td width="176" align="left"&gt;&amp;nbsp;&lt;img width="188" height="396" align="left" src="/lams//www/secure/4028813915760eb301157a04abe7005a/Image/K456 Tia 22.gif" alt="Tia" /&gt;&lt;/td&gt;
            &lt;td&gt;&lt;font size="3"&gt;&lt;font face="Comic Sans MS"&gt;&lt;strong&gt;Why think past stage one&lt;/strong&gt;&lt;/font&gt;&lt;/font&gt;&lt;font size="3"&gt;&lt;font face="Comic Sans MS"&gt;&lt;strong&gt;?&lt;/strong&gt;&lt;br /&gt;
            &lt;br /&gt;
            If the ice cream story wasn&amp;rsquo;t enough to convince you, then think about this. Every day you make choices. All your choices have effects. Some of them are easy to see, like a sore tummy and an angry mom. But some are difficult to see. And it takes practice to &lt;span style="font-weight: bold;"&gt;see past stage one.&lt;/span&gt;&lt;br /&gt;
            &lt;br /&gt;
            For example, could you imagine rabbits being terrible pests? Well that&amp;rsquo;s how they&amp;rsquo;re seen in Australia. (Except the ones that are kept as pets, of course.) The reason is that they destroy millions of dollars of crops every year. And because they are so destructive, they have endangered other indigenous animals.&lt;br /&gt;
            &lt;br /&gt;
            It all started when an Australian farmer imported 24 rabbits from England and released them on his farm. Very soon 24 rabbits became millions of rabbits. And the millions of rabbits did what rabbits do: they ate, and ate, and ate. And ate! &lt;br /&gt;
            &lt;br /&gt;
            Ruined crops? Extinct indigenous animals? If that poor farmer was thinking past stage one, then none of these terrible things would ever have happened.&lt;br /&gt;
            &lt;/font&gt;&lt;/font&gt;&lt;font size="3"&gt;&lt;font face="Comic Sans MS"&gt;             &lt;/font&gt;&lt;/font&gt;&lt;font size="3"&gt;&lt;font size="3"&gt;&lt;font face="Comic Sans MS"&gt;             &lt;/font&gt;&lt;/font&gt;&lt;/font&gt;&lt;/td&gt;
        &lt;/tr&gt;
    &lt;/tbody&gt;
&lt;/table&gt;</content>
  <onlineInstructions></onlineInstructions>
  <offlineInstructions></offlineInstructions>
  <defineLater>false</defineLater>
  <forceOffline>false</forceOffline>
  <reflectOnActivity>false</reflectOnActivity>
  <reflectInstructions></reflectInstructions>
  <contentInUse>false</contentInUse>
  <creatorUserId>9</creatorUserId>
  <dateCreated class="sql-timestamp">2007-10-07 13:14:54.0</dateCreated>
  <dateUpdated class="sql-timestamp">2008-07-07 15:35:48.0</dateUpdated>
  <nbAttachments/>
</org.lamsfoundation.lams.tool.noticeboard.NoticeboardContent>