<org.lamsfoundation.lams.tool.noticeboard.NoticeboardContent>
  <nbContentId>1842</nbContentId>
  <title>Prepare for eToys!</title>
  <content>&lt;table width="400" cellspacing="9" cellpadding="9" border="0" align="" style="background: rgb(20, 75, 215) none repeat scroll 0% 50%; -moz-background-clip: -moz-initial; -moz-background-origin: -moz-initial; -moz-background-inline-policy: -moz-initial;" summary=""&gt;
    &lt;tbody&gt;
        &lt;tr&gt;
            &lt;td width="176" align="center"&gt;&amp;nbsp;&lt;img width="280" height="396" alt="" src="/lams//www/secure/4028813915760eb301157a04abe7005a/Image/K456 Tia 03.gif" /&gt;&lt;br /&gt;
            &lt;/td&gt;
            &lt;td width="300" align="left"&gt;&lt;font size="3"&gt;&lt;font face="Comic Sans MS"&gt;&lt;font color="#ffffff"&gt;&lt;strong&gt;Okay, you&amp;rsquo;re ready to begin playing with eToys! &lt;br /&gt;
            &lt;br /&gt;
            You&amp;rsquo;re going to leave eToys now and launch Squeak, the eToys application. When you&amp;rsquo;re finished with Squeak you&amp;rsquo;ll need to come back to Firefox.&lt;br /&gt;
            &lt;br /&gt;
            Are you ready to start eToys? Okay, first minimise Firefox. Then, on your desktop, find the Squeak application icon, which looks like a mouse. Double click it to launch Squeak. Do that now and then your teacher will show you what to do next. &lt;br /&gt;
            &lt;br /&gt;
            Goodbye for now!&lt;/strong&gt;&lt;/font&gt;&lt;/font&gt;&lt;/font&gt;&lt;font size="3"&gt;&lt;font face="Comic Sans MS"&gt;&lt;br /&gt;
            &lt;/font&gt;&lt;/font&gt;&lt;font size="3"&gt;&lt;font face="Comic Sans MS"&gt;             &lt;/font&gt;&lt;/font&gt;&lt;/td&gt;
            &lt;td&gt;&lt;br /&gt;
            &lt;br /&gt;
            &lt;br /&gt;
            &lt;br /&gt;
            &lt;br /&gt;
            &lt;br /&gt;
            &lt;br /&gt;
            &lt;br /&gt;
            &lt;br /&gt;
            &lt;br /&gt;
            &lt;br /&gt;
            &lt;br /&gt;
            &lt;br /&gt;
            &lt;br /&gt;
            &lt;br /&gt;
            &lt;img width="100" height="75" align="bottom" alt="" src="/lams//www/secure/4028813915760eb301157a04abe7005a/Image/Squeak.gif" /&gt;&lt;/td&gt;
        &lt;/tr&gt;
    &lt;/tbody&gt;
&lt;/table&gt;</content>
  <onlineInstructions></onlineInstructions>
  <offlineInstructions></offlineInstructions>
  <defineLater>false</defineLater>
  <forceOffline>false</forceOffline>
  <reflectOnActivity>false</reflectOnActivity>
  <reflectInstructions></reflectInstructions>
  <contentInUse>false</contentInUse>
  <creatorUserId>9</creatorUserId>
  <dateCreated class="sql-timestamp">2007-10-27 23:26:23.0</dateCreated>
  <dateUpdated class="sql-timestamp">2008-07-07 11:04:53.0</dateUpdated>
  <nbAttachments/>
</org.lamsfoundation.lams.tool.noticeboard.NoticeboardContent>