<org.lamsfoundation.lams.tool.noticeboard.NoticeboardContent>
  <nbContentId>2206</nbContentId>
  <title>Welcome to Kusasa!</title>
  <content>&lt;table width="400" cellspacing="9" cellpadding="9" border="0" summary="" style="background: rgb(248, 200, 30) none repeat scroll 0% 50%; -moz-background-clip: -moz-initial; -moz-background-origin: -moz-initial; -moz-background-inline-policy: -moz-initial;"&gt;
    &lt;tbody&gt;
        &lt;tr&gt;
            &lt;td align="center" colspan="2"&gt;&lt;font size="3"&gt;&lt;img height="71" width="500" align="middle" src="/lams//www/secure/4028813915760eb301157a04abe7005a/Image/K0203BannerGame.gif" alt="" /&gt;&amp;nbsp;&amp;nbsp;&lt;/font&gt;&lt;/td&gt;
        &lt;/tr&gt;
        &lt;tr&gt;
            &lt;td width="176" align="left"&gt;&lt;font size="3"&gt;&amp;nbsp;&lt;img height="320" width="165" src="/lams//www/secure/4028813915760eb301157a04abe7005a/Image/K456 Tia 11.gif" alt="" /&gt;&lt;br /&gt;
            &lt;/font&gt;&lt;/td&gt;
            &lt;td&gt;
            &lt;p&gt;&lt;font size="3"&gt;&amp;nbsp;&lt;br /&gt;
            &lt;font face="Comic Sans MS"&gt;&lt;/font&gt;&lt;/font&gt;&lt;font face="Comic Sans MS" size="3"&gt;This Kusasa module is about changing your&lt;strong&gt; point of view.&lt;/strong&gt;&lt;/font&gt;&lt;/p&gt;
            &lt;p&gt;&lt;font face="Comic Sans MS" size="3"&gt;Changing your point of view doesn&amp;rsquo;t just mean changing the place where you look &lt;strong&gt;from&lt;/strong&gt;. It also means changing the &lt;strong&gt;way&lt;/strong&gt; you think about something.&lt;/font&gt;&lt;/p&gt;
            &lt;p&gt;&lt;font face="Comic Sans MS" size="3"&gt;This could mean changing the assumptions you make, asking different questions or simply trying to think about something in a different way.&lt;/font&gt;&lt;/p&gt;
            &lt;p&gt;&lt;font face="Comic Sans MS" size="3"&gt;Ready for the next page? just click [Finish] below...&amp;nbsp;&lt;/font&gt;&lt;/p&gt;
            &lt;p&gt;&lt;font face="Comic Sans MS" size="3"&gt;&lt;br /&gt;
            &lt;/font&gt;&lt;/p&gt;
            &lt;p&gt;&lt;font face="Comic Sans MS" size="3"&gt;&lt;/font&gt;&lt;font face="Comic Sans MS"&gt;&lt;/font&gt;&lt;/p&gt;
            &lt;p&gt;&amp;nbsp;&lt;/p&gt;
            &lt;/td&gt;
        &lt;/tr&gt;
    &lt;/tbody&gt;
&lt;/table&gt;</content>
  <onlineInstructions></onlineInstructions>
  <offlineInstructions></offlineInstructions>
  <defineLater>false</defineLater>
  <forceOffline>false</forceOffline>
  <reflectOnActivity>false</reflectOnActivity>
  <reflectInstructions></reflectInstructions>
  <contentInUse>false</contentInUse>
  <creatorUserId>9</creatorUserId>
  <dateCreated class="sql-timestamp">2007-10-07 13:14:54.0</dateCreated>
  <dateUpdated class="sql-timestamp">2008-07-17 09:03:36.0</dateUpdated>
  <nbAttachments/>
</org.lamsfoundation.lams.tool.noticeboard.NoticeboardContent>