<org.lamsfoundation.lams.tool.noticeboard.NoticeboardContent>
  <nbContentId>2228</nbContentId>
  <title>Something to remember.</title>
  <content>&lt;table width="400" cellspacing="9" cellpadding="9" border="0" summary="" style="background: rgb(248, 200, 30) none repeat scroll 0% 50%; -moz-background-clip: -moz-initial; -moz-background-origin: -moz-initial; -moz-background-inline-policy: -moz-initial;"&gt;
    &lt;tbody&gt;
        &lt;tr&gt;
            &lt;td width="176" align="left"&gt;&lt;font face="Comic Sans MS" size="3"&gt;&amp;nbsp;&lt;img height="396" width="229" align="left" src="/lams//www/secure/4028813915760eb301157a04abe7005a/Image/K456 Tia 23.gif" alt="Tia" /&gt;&lt;/font&gt;&lt;/td&gt;
            &lt;td&gt;
            &lt;p&gt;&lt;strong&gt;&lt;font face="Comic Sans MS" size="3"&gt;This is&amp;nbsp;how I think this story tells us how to use information to improve our work...&lt;/font&gt;&lt;/strong&gt;&lt;/p&gt;
            &lt;p&gt;&lt;font face="Comic Sans MS" size="3"&gt;&lt;font face="Comic Sans MS" size="3"&gt;When Tom&amp;rsquo;s first test balloon&amp;nbsp;burst right next to him it didn&amp;rsquo;t look very likely that he could meet Lazlo&amp;rsquo;s challenge.&lt;/font&gt;&lt;/font&gt;&lt;/p&gt;
            &lt;p&gt;&lt;font face="Comic Sans MS" size="3"&gt;But he used the Scientific Method to send his balloon high into the sky.&amp;nbsp;He &lt;strong&gt;observed &lt;/strong&gt;its progress, &lt;strong&gt;hypothesised&lt;/strong&gt; ways of improving it and &lt;strong&gt;experimented&lt;/strong&gt; to test his hypotheses.&lt;/font&gt;&lt;/p&gt;
            &lt;p&gt;&lt;font face="Comic Sans MS" size="3"&gt;But Tom&amp;rsquo;s mistakes and burst test balloons were necessary to his eventual success. He could never have found the information he needed without these experiments.&lt;/font&gt;&lt;/p&gt;
            &lt;p&gt;&lt;font face="Comic Sans MS" size="3"&gt;This process of making mistakes until we find the right information is called &lt;strong&gt;&amp;quot;Trial and Error&amp;quot;.&lt;/strong&gt;&lt;/font&gt;&lt;font face="Comic Sans MS" size="3"&gt;&lt;br /&gt;
            &lt;/font&gt;&lt;/p&gt;
            &lt;br /&gt;
            &lt;br /&gt;
            &lt;/td&gt;
        &lt;/tr&gt;
    &lt;/tbody&gt;
&lt;/table&gt;</content>
  <onlineInstructions></onlineInstructions>
  <offlineInstructions></offlineInstructions>
  <defineLater>false</defineLater>
  <forceOffline>false</forceOffline>
  <reflectOnActivity>false</reflectOnActivity>
  <reflectInstructions></reflectInstructions>
  <contentInUse>false</contentInUse>
  <creatorUserId>9</creatorUserId>
  <dateCreated class="sql-timestamp">2007-10-07 13:14:54.0</dateCreated>
  <dateUpdated class="sql-timestamp">2008-07-17 12:40:38.0</dateUpdated>
  <nbAttachments/>
</org.lamsfoundation.lams.tool.noticeboard.NoticeboardContent>