<org.lamsfoundation.lams.tool.noticeboard.NoticeboardContent>
  <nbContentId>1833</nbContentId>
  <title>Welcome to Kusasa!</title>
  <content>&lt;table width="400" cellspacing="9" cellpadding="9" border="0" align="" summary="" style="background: rgb(248, 200, 30) none repeat scroll 0% 50%; -moz-background-clip: -moz-initial; -moz-background-origin: -moz-initial; -moz-background-inline-policy: -moz-initial;"&gt;
    &lt;tbody&gt;
        &lt;tr&gt;
            &lt;td align="center" colspan="2"&gt;&lt;img width="500" height="71" alt="" src="/lams//www/secure/4028813915760eb301157a04abe7005a/Image/K0101BannerKids.gif" /&gt;&lt;br /&gt;
            &amp;nbsp;&amp;nbsp;&lt;/td&gt;
        &lt;/tr&gt;
        &lt;tr&gt;
            &lt;td width="176" align="left"&gt;&amp;nbsp;&lt;img width="240" height="396" align="left" src="/lams//www/secure/4028813915760eb301157a04abe7005a/Image/K456 Tia 15.gif" alt="Tia" /&gt;&lt;/td&gt;
            &lt;td&gt;&amp;nbsp;&lt;br /&gt;
            &lt;br /&gt;
            &lt;font size="3"&gt;&lt;font face="Comic Sans MS"&gt;Hi, my name is Tia. Welcome to your first &lt;strong&gt;Kusasa&lt;/strong&gt; lesson!&lt;br /&gt;
            &lt;br /&gt;
            What is Kusasa?&lt;/font&gt;&lt;/font&gt;&lt;font size="3"&gt;&lt;font face="Comic Sans MS"&gt; It&amp;rsquo;s all about &lt;strong&gt;learning to think&lt;/strong&gt;. &lt;br /&gt;
            But you already know how to think, don&amp;rsquo;t you? &lt;br /&gt;
            Sure you do. But thinking is like swimming. &lt;br /&gt;
            &lt;br /&gt;
            You can do freestyle and breast-stroke.&lt;br /&gt;
            &lt;/font&gt;&lt;/font&gt;&lt;font size="3"&gt;&lt;font face="Comic Sans MS"&gt;             You can do&lt;/font&gt;&lt;/font&gt;&lt;font size="3"&gt;&lt;font face="Comic Sans MS"&gt; butterfly and back-stroke. &lt;br /&gt;
            There are &lt;strong&gt;different ways to swim&lt;/strong&gt;.&lt;br /&gt;
            And there are &lt;strong&gt;different ways to think&lt;/strong&gt;.&lt;br /&gt;
            With Kusasa you&amp;rsquo;ll learn new kinds of thinking!&lt;br /&gt;
            &lt;br /&gt;
            Ready for the next page? Just click [Finish] below...&lt;/font&gt;&lt;/font&gt;&lt;/td&gt;
        &lt;/tr&gt;
    &lt;/tbody&gt;
&lt;/table&gt;</content>
  <onlineInstructions></onlineInstructions>
  <offlineInstructions></offlineInstructions>
  <defineLater>false</defineLater>
  <forceOffline>false</forceOffline>
  <reflectOnActivity>false</reflectOnActivity>
  <reflectInstructions></reflectInstructions>
  <contentInUse>false</contentInUse>
  <creatorUserId>9</creatorUserId>
  <dateCreated class="sql-timestamp">2007-10-07 13:14:54.0</dateCreated>
  <dateUpdated class="sql-timestamp">2008-07-07 10:40:49.0</dateUpdated>
  <nbAttachments/>
</org.lamsfoundation.lams.tool.noticeboard.NoticeboardContent>