<org.lamsfoundation.lams.tool.noticeboard.NoticeboardContent>
  <nbContentId>2018</nbContentId>
  <title>Thinking about consequences in different ways</title>
  <content>&lt;table width="400" cellspacing="9" cellpadding="9" border="0" align="" summary="" style="background: rgb(240, 156, 8) none repeat scroll 0% 50%; -moz-background-clip: -moz-initial; -moz-background-origin: -moz-initial; -moz-background-inline-policy: -moz-initial;"&gt;
    &lt;tbody&gt;
        &lt;tr&gt;
            &lt;td width="110" align="center"&gt;&amp;nbsp;&lt;img width="186" height="396" align="middle" src="/lams//www/secure/4028813915760eb301157a04abe7005a/Image/K456 Tia 19.gif" alt="Tia" /&gt;&lt;/td&gt;
            &lt;td width="300" align="left"&gt;&lt;font size="3"&gt;&lt;font face="Comic Sans MS"&gt;&lt;strong&gt;Thinking about consequences&lt;/strong&gt;&lt;/font&gt;&lt;/font&gt;&lt;font size="3"&gt;&lt;font size="3"&gt;&lt;font face="Comic Sans MS"&gt;&lt;br /&gt;
            &lt;br /&gt;
            Consequences are all the things that happen because of your actions.&lt;br /&gt;
            &lt;br /&gt;
            Imagine that you build a house of straw or wood. It could burn down. And if the big, bad wolf is in town, then you&amp;rsquo;re in double trouble. These are the possible &lt;strong&gt;consequences&lt;/strong&gt; of your action.&lt;br /&gt;
            &lt;br /&gt;
            Okay, so let&amp;rsquo;s be a little more serious. Imagine that you are doing a math problem. You do the first step carelessly. And although you do everything else carefully, you still get the wrong answer. Because the wrong answer is the consequence of your lazy work at the beginning of the problem.&lt;br /&gt;
            &lt;br /&gt;
            Imagine that you are a doing an eToys challenge. The cool thing about eToys is that if you do something wrong, the consequences are never that bad. If you use the wrong script, it sometimes makes you laugh. You expect one &lt;strong&gt;outcome&lt;/strong&gt;, or &lt;strong&gt;consequence&lt;/strong&gt;, and get another. And fixing the problem is simple. You replace the faulty script. Then the problem is no problem at all!&lt;br /&gt;
            &lt;/font&gt;&lt;/font&gt;&lt;/font&gt;&lt;font size="3"&gt;&lt;font size="3"&gt;&lt;font face="Comic Sans MS"&gt;             &lt;/font&gt;&lt;/font&gt;&lt;font size="3"&gt;             &lt;/font&gt;&lt;/font&gt;&lt;/td&gt;
        &lt;/tr&gt;
    &lt;/tbody&gt;
&lt;/table&gt;</content>
  <onlineInstructions></onlineInstructions>
  <offlineInstructions></offlineInstructions>
  <defineLater>false</defineLater>
  <forceOffline>false</forceOffline>
  <reflectOnActivity>false</reflectOnActivity>
  <reflectInstructions></reflectInstructions>
  <contentInUse>false</contentInUse>
  <creatorUserId>9</creatorUserId>
  <dateCreated class="sql-timestamp">2007-10-08 22:53:52.0</dateCreated>
  <dateUpdated class="sql-timestamp">2008-07-07 15:39:05.0</dateUpdated>
  <nbAttachments/>
</org.lamsfoundation.lams.tool.noticeboard.NoticeboardContent>