<org.lamsfoundation.lams.tool.noticeboard.NoticeboardContent>
  <nbContentId>2404</nbContentId>
  <title>Welcome to Kusasa!</title>
  <content>&lt;table width="400" cellspacing="9" cellpadding="9" border="0" summary="" style="background: rgb(248, 200, 30) none repeat scroll 0% 50%; -moz-background-clip: -moz-initial; -moz-background-origin: -moz-initial; -moz-background-inline-policy: -moz-initial;"&gt;
    &lt;tbody&gt;
        &lt;tr&gt;
            &lt;td align="center" colspan="2"&gt;&lt;font size="3"&gt;&lt;img height="71" width="500" align="middle" src="/lams//www/secure/4028813915760eb301157a04abe7005a/Image/K0305BannerTs.gif" alt="" /&gt;&amp;nbsp;&amp;nbsp;&lt;/font&gt;&lt;/td&gt;
        &lt;/tr&gt;
        &lt;tr&gt;
            &lt;td width="176" align="left"&gt;&lt;font size="3"&gt;&amp;nbsp;&lt;img height="396" width="240" align="left" src="/lams//www/secure/4028813915760eb301157a04abe7005a/Image/K456 Tia 15.gif" alt="Tia" /&gt;&lt;/font&gt;&lt;/td&gt;
            &lt;td&gt;
            &lt;p&gt;&lt;font size="3"&gt;&lt;font face="Comic Sans MS"&gt;This Kusasa module is about&amp;nbsp;seeking and using &lt;strong&gt;information &lt;/strong&gt;to improve your thinking.&lt;/font&gt;&lt;/font&gt;&lt;/p&gt;
            &lt;p&gt;&lt;font face="Comic Sans MS" size="3"&gt;&amp;rsquo;Information&amp;rsquo; is a pretty broad term that you&amp;rsquo;ve probably heard a lot&lt;/font&gt;&lt;font face="Comic Sans MS" size="3"&gt;. It could cover facts, figures, graphs, pictures... all sorts of things. But today we&amp;rsquo;re talking about the kind of&amp;nbsp;information that you would get from &lt;strong&gt;research&lt;/strong&gt;.&lt;/font&gt;&lt;/p&gt;
            &lt;p&gt;&lt;font face="Comic Sans MS" size="3"&gt;Now &amp;rsquo;research&amp;rsquo;&amp;nbsp;also covers a lot of things. It could mean going to the library, surfing the web, conducting experiments... the list goes on. The more&amp;nbsp;sources you find&amp;nbsp;the better your information will be.&lt;/font&gt;&lt;/p&gt;
            &lt;p&gt;&lt;font face="Comic Sans MS" size="3"&gt;And&amp;nbsp;better information means that you can use it &lt;strong&gt;more&lt;/strong&gt; to get better results.&lt;/font&gt;&lt;/p&gt;
            &lt;p&gt;&lt;font face="Comic Sans MS" size="3"&gt;Ready for the next page? just click [Finish] below...&amp;nbsp;&lt;/font&gt;&lt;/p&gt;
            &lt;p&gt;&lt;font face="Comic Sans MS"&gt;&lt;br /&gt;
            &lt;font size="3"&gt;&lt;/font&gt;&lt;/font&gt;&lt;/p&gt;
            &lt;p&gt;&lt;font size="3"&gt;&lt;font face="Comic Sans MS"&gt;&lt;/font&gt;&lt;font face="Comic Sans MS"&gt;&lt;/font&gt;&lt;/font&gt;&lt;/p&gt;
            &lt;p&gt;&lt;font size="3"&gt;&amp;nbsp;&lt;/font&gt;&lt;/p&gt;
            &lt;/td&gt;
        &lt;/tr&gt;
    &lt;/tbody&gt;
&lt;/table&gt;</content>
  <onlineInstructions></onlineInstructions>
  <offlineInstructions></offlineInstructions>
  <defineLater>false</defineLater>
  <forceOffline>false</forceOffline>
  <reflectOnActivity>false</reflectOnActivity>
  <reflectInstructions></reflectInstructions>
  <contentInUse>false</contentInUse>
  <creatorUserId>9</creatorUserId>
  <dateCreated class="sql-timestamp">2007-10-07 13:14:54.0</dateCreated>
  <dateUpdated class="sql-timestamp">2008-07-22 15:08:19.0</dateUpdated>
  <nbAttachments/>
</org.lamsfoundation.lams.tool.noticeboard.NoticeboardContent>