<org.lamsfoundation.lams.tool.qa.QaContent>
  <qaContentId>2006</qaContentId>
  <title>Activity Crunch</title>
  <instructions>&lt;table width="400" cellspacing="9" cellpadding="9" border="0" align="" summary="" style="background: rgb(170, 220, 2) none repeat scroll 0% 50%; -moz-background-clip: -moz-initial; -moz-background-origin: -moz-initial; -moz-background-inline-policy: -moz-initial;"&gt;
    &lt;tbody&gt;
        &lt;tr&gt;
            &lt;td width="110" align="center"&gt;&lt;img width="152" height="320" alt="" src="/lams//www/secure/4028813915760eb301157a04abe7005a/Image/K456 Tia 22.gif" /&gt;&amp;nbsp;&lt;br /&gt;
            &lt;/td&gt;
            &lt;td width="300" align="left"&gt;&lt;font size="3"&gt;&lt;font face="Comic Sans MS"&gt;&lt;strong&gt;&lt;br /&gt;
            &lt;br /&gt;
            Let&amp;rsquo;s crunch this activity!&lt;/strong&gt;&lt;/font&gt;&lt;/font&gt;&lt;font size="3"&gt;&lt;font size="3"&gt;&lt;font face="Comic Sans MS"&gt;&lt;br /&gt;
            &lt;/font&gt;&lt;/font&gt;&lt;font size="3"&gt;&lt;font face="Comic Sans MS"&gt;&lt;br /&gt;
            Some people keep a notebook in their pockets to keep track of new ideas. Some people make mind maps or concept maps. Others like to think out loud and record their voices. You can do whatever makes you feel comfortable to record your thoughts.&lt;br /&gt;
            &lt;br /&gt;
            Here&amp;rsquo;s a question to help you crunch the activity of recording your thoughts...&lt;br /&gt;
            &lt;/font&gt;&lt;/font&gt;&lt;font size="3"&gt;             &lt;/font&gt;&lt;/font&gt;&lt;/td&gt;
        &lt;/tr&gt;
    &lt;/tbody&gt;
&lt;/table&gt;</instructions>
  <offlineInstructions></offlineInstructions>
  <onlineInstructions></onlineInstructions>
  <createdBy>9</createdBy>
  <defineLater>false</defineLater>
  <reflect>false</reflect>
  <reflectionSubject></reflectionSubject>
  <runOffline>false</runOffline>
  <questionsSequenced>false</questionsSequenced>
  <lockWhenFinished>true</lockWhenFinished>
  <showOtherAnswers>true</showOtherAnswers>
  <usernameVisible>false</usernameVisible>
  <synchInMonitor>false</synchInMonitor>
  <contentLocked>false</contentLocked>
  <updateDate class="sql-timestamp">2008-07-07 15:30:17.0</updateDate>
  <qaQueContents class="tree-set">
    <no-comparator/>
    <org.lamsfoundation.lams.tool.qa.QaQueContent>
      <question>Sample Question 1?
&lt;table width="400" cellspacing="9" cellpadding="9" border="0" align="" style="background: rgb(170, 220, 2) none repeat scroll 0% 50%; -moz-background-clip: -moz-initial; -moz-background-origin: -moz-initial; -moz-background-inline-policy: -moz-initial;" summary=""&gt;
    &lt;tbody&gt;
        &lt;tr&gt;
            &lt;td width="110" align="center"&gt;&amp;nbsp;&lt;br /&gt;
            &lt;/td&gt;
            &lt;td width="300" align="left"&gt;&lt;font size="3"&gt;&lt;font face="Comic Sans MS"&gt;&lt;strong&gt;What ways can you think of to keep a record of the thoughts that you think?&lt;br /&gt;
            &lt;br /&gt;
            &lt;/strong&gt;Describe at least one activity that you can do that will help you keep a record of your thoughts and ideas.&lt;br /&gt;
            &lt;br /&gt;
            Then check to see what your classmates thought of...&lt;br /&gt;
            &lt;strong&gt;             &lt;/strong&gt;&lt;/font&gt;&lt;/font&gt;&lt;/td&gt;
        &lt;/tr&gt;
    &lt;/tbody&gt;
&lt;/table&gt;</question>
      <displayOrder>1</displayOrder>
      <feedback>Let's see what questions everyone found most helpful...</feedback>
      <isOptional>false</isOptional>
    </org.lamsfoundation.lams.tool.qa.QaQueContent>
  </qaQueContents>
  <qaUploadedFiles class="tree-set">
    <no-comparator/>
  </qaUploadedFiles>
</org.lamsfoundation.lams.tool.qa.QaContent>