<org.lamsfoundation.lams.tool.qa.QaContent>
  <qaContentId>2395</qaContentId>
  <title>Let's crunch eToys!</title>
  <instructions>&lt;table width="400" cellspacing="9" cellpadding="9" border="0" align="" summary="" style="background: rgb(170, 220, 2) none repeat scroll 0% 50%; -moz-background-clip: -moz-initial; -moz-background-origin: -moz-initial; -moz-background-inline-policy: -moz-initial;"&gt;
    &lt;tbody&gt;
        &lt;tr&gt;
            &lt;td width="110" align="center"&gt;&amp;nbsp;&lt;img height="370" width="214" align="middle" alt="" src="/lams//www/secure/4028813915760eb301157a04abe7005a/Image/K456 Tia 23.gif" /&gt;&lt;br /&gt;
            &lt;/td&gt;
            &lt;td width="300" align="left"&gt;&lt;font size="3"&gt;&lt;font face="Comic Sans MS"&gt;&lt;strong&gt;Let&amp;rsquo;s crunch eToys!&lt;/strong&gt;&lt;/font&gt;&lt;/font&gt;&lt;font size="3"&gt;&lt;font size="3"&gt;&lt;font face="Comic Sans MS"&gt;&lt;br /&gt;
            &lt;/font&gt;&lt;/font&gt;&lt;font size="3"&gt;&lt;font face="Comic Sans MS"&gt;&lt;br /&gt;
            Sometimes when you make a model of something real in eToys, it can be exactly like the real thing. And sometimes it is not very much like the real thing at all. And sometimes it's somewhere in between. It doesn't really matter how similar your model is to the real thing, as&amp;nbsp; long as it teaches you something.&lt;br /&gt;
            &lt;br /&gt;
            Here is a question to get you crunching how similar your powerboat is to the real thing...&lt;br /&gt;
            &lt;/font&gt;&lt;/font&gt;&lt;font size="3"&gt;             &lt;/font&gt;&lt;/font&gt;&lt;/td&gt;
        &lt;/tr&gt;
    &lt;/tbody&gt;
&lt;/table&gt;</instructions>
  <offlineInstructions></offlineInstructions>
  <onlineInstructions></onlineInstructions>
  <createdBy>9</createdBy>
  <defineLater>false</defineLater>
  <reflect>false</reflect>
  <reflectionSubject></reflectionSubject>
  <runOffline>false</runOffline>
  <questionsSequenced>false</questionsSequenced>
  <lockWhenFinished>true</lockWhenFinished>
  <showOtherAnswers>true</showOtherAnswers>
  <usernameVisible>false</usernameVisible>
  <synchInMonitor>false</synchInMonitor>
  <contentLocked>false</contentLocked>
  <updateDate class="sql-timestamp">2008-07-22 14:46:54.0</updateDate>
  <qaQueContents class="tree-set">
    <no-comparator/>
    <org.lamsfoundation.lams.tool.qa.QaQueContent>
      <question>&lt;table width="400" cellspacing="9" cellpadding="9" border="0" align="" summary="" style="background: rgb(170, 220, 2) none repeat scroll 0% 50%; -moz-background-clip: -moz-initial; -moz-background-origin: -moz-initial; -moz-background-inline-policy: -moz-initial;"&gt;
    &lt;tbody&gt;
        &lt;tr&gt;
            &lt;td width="110" align="center"&gt;&amp;nbsp;&lt;br /&gt;
            &lt;/td&gt;
            &lt;td width="300" align="left"&gt;&lt;font size="3"&gt;&lt;font face="Comic Sans MS"&gt;&lt;strong&gt;What do you think Preston the engineer would say about your model of a powerboat?&lt;br /&gt;
            &lt;br /&gt;
            &lt;/strong&gt;Imagine that Preston the engineer examines your virtual powerboat. Write a few sentences to describe what you think Preston would say are the differences between your powerboat model and the real thing.&lt;br /&gt;
            &lt;br /&gt;
            Then see what differences your classmates thought of...&lt;br /&gt;
            &lt;/font&gt;&lt;/font&gt;&lt;/td&gt;
        &lt;/tr&gt;
    &lt;/tbody&gt;
&lt;/table&gt;</question>
      <displayOrder>1</displayOrder>
      <feedback></feedback>
      <isOptional>false</isOptional>
    </org.lamsfoundation.lams.tool.qa.QaQueContent>
  </qaQueContents>
  <qaUploadedFiles class="tree-set">
    <no-comparator/>
  </qaUploadedFiles>
</org.lamsfoundation.lams.tool.qa.QaContent>