<org.lamsfoundation.lams.learningdesign.dto.LearningDesignDTO>
  <learningDesignID>109</learningDesignID>
  <title>K0106 The Apple of Knowledge</title>
  <firstActivityID>1737</firstActivityID>
  <firstActivityUIID>1</firstActivityUIID>
  <maxID>79</maxID>
  <validDesign>true</validDesign>
  <readOnly>false</readOnly>
  <editOverrideLock>false</editOverrideLock>
  <userID>9</userID>
  <copyTypeID>1</copyTypeID>
  <createDateTime class="sql-timestamp">2008-07-16 15:35:50.0</createDateTime>
  <version>2.0.4</version>
  <designVersion>1</designVersion>
  <workspaceFolderID>52</workspaceFolderID>
  <lastModifiedDateTime class="sql-timestamp">2008-07-03 00:12:12.0</lastModifiedDateTime>
  <contentFolderID>4028813915760eb301157a04abe7005a</contentFolderID>
  <groupings/>
  <activities>
    <org.lamsfoundation.lams.learningdesign.dto.AuthoringActivityDTO>
      <activityID>1737</activityID>
      <activityUIID>1</activityUIID>
      <description>Tool for displaying HTML content including external sources such as images and other media.</description>
      <activityTitle>Introduction</activityTitle>
      <helpText>Displays formatted text and links to external sources on a read only page.</helpText>
      <helpURL>http://wiki.lamsfoundation.org/display/lamsdocs/lanb11</helpURL>
      <xCoord>18</xCoord>
      <yCoord>41</yCoord>
      <activityTypeID>1</activityTypeID>
      <defineLater>false</defineLater>
      <learningDesignID>109</learningDesignID>
      <createDateTime class="sql-timestamp">2007-10-29 20:46:13.0</createDateTime>
      <runOffline>false</runOffline>
      <toolSignature>lanb11</toolSignature>
      <toolID>2</toolID>
      <toolContentID>1996</toolContentID>
      <toolDisplayName>NoticeboardX</toolDisplayName>
      <toolVersion>20070524</toolVersion>
      <authoringURL>tool/lanb11/authoring.do</authoringURL>
      <monitoringURL>tool/lanb11/monitoring.do</monitoringURL>
      <activityCategoryID>4</activityCategoryID>
      <applyGrouping>false</applyGrouping>
      <groupingSupportType>2</groupingSupportType>
      <libraryActivityUIImage>tool/lanb11/images/icon_htmlnb.swf</libraryActivityUIImage>
      <readOnly>false</readOnly>
      <initialised>false</initialised>
    </org.lamsfoundation.lams.learningdesign.dto.AuthoringActivityDTO>
    <org.lamsfoundation.lams.learningdesign.dto.AuthoringActivityDTO>
      <activityID>1738</activityID>
      <activityUIID>2</activityUIID>
      <description>Tool for displaying HTML content including external sources such as images and other media.</description>
      <activityTitle>Motivation 1</activityTitle>
      <helpText>Displays formatted text and links to external sources on a read only page.</helpText>
      <helpURL>http://wiki.lamsfoundation.org/display/lamsdocs/lanb11</helpURL>
      <xCoord>168</xCoord>
      <yCoord>40</yCoord>
      <activityTypeID>1</activityTypeID>
      <defineLater>false</defineLater>
      <learningDesignID>109</learningDesignID>
      <createDateTime class="sql-timestamp">2007-10-29 20:46:13.0</createDateTime>
      <runOffline>false</runOffline>
      <toolSignature>lanb11</toolSignature>
      <toolID>2</toolID>
      <toolContentID>1997</toolContentID>
      <toolDisplayName>NoticeboardX</toolDisplayName>
      <toolVersion>20070524</toolVersion>
      <authoringURL>tool/lanb11/authoring.do</authoringURL>
      <monitoringURL>tool/lanb11/monitoring.do</monitoringURL>
      <activityCategoryID>4</activityCategoryID>
      <applyGrouping>false</applyGrouping>
      <groupingSupportType>2</groupingSupportType>
      <libraryActivityUIImage>tool/lanb11/images/icon_htmlnb.swf</libraryActivityUIImage>
      <readOnly>false</readOnly>
      <initialised>false</initialised>
    </org.lamsfoundation.lams.learningdesign.dto.AuthoringActivityDTO>
    <org.lamsfoundation.lams.learningdesign.dto.AuthoringActivityDTO>
      <activityID>1739</activityID>
      <activityUIID>10</activityUIID>
      <description>Tool for displaying HTML content including external sources such as images and other media.</description>
      <activityTitle>Lesson Route Map</activityTitle>
      <helpText>Displays formatted text and links to external sources on a read only page.</helpText>
      <helpURL>http://wiki.lamsfoundation.org/display/lamsdocs/lanb11</helpURL>
      <xCoord>317</xCoord>
      <yCoord>41</yCoord>
      <activityTypeID>1</activityTypeID>
      <defineLater>false</defineLater>
      <learningDesignID>109</learningDesignID>
      <createDateTime class="sql-timestamp">2007-10-29 20:46:13.0</createDateTime>
      <runOffline>false</runOffline>
      <toolSignature>lanb11</toolSignature>
      <toolID>2</toolID>
      <toolContentID>1998</toolContentID>
      <toolDisplayName>NoticeboardX</toolDisplayName>
      <toolVersion>20070524</toolVersion>
      <authoringURL>tool/lanb11/authoring.do</authoringURL>
      <monitoringURL>tool/lanb11/monitoring.do</monitoringURL>
      <activityCategoryID>4</activityCategoryID>
      <applyGrouping>false</applyGrouping>
      <groupingSupportType>2</groupingSupportType>
      <libraryActivityUIImage>tool/lanb11/images/icon_htmlnb.swf</libraryActivityUIImage>
      <readOnly>false</readOnly>
      <initialised>false</initialised>
    </org.lamsfoundation.lams.learningdesign.dto.AuthoringActivityDTO>
    <org.lamsfoundation.lams.learningdesign.dto.AuthoringActivityDTO>
      <activityID>1740</activityID>
      <activityUIID>12</activityUIID>
      <description>Tool for displaying HTML content including external sources such as images and other media.</description>
      <activityTitle>Lesson Outcome</activityTitle>
      <helpText>Displays formatted text and links to external sources on a read only page.</helpText>
      <helpURL>http://wiki.lamsfoundation.org/display/lamsdocs/lanb11</helpURL>
      <xCoord>466</xCoord>
      <yCoord>43</yCoord>
      <activityTypeID>1</activityTypeID>
      <defineLater>false</defineLater>
      <learningDesignID>109</learningDesignID>
      <createDateTime class="sql-timestamp">2007-10-29 20:46:13.0</createDateTime>
      <runOffline>false</runOffline>
      <toolSignature>lanb11</toolSignature>
      <toolID>2</toolID>
      <toolContentID>1999</toolContentID>
      <toolDisplayName>NoticeboardX</toolDisplayName>
      <toolVersion>20070524</toolVersion>
      <authoringURL>tool/lanb11/authoring.do</authoringURL>
      <monitoringURL>tool/lanb11/monitoring.do</monitoringURL>
      <activityCategoryID>4</activityCategoryID>
      <applyGrouping>false</applyGrouping>
      <groupingSupportType>2</groupingSupportType>
      <libraryActivityUIImage>tool/lanb11/images/icon_htmlnb.swf</libraryActivityUIImage>
      <readOnly>false</readOnly>
      <initialised>false</initialised>
    </org.lamsfoundation.lams.learningdesign.dto.AuthoringActivityDTO>
    <org.lamsfoundation.lams.learningdesign.dto.AuthoringActivityDTO>
      <activityID>1741</activityID>
      <activityUIID>14</activityUIID>
      <description>Sharing resource with others.</description>
      <activityTitle>Story</activityTitle>
      <helpText>Uploading your resources to share with others.</helpText>
      <helpURL>http://wiki.lamsfoundation.org/display/lamsdocs/larsrc11</helpURL>
      <xCoord>19</xCoord>
      <yCoord>174</yCoord>
      <activityTypeID>1</activityTypeID>
      <defineLater>false</defineLater>
      <learningDesignID>109</learningDesignID>
      <createDateTime class="sql-timestamp">2007-10-29 20:46:13.0</createDateTime>
      <runOffline>false</runOffline>
      <toolSignature>larsrc11</toolSignature>
      <toolID>6</toolID>
      <toolContentID>2000</toolContentID>
      <toolDisplayName>Shared Resources</toolDisplayName>
      <toolVersion>20070524</toolVersion>
      <authoringURL>tool/larsrc11/authoring/start.do</authoringURL>
      <monitoringURL>tool/larsrc11/monitoring/summary.do</monitoringURL>
      <contributeURL>tool/larsrc11/contribute.do</contributeURL>
      <moderationURL>tool/larsrc11/moderate.do</moderationURL>
      <activityCategoryID>4</activityCategoryID>
      <applyGrouping>false</applyGrouping>
      <groupingSupportType>2</groupingSupportType>
      <libraryActivityUIImage>tool/larsrc11/images/icon_rsrc.swf</libraryActivityUIImage>
      <readOnly>false</readOnly>
      <initialised>false</initialised>
    </org.lamsfoundation.lams.learningdesign.dto.AuthoringActivityDTO>
    <org.lamsfoundation.lams.learningdesign.dto.AuthoringActivityDTO>
      <activityID>1742</activityID>
      <activityUIID>16</activityUIID>
      <description>Each learner answers question(s) and then sees answers from all learners collated on the next page.</description>
      <activityTitle>Story Crunch</activityTitle>
      <helpText>Each learner answers one or more questions in short answer format and then sees answers from all learners collated on the next page.</helpText>
      <helpURL>http://wiki.lamsfoundation.org/display/lamsdocs/laqa11</helpURL>
      <xCoord>167</xCoord>
      <yCoord>174</yCoord>
      <activityTypeID>1</activityTypeID>
      <defineLater>false</defineLater>
      <learningDesignID>109</learningDesignID>
      <createDateTime class="sql-timestamp">2007-10-29 20:46:13.0</createDateTime>
      <runOffline>false</runOffline>
      <toolSignature>laqa11</toolSignature>
      <toolID>3</toolID>
      <toolContentID>2001</toolContentID>
      <toolDisplayName>Question and Answer</toolDisplayName>
      <toolVersion>20070524</toolVersion>
      <authoringURL>tool/laqa11/authoringStarter.do</authoringURL>
      <monitoringURL>tool/laqa11/monitoringStarter.do</monitoringURL>
      <contributeURL>tool/laqa11/monitoringStarter.do</contributeURL>
      <moderationURL>tool/laqa11/monitoringStarter.do</moderationURL>
      <activityCategoryID>6</activityCategoryID>
      <applyGrouping>false</applyGrouping>
      <groupingSupportType>2</groupingSupportType>
      <libraryActivityUIImage>tool/laqa11/images/icon_questionanswer.swf</libraryActivityUIImage>
      <readOnly>false</readOnly>
      <initialised>false</initialised>
    </org.lamsfoundation.lams.learningdesign.dto.AuthoringActivityDTO>
    <org.lamsfoundation.lams.learningdesign.dto.AuthoringActivityDTO>
      <activityID>1743</activityID>
      <activityUIID>23</activityUIID>
      <description>Tool for displaying HTML content including external sources such as images and other media.</description>
      <activityTitle>Motivation 3</activityTitle>
      <helpText>Displays formatted text and links to external sources on a read only page.</helpText>
      <helpURL>http://wiki.lamsfoundation.org/display/lamsdocs/lanb11</helpURL>
      <xCoord>15</xCoord>
      <yCoord>322</yCoord>
      <activityTypeID>1</activityTypeID>
      <defineLater>false</defineLater>
      <learningDesignID>109</learningDesignID>
      <createDateTime class="sql-timestamp">2007-10-29 20:46:13.0</createDateTime>
      <runOffline>false</runOffline>
      <toolSignature>lanb11</toolSignature>
      <toolID>2</toolID>
      <toolContentID>2002</toolContentID>
      <toolDisplayName>NoticeboardX</toolDisplayName>
      <toolVersion>20070524</toolVersion>
      <authoringURL>tool/lanb11/authoring.do</authoringURL>
      <monitoringURL>tool/lanb11/monitoring.do</monitoringURL>
      <activityCategoryID>4</activityCategoryID>
      <applyGrouping>false</applyGrouping>
      <groupingSupportType>2</groupingSupportType>
      <libraryActivityUIImage>tool/lanb11/images/icon_htmlnb.swf</libraryActivityUIImage>
      <readOnly>false</readOnly>
      <initialised>false</initialised>
    </org.lamsfoundation.lams.learningdesign.dto.AuthoringActivityDTO>
    <org.lamsfoundation.lams.learningdesign.dto.AuthoringActivityDTO>
      <activityID>1744</activityID>
      <activityUIID>25</activityUIID>
      <description>Tool for displaying HTML content including external sources such as images and other media.</description>
      <activityTitle>Contexts</activityTitle>
      <helpText>Displays formatted text and links to external sources on a read only page.</helpText>
      <helpURL>http://wiki.lamsfoundation.org/display/lamsdocs/lanb11</helpURL>
      <xCoord>165</xCoord>
      <yCoord>321</yCoord>
      <activityTypeID>1</activityTypeID>
      <defineLater>false</defineLater>
      <learningDesignID>109</learningDesignID>
      <createDateTime class="sql-timestamp">2007-10-29 20:46:13.0</createDateTime>
      <runOffline>false</runOffline>
      <toolSignature>lanb11</toolSignature>
      <toolID>2</toolID>
      <toolContentID>2003</toolContentID>
      <toolDisplayName>NoticeboardX</toolDisplayName>
      <toolVersion>20070524</toolVersion>
      <authoringURL>tool/lanb11/authoring.do</authoringURL>
      <monitoringURL>tool/lanb11/monitoring.do</monitoringURL>
      <activityCategoryID>4</activityCategoryID>
      <applyGrouping>false</applyGrouping>
      <groupingSupportType>2</groupingSupportType>
      <libraryActivityUIImage>tool/lanb11/images/icon_htmlnb.swf</libraryActivityUIImage>
      <readOnly>false</readOnly>
      <initialised>false</initialised>
    </org.lamsfoundation.lams.learningdesign.dto.AuthoringActivityDTO>
    <org.lamsfoundation.lams.learningdesign.dto.AuthoringActivityDTO>
      <activityID>1745</activityID>
      <activityUIID>35</activityUIID>
      <description>Tool for displaying HTML content including external sources such as images and other media.</description>
      <activityTitle>eToys Prep</activityTitle>
      <helpText>Displays formatted text and links to external sources on a read only page.</helpText>
      <helpURL>http://wiki.lamsfoundation.org/display/lamsdocs/lanb11</helpURL>
      <xCoord>15</xCoord>
      <yCoord>482</yCoord>
      <activityTypeID>1</activityTypeID>
      <defineLater>false</defineLater>
      <learningDesignID>109</learningDesignID>
      <createDateTime class="sql-timestamp">2007-10-29 20:46:13.0</createDateTime>
      <runOffline>false</runOffline>
      <toolSignature>lanb11</toolSignature>
      <toolID>2</toolID>
      <toolContentID>2004</toolContentID>
      <toolDisplayName>NoticeboardX</toolDisplayName>
      <toolVersion>20070524</toolVersion>
      <authoringURL>tool/lanb11/authoring.do</authoringURL>
      <monitoringURL>tool/lanb11/monitoring.do</monitoringURL>
      <activityCategoryID>4</activityCategoryID>
      <applyGrouping>false</applyGrouping>
      <groupingSupportType>2</groupingSupportType>
      <libraryActivityUIImage>tool/lanb11/images/icon_htmlnb.swf</libraryActivityUIImage>
      <readOnly>false</readOnly>
      <initialised>false</initialised>
    </org.lamsfoundation.lams.learningdesign.dto.AuthoringActivityDTO>
    <org.lamsfoundation.lams.learningdesign.dto.AuthoringActivityDTO>
      <activityID>1746</activityID>
      <activityUIID>55</activityUIID>
      <description>Tool for displaying HTML content including external sources such as images and other media.</description>
      <activityTitle>Activity Prep</activityTitle>
      <helpText>Displays formatted text and links to external sources on a read only page.</helpText>
      <helpURL>http://wiki.lamsfoundation.org/display/lamsdocs/lanb11</helpURL>
      <xCoord>315</xCoord>
      <yCoord>321</yCoord>
      <activityTypeID>1</activityTypeID>
      <defineLater>false</defineLater>
      <learningDesignID>109</learningDesignID>
      <learningLibraryID>2</learningLibraryID>
      <createDateTime class="sql-timestamp">2007-06-04 14:45:13.0</createDateTime>
      <runOffline>false</runOffline>
      <toolSignature>lanb11</toolSignature>
      <toolID>2</toolID>
      <toolContentID>2005</toolContentID>
      <toolDisplayName>NoticeboardX</toolDisplayName>
      <toolVersion>20070524</toolVersion>
      <authoringURL>tool/lanb11/authoring.do</authoringURL>
      <monitoringURL>tool/lanb11/monitoring.do</monitoringURL>
      <activityCategoryID>4</activityCategoryID>
      <applyGrouping>false</applyGrouping>
      <groupingSupportType>2</groupingSupportType>
      <libraryActivityUIImage>tool/lanb11/images/icon_htmlnb.swf</libraryActivityUIImage>
      <readOnly>false</readOnly>
      <initialised>false</initialised>
    </org.lamsfoundation.lams.learningdesign.dto.AuthoringActivityDTO>
    <org.lamsfoundation.lams.learningdesign.dto.AuthoringActivityDTO>
      <activityID>1747</activityID>
      <activityUIID>58</activityUIID>
      <description>Each learner answers question(s) and then sees answers from all learners collated on the next page.</description>
      <activityTitle>Activity Crunch 1</activityTitle>
      <helpText>Each learner answers one or more questions in short answer format and then sees answers from all learners collated on the next page.</helpText>
      <helpURL>http://wiki.lamsfoundation.org/display/lamsdocs/laqa11</helpURL>
      <xCoord>617</xCoord>
      <yCoord>320</yCoord>
      <activityTypeID>1</activityTypeID>
      <defineLater>false</defineLater>
      <learningDesignID>109</learningDesignID>
      <learningLibraryID>3</learningLibraryID>
      <createDateTime class="sql-timestamp">2007-06-04 14:45:13.0</createDateTime>
      <runOffline>false</runOffline>
      <toolSignature>laqa11</toolSignature>
      <toolID>3</toolID>
      <toolContentID>2006</toolContentID>
      <toolDisplayName>Question and Answer</toolDisplayName>
      <toolVersion>20070524</toolVersion>
      <authoringURL>tool/laqa11/authoringStarter.do</authoringURL>
      <monitoringURL>tool/laqa11/monitoringStarter.do</monitoringURL>
      <contributeURL>tool/laqa11/monitoringStarter.do</contributeURL>
      <moderationURL>tool/laqa11/monitoringStarter.do</moderationURL>
      <activityCategoryID>6</activityCategoryID>
      <applyGrouping>false</applyGrouping>
      <groupingSupportType>2</groupingSupportType>
      <libraryActivityUIImage>tool/laqa11/images/icon_questionanswer.swf</libraryActivityUIImage>
      <readOnly>false</readOnly>
      <initialised>false</initialised>
    </org.lamsfoundation.lams.learningdesign.dto.AuthoringActivityDTO>
    <org.lamsfoundation.lams.learningdesign.dto.AuthoringActivityDTO>
      <activityID>1748</activityID>
      <activityUIID>64</activityUIID>
      <description>Each learner answers question(s) and then sees answers from all learners collated on the next page.</description>
      <activityTitle>Story Crunch 2</activityTitle>
      <helpText>Each learner answers one or more questions in short answer format and then sees answers from all learners collated on the next page.</helpText>
      <helpURL>http://wiki.lamsfoundation.org/display/lamsdocs/laqa11</helpURL>
      <xCoord>312</xCoord>
      <yCoord>174</yCoord>
      <activityTypeID>1</activityTypeID>
      <defineLater>false</defineLater>
      <learningDesignID>109</learningDesignID>
      <learningLibraryID>3</learningLibraryID>
      <createDateTime class="sql-timestamp">2007-06-04 14:45:13.0</createDateTime>
      <runOffline>false</runOffline>
      <toolSignature>laqa11</toolSignature>
      <toolID>3</toolID>
      <toolContentID>2007</toolContentID>
      <toolDisplayName>Question and Answer</toolDisplayName>
      <toolVersion>20070524</toolVersion>
      <authoringURL>tool/laqa11/authoringStarter.do</authoringURL>
      <monitoringURL>tool/laqa11/monitoringStarter.do</monitoringURL>
      <contributeURL>tool/laqa11/monitoringStarter.do</contributeURL>
      <moderationURL>tool/laqa11/monitoringStarter.do</moderationURL>
      <activityCategoryID>6</activityCategoryID>
      <applyGrouping>false</applyGrouping>
      <groupingSupportType>2</groupingSupportType>
      <libraryActivityUIImage>tool/laqa11/images/icon_questionanswer.swf</libraryActivityUIImage>
      <readOnly>false</readOnly>
      <initialised>false</initialised>
    </org.lamsfoundation.lams.learningdesign.dto.AuthoringActivityDTO>
    <org.lamsfoundation.lams.learningdesign.dto.AuthoringActivityDTO>
      <activityID>1749</activityID>
      <activityUIID>65</activityUIID>
      <description>Each learner answers question(s) and then sees answers from all learners collated on the next page.</description>
      <activityTitle>Story Crunch 3</activityTitle>
      <helpText>Each learner answers one or more questions in short answer format and then sees answers from all learners collated on the next page.</helpText>
      <helpURL>http://wiki.lamsfoundation.org/display/lamsdocs/laqa11</helpURL>
      <xCoord>460</xCoord>
      <yCoord>175</yCoord>
      <activityTypeID>1</activityTypeID>
      <defineLater>false</defineLater>
      <learningDesignID>109</learningDesignID>
      <learningLibraryID>3</learningLibraryID>
      <createDateTime class="sql-timestamp">2007-06-04 14:45:13.0</createDateTime>
      <runOffline>false</runOffline>
      <toolSignature>laqa11</toolSignature>
      <toolID>3</toolID>
      <toolContentID>2008</toolContentID>
      <toolDisplayName>Question and Answer</toolDisplayName>
      <toolVersion>20070524</toolVersion>
      <authoringURL>tool/laqa11/authoringStarter.do</authoringURL>
      <monitoringURL>tool/laqa11/monitoringStarter.do</monitoringURL>
      <contributeURL>tool/laqa11/monitoringStarter.do</contributeURL>
      <moderationURL>tool/laqa11/monitoringStarter.do</moderationURL>
      <activityCategoryID>6</activityCategoryID>
      <applyGrouping>false</applyGrouping>
      <groupingSupportType>2</groupingSupportType>
      <libraryActivityUIImage>tool/laqa11/images/icon_questionanswer.swf</libraryActivityUIImage>
      <readOnly>false</readOnly>
      <initialised>false</initialised>
    </org.lamsfoundation.lams.learningdesign.dto.AuthoringActivityDTO>
    <org.lamsfoundation.lams.learningdesign.dto.AuthoringActivityDTO>
      <activityID>1751</activityID>
      <activityUIID>74</activityUIID>
      <description>Each learner answers question(s) and then sees answers from all learners collated on the next page.</description>
      <activityTitle>eToys Crunch</activityTitle>
      <helpText>Each learner answers one or more questions in short answer format and then sees answers from all learners collated on the next page.</helpText>
      <helpURL>http://wiki.lamsfoundation.org/display/lamsdocs/laqa11</helpURL>
      <xCoord>168</xCoord>
      <yCoord>483</yCoord>
      <activityTypeID>1</activityTypeID>
      <defineLater>false</defineLater>
      <learningDesignID>109</learningDesignID>
      <learningLibraryID>3</learningLibraryID>
      <createDateTime class="sql-timestamp">2007-06-04 14:45:13.0</createDateTime>
      <runOffline>false</runOffline>
      <toolSignature>laqa11</toolSignature>
      <toolID>3</toolID>
      <toolContentID>2010</toolContentID>
      <toolDisplayName>Question and Answer</toolDisplayName>
      <toolVersion>20070524</toolVersion>
      <authoringURL>tool/laqa11/authoringStarter.do</authoringURL>
      <monitoringURL>tool/laqa11/monitoringStarter.do</monitoringURL>
      <contributeURL>tool/laqa11/monitoringStarter.do</contributeURL>
      <moderationURL>tool/laqa11/monitoringStarter.do</moderationURL>
      <activityCategoryID>6</activityCategoryID>
      <applyGrouping>false</applyGrouping>
      <groupingSupportType>2</groupingSupportType>
      <libraryActivityUIImage>tool/laqa11/images/icon_questionanswer.swf</libraryActivityUIImage>
      <readOnly>false</readOnly>
      <initialised>false</initialised>
    </org.lamsfoundation.lams.learningdesign.dto.AuthoringActivityDTO>
    <org.lamsfoundation.lams.learningdesign.dto.AuthoringActivityDTO>
      <activityID>1888</activityID>
      <activityUIID>77</activityUIID>
      <description>Sharing resource with others.</description>
      <activityTitle>Share Resources</activityTitle>
      <helpText>Uploading your resources to share with others.</helpText>
      <helpURL>http://wiki.lamsfoundation.org/display/lamsdocs/larsrc11</helpURL>
      <xCoord>467</xCoord>
      <yCoord>320</yCoord>
      <activityTypeID>1</activityTypeID>
      <defineLater>false</defineLater>
      <learningDesignID>109</learningDesignID>
      <learningLibraryID>6</learningLibraryID>
      <createDateTime class="sql-timestamp">2007-06-04 14:45:13.0</createDateTime>
      <runOffline>false</runOffline>
      <toolSignature>larsrc11</toolSignature>
      <toolID>6</toolID>
      <toolContentID>2147</toolContentID>
      <toolDisplayName>Shared Resources</toolDisplayName>
      <toolVersion>20070524</toolVersion>
      <authoringURL>tool/larsrc11/authoring/start.do</authoringURL>
      <monitoringURL>tool/larsrc11/monitoring/summary.do</monitoringURL>
      <contributeURL>tool/larsrc11/contribute.do</contributeURL>
      <moderationURL>tool/larsrc11/moderate.do</moderationURL>
      <activityCategoryID>4</activityCategoryID>
      <applyGrouping>false</applyGrouping>
      <groupingSupportType>2</groupingSupportType>
      <libraryActivityUIImage>tool/larsrc11/images/icon_rsrc.swf</libraryActivityUIImage>
      <readOnly>false</readOnly>
      <initialised>false</initialised>
    </org.lamsfoundation.lams.learningdesign.dto.AuthoringActivityDTO>
  </activities>
  <transitions>
    <org.lamsfoundation.lams.learningdesign.dto.TransitionDTO>
      <transitionID>1636</transitionID>
      <transitionUIID>57</transitionUIID>
      <toUIID>55</toUIID>
      <fromUIID>25</fromUIID>
      <createDateTime class="sql-timestamp">2008-07-16 15:35:50.0</createDateTime>
      <toActivityID>1746</toActivityID>
      <fromActivityID>1744</fromActivityID>
      <learningDesignID>109</learningDesignID>
    </org.lamsfoundation.lams.learningdesign.dto.TransitionDTO>
    <org.lamsfoundation.lams.learningdesign.dto.TransitionDTO>
      <transitionID>1641</transitionID>
      <transitionUIID>3</transitionUIID>
      <toUIID>2</toUIID>
      <fromUIID>1</fromUIID>
      <createDateTime class="sql-timestamp">2008-07-16 15:35:50.0</createDateTime>
      <toActivityID>1738</toActivityID>
      <fromActivityID>1737</fromActivityID>
      <learningDesignID>109</learningDesignID>
    </org.lamsfoundation.lams.learningdesign.dto.TransitionDTO>
    <org.lamsfoundation.lams.learningdesign.dto.TransitionDTO>
      <transitionID>1637</transitionID>
      <transitionUIID>73</transitionUIID>
      <toUIID>35</toUIID>
      <fromUIID>58</fromUIID>
      <createDateTime class="sql-timestamp">2008-07-16 15:35:50.0</createDateTime>
      <toActivityID>1745</toActivityID>
      <fromActivityID>1747</fromActivityID>
      <learningDesignID>109</learningDesignID>
    </org.lamsfoundation.lams.learningdesign.dto.TransitionDTO>
    <org.lamsfoundation.lams.learningdesign.dto.TransitionDTO>
      <transitionID>1642</transitionID>
      <transitionUIID>20</transitionUIID>
      <toUIID>16</toUIID>
      <fromUIID>14</fromUIID>
      <createDateTime class="sql-timestamp">2008-07-16 15:35:50.0</createDateTime>
      <toActivityID>1742</toActivityID>
      <fromActivityID>1741</fromActivityID>
      <learningDesignID>109</learningDesignID>
    </org.lamsfoundation.lams.learningdesign.dto.TransitionDTO>
    <org.lamsfoundation.lams.learningdesign.dto.TransitionDTO>
      <transitionID>1781</transitionID>
      <transitionUIID>79</transitionUIID>
      <toUIID>58</toUIID>
      <fromUIID>77</fromUIID>
      <createDateTime class="sql-timestamp">2008-07-16 15:35:50.0</createDateTime>
      <toActivityID>1747</toActivityID>
      <fromActivityID>1888</fromActivityID>
      <learningDesignID>109</learningDesignID>
    </org.lamsfoundation.lams.learningdesign.dto.TransitionDTO>
    <org.lamsfoundation.lams.learningdesign.dto.TransitionDTO>
      <transitionID>1632</transitionID>
      <transitionUIID>53</transitionUIID>
      <toUIID>10</toUIID>
      <fromUIID>2</fromUIID>
      <createDateTime class="sql-timestamp">2008-07-16 15:35:50.0</createDateTime>
      <toActivityID>1739</toActivityID>
      <fromActivityID>1738</fromActivityID>
      <learningDesignID>109</learningDesignID>
    </org.lamsfoundation.lams.learningdesign.dto.TransitionDTO>
    <org.lamsfoundation.lams.learningdesign.dto.TransitionDTO>
      <transitionID>1638</transitionID>
      <transitionUIID>66</transitionUIID>
      <toUIID>64</toUIID>
      <fromUIID>16</fromUIID>
      <createDateTime class="sql-timestamp">2008-07-16 15:35:50.0</createDateTime>
      <toActivityID>1748</toActivityID>
      <fromActivityID>1742</fromActivityID>
      <learningDesignID>109</learningDesignID>
    </org.lamsfoundation.lams.learningdesign.dto.TransitionDTO>
    <org.lamsfoundation.lams.learningdesign.dto.TransitionDTO>
      <transitionID>1631</transitionID>
      <transitionUIID>15</transitionUIID>
      <toUIID>14</toUIID>
      <fromUIID>12</fromUIID>
      <createDateTime class="sql-timestamp">2008-07-16 15:35:50.0</createDateTime>
      <toActivityID>1741</toActivityID>
      <fromActivityID>1740</fromActivityID>
      <learningDesignID>109</learningDesignID>
    </org.lamsfoundation.lams.learningdesign.dto.TransitionDTO>
    <org.lamsfoundation.lams.learningdesign.dto.TransitionDTO>
      <transitionID>1643</transitionID>
      <transitionUIID>75</transitionUIID>
      <toUIID>74</toUIID>
      <fromUIID>35</fromUIID>
      <createDateTime class="sql-timestamp">2008-07-16 15:35:50.0</createDateTime>
      <toActivityID>1751</toActivityID>
      <fromActivityID>1745</fromActivityID>
      <learningDesignID>109</learningDesignID>
    </org.lamsfoundation.lams.learningdesign.dto.TransitionDTO>
    <org.lamsfoundation.lams.learningdesign.dto.TransitionDTO>
      <transitionID>1639</transitionID>
      <transitionUIID>27</transitionUIID>
      <toUIID>25</toUIID>
      <fromUIID>23</fromUIID>
      <createDateTime class="sql-timestamp">2008-07-16 15:35:50.0</createDateTime>
      <toActivityID>1744</toActivityID>
      <fromActivityID>1743</fromActivityID>
      <learningDesignID>109</learningDesignID>
    </org.lamsfoundation.lams.learningdesign.dto.TransitionDTO>
    <org.lamsfoundation.lams.learningdesign.dto.TransitionDTO>
      <transitionID>1635</transitionID>
      <transitionUIID>68</transitionUIID>
      <toUIID>23</toUIID>
      <fromUIID>65</fromUIID>
      <createDateTime class="sql-timestamp">2008-07-16 15:35:50.0</createDateTime>
      <toActivityID>1743</toActivityID>
      <fromActivityID>1749</fromActivityID>
      <learningDesignID>109</learningDesignID>
    </org.lamsfoundation.lams.learningdesign.dto.TransitionDTO>
    <org.lamsfoundation.lams.learningdesign.dto.TransitionDTO>
      <transitionID>1780</transitionID>
      <transitionUIID>78</transitionUIID>
      <toUIID>77</toUIID>
      <fromUIID>55</fromUIID>
      <createDateTime class="sql-timestamp">2008-07-16 15:35:50.0</createDateTime>
      <toActivityID>1888</toActivityID>
      <fromActivityID>1746</fromActivityID>
      <learningDesignID>109</learningDesignID>
    </org.lamsfoundation.lams.learningdesign.dto.TransitionDTO>
    <org.lamsfoundation.lams.learningdesign.dto.TransitionDTO>
      <transitionID>1630</transitionID>
      <transitionUIID>13</transitionUIID>
      <toUIID>12</toUIID>
      <fromUIID>10</fromUIID>
      <createDateTime class="sql-timestamp">2008-07-16 15:35:50.0</createDateTime>
      <toActivityID>1740</toActivityID>
      <fromActivityID>1739</fromActivityID>
      <learningDesignID>109</learningDesignID>
    </org.lamsfoundation.lams.learningdesign.dto.TransitionDTO>
    <org.lamsfoundation.lams.learningdesign.dto.TransitionDTO>
      <transitionID>1634</transitionID>
      <transitionUIID>67</transitionUIID>
      <toUIID>65</toUIID>
      <fromUIID>64</fromUIID>
      <createDateTime class="sql-timestamp">2008-07-16 15:35:50.0</createDateTime>
      <toActivityID>1749</toActivityID>
      <fromActivityID>1748</fromActivityID>
      <learningDesignID>109</learningDesignID>
    </org.lamsfoundation.lams.learningdesign.dto.TransitionDTO>
  </transitions>
</org.lamsfoundation.lams.learningdesign.dto.LearningDesignDTO>