<org.lamsfoundation.lams.tool.noticeboard.NoticeboardContent>
  <nbContentId>2391</nbContentId>
  <title>Something to remember.</title>
  <content>&lt;table width="400" cellspacing="9" cellpadding="9" border="0" summary="" style="background: rgb(248, 200, 30) none repeat scroll 0% 50%; -moz-background-clip: -moz-initial; -moz-background-origin: -moz-initial; -moz-background-inline-policy: -moz-initial;"&gt;
    &lt;tbody&gt;
        &lt;tr&gt;
            &lt;td width="176" align="left"&gt;&amp;nbsp;&lt;img height="396" width="183" align="left" src="/lams//www/secure/4028813915760eb301157a04abe7005a/Image/K456 Tia 08.gif" alt="Tia" /&gt;&lt;/td&gt;
            &lt;td&gt;&lt;font size="3"&gt;&lt;font face="Comic Sans MS"&gt;
            &lt;p&gt;&lt;strong&gt;&lt;font size="3"&gt;This is&amp;nbsp;what I think the differences between Tom and Preston were...&lt;/font&gt;&lt;/strong&gt;&lt;/p&gt;
            &lt;p&gt;&lt;font size="3"&gt;For one thing, Preston has a lot more experience than Tom. That means he&amp;rsquo;s already made a lot of the mistakes that Tom can still make.&lt;br /&gt;
            &lt;/font&gt;&lt;/p&gt;
            &lt;p&gt;&lt;font size="3"&gt;That doesn&amp;rsquo;t mean&amp;nbsp;that adults are always right and kids are always wrong. We know &lt;strong&gt;that&lt;/strong&gt; isn&amp;rsquo;t true. But, most often, experience can be the best teacher. And experience is what Tom was lacking. He got locked into his plan because he couldn&amp;rsquo;t imagine what could go wrong. Preston could because he&amp;rsquo;s &lt;strong&gt;seen&lt;/strong&gt; what can go wrong...&lt;/font&gt;&lt;/p&gt;
            &lt;p&gt;&lt;font size="3"&gt;It's a good thing he was around to give the benefit of his experience to Tom. And it's a good thing Tom is smart enough to listen.&lt;/font&gt;&lt;/p&gt;
            &lt;/font&gt;&lt;/font&gt;&lt;/td&gt;
        &lt;/tr&gt;
    &lt;/tbody&gt;
&lt;/table&gt;</content>
  <onlineInstructions></onlineInstructions>
  <offlineInstructions></offlineInstructions>
  <defineLater>false</defineLater>
  <forceOffline>false</forceOffline>
  <reflectOnActivity>false</reflectOnActivity>
  <reflectInstructions></reflectInstructions>
  <contentInUse>false</contentInUse>
  <creatorUserId>9</creatorUserId>
  <dateCreated class="sql-timestamp">2007-10-07 13:14:54.0</dateCreated>
  <dateUpdated class="sql-timestamp">2008-07-22 12:16:51.0</dateUpdated>
  <nbAttachments/>
</org.lamsfoundation.lams.tool.noticeboard.NoticeboardContent>