<org.lamsfoundation.lams.tool.noticeboard.NoticeboardContent>
  <nbContentId>2054</nbContentId>
  <title>Conclusion</title>
  <content>&lt;table width="400" cellspacing="9" cellpadding="9" border="0" summary="" style="background: rgb(248, 200, 30) none repeat scroll 0% 50%; -moz-background-clip: -moz-initial; -moz-background-origin: -moz-initial; -moz-background-inline-policy: -moz-initial;"&gt;
    &lt;tbody&gt;
        &lt;tr&gt;
            &lt;td align="center" colspan="2"&gt;&amp;nbsp; &lt;br /&gt;
            &lt;/td&gt;
        &lt;/tr&gt;
        &lt;tr&gt;
            &lt;td width="176" align="center"&gt;&amp;nbsp;&lt;img height="394" width="268" src="/lams//www/secure/4028813915760eb301157a04abe7005a/Image/K456 Tia 17.gif" alt="" /&gt;&lt;br /&gt;
            &lt;/td&gt;
            &lt;td&gt;
            &lt;p&gt;&amp;nbsp;&lt;font face="Comic Sans MS" size="3"&gt;&lt;strong&gt;Congratulations!&lt;/strong&gt;&lt;/font&gt;&lt;/p&gt;
            &lt;p&gt;&lt;font face="Comic Sans MS" size="3"&gt;You&amp;rsquo;ve finished a Kusasa module and hopefully you have lots of questions to ask... that means you understand today&amp;rsquo;s lesson!&lt;/font&gt;&lt;/p&gt;
            &lt;p&gt;&lt;font face="Comic Sans MS" size="3"&gt;The habit of asking questions will change the way you think and see the world &amp;ndash; and how it sees you! Asking questions will&amp;nbsp;make both you and the world more interesting and exciting.&lt;/font&gt;&lt;/p&gt;
            &lt;p&gt;&lt;font face="Comic Sans MS" size="3"&gt;You won&amp;rsquo;t always find answers. But questioning never stops, and that&amp;rsquo;s called &amp;rsquo;thinking&amp;rsquo;.&lt;/font&gt;&amp;nbsp;&lt;/p&gt;
            &lt;p&gt;&lt;font face="Comic Sans MS" size="3"&gt;Good luck!&lt;/font&gt;&lt;/p&gt;
            &lt;/td&gt;
        &lt;/tr&gt;
    &lt;/tbody&gt;
&lt;/table&gt;</content>
  <onlineInstructions></onlineInstructions>
  <offlineInstructions></offlineInstructions>
  <defineLater>false</defineLater>
  <forceOffline>false</forceOffline>
  <reflectOnActivity>false</reflectOnActivity>
  <reflectInstructions>Reflect on noticeboard</reflectInstructions>
  <contentInUse>false</contentInUse>
  <creatorUserId>9</creatorUserId>
  <dateCreated class="sql-timestamp">2007-05-30 10:09:25.0</dateCreated>
  <dateUpdated class="sql-timestamp">2008-07-21 15:51:45.0</dateUpdated>
  <nbAttachments/>
</org.lamsfoundation.lams.tool.noticeboard.NoticeboardContent>