<org.lamsfoundation.lams.tool.rsrc.model.Resource>
  <contentId>1960</contentId>
  <title>Story: The Thunderbolt Kids</title>
  <instructions>&lt;table width="400" cellspacing="9" cellpadding="9" border="0" align="" style="background: rgb(240, 156, 8) none repeat scroll 0% 50%; -moz-background-clip: -moz-initial; -moz-background-origin: -moz-initial; -moz-background-inline-policy: -moz-initial;" summary=""&gt;
    &lt;tbody&gt;
        &lt;tr&gt;
            &lt;td width="110" align="center"&gt;&amp;nbsp;&lt;img height="396" width="263" align="middle" alt="Tia" src="/lams//www/secure/4028813915760eb301157a04abe7005a/Image/K456 Tia 24.gif" /&gt;&lt;/td&gt;
            &lt;td width="300" align="left"&gt;&lt;font size="3"&gt;&lt;font face="Comic Sans MS"&gt;&lt;strong&gt;Do you know why it&amp;rsquo;s important to change your point of view? &lt;/strong&gt;&lt;/font&gt;&lt;/font&gt;&lt;strong&gt;&lt;font size="3"&gt;&lt;font face="Comic Sans MS"&gt;             Let&amp;rsquo;s find out... &lt;/font&gt;&lt;/font&gt;&lt;/strong&gt;&lt;font size="3"&gt;&lt;font face="Comic Sans MS"&gt;&lt;br /&gt;
            &lt;br /&gt;
            Read through this story to find out how Jojo solves a problem by changing the way he looks at it.&lt;br /&gt;
            &lt;br /&gt;
            Click on &amp;quot;The River of Dreams&amp;quot; to open the story in a new window. &lt;br /&gt;
            &lt;br /&gt;
            &lt;/font&gt;&lt;/font&gt;&lt;font size="3"&gt;&lt;br /&gt;
            &lt;/font&gt;&lt;/td&gt;
        &lt;/tr&gt;
    &lt;/tbody&gt;
&lt;/table&gt;</instructions>
  <runOffline>false</runOffline>
  <runAuto>false</runAuto>
  <miniViewResourceNumber>0</miniViewResourceNumber>
  <allowAddFiles>false</allowAddFiles>
  <allowAddUrls>false</allowAddUrls>
  <lockWhenFinished>false</lockWhenFinished>
  <defineLater>false</defineLater>
  <contentInUse>false</contentInUse>
  <onlineInstructions></onlineInstructions>
  <offlineInstructions></offlineInstructions>
  <attachments/>
  <updated class="sql-timestamp">2008-07-16 15:33:35.0</updated>
  <createdBy>
    <userId>9</userId>
    <firstName>Patrick</firstName>
    <lastName>Kayton</lastName>
    <loginName>Patrick Kayton</loginName>
    <sessionFinished>false</sessionFinished>
    <resource reference="../.."/>
  </createdBy>
  <resourceItems>
    <org.lamsfoundation.lams.tool.rsrc.model.ResourceItem>
      <type>3</type>
      <title>The River of Dreams</title>
      <openUrlNewWindow>false</openUrlNewWindow>
      <initialItem>index.html</initialItem>
      <fileUuid>945</fileUuid>
      <fileVersionId>1</fileVersionId>
      <fileName>K0104.zip</fileName>
      <fileType>text/plain</fileType>
      <itemInstructions/>
      <isHide>false</isHide>
      <isCreateByAuthor>true</isCreateByAuthor>
      <createDate class="sql-timestamp">2008-07-16 15:33:24.0</createDate>
      <createBy reference="../../../createdBy"/>
      <complete>false</complete>
    </org.lamsfoundation.lams.tool.rsrc.model.ResourceItem>
  </resourceItems>
  <reflectOnActivity>false</reflectOnActivity>
  <reflectInstructions></reflectInstructions>
</org.lamsfoundation.lams.tool.rsrc.model.Resource>