<org.lamsfoundation.lams.tool.noticeboard.NoticeboardContent>
  <nbContentId>2048</nbContentId>
  <title>Prepare for an Activity!</title>
  <content>&lt;table width="400" cellspacing="9" cellpadding="9" border="0" summary="" style="background: rgb(20, 75, 215) none repeat scroll 0% 50%; -moz-background-clip: -moz-initial; -moz-background-origin: -moz-initial; -moz-background-inline-policy: -moz-initial;"&gt;
    &lt;tbody&gt;
        &lt;tr&gt;
            &lt;td width="176" align="center"&gt;&amp;nbsp;&lt;img height="245" width="173" src="/lams//www/secure/4028813915760eb301157a04abe7005a/Image/K456 Tia 03.gif" alt="" /&gt;&lt;br /&gt;
            &lt;/td&gt;
            &lt;td width="300" align="left"&gt;
            &lt;p&gt;&lt;font face="Comic Sans MS" size="3" color="#ffffff"&gt;&lt;strong&gt;Time to get active!&lt;/strong&gt;&lt;br /&gt;
            &lt;/font&gt;&lt;/p&gt;
            &lt;p&gt;&lt;font face="Comic Sans MS" size="3" color="#ffffff"&gt;That is, it&amp;rsquo;s time for you to try out some of your new skills.&lt;/font&gt;&lt;/p&gt;
            &lt;p&gt;&lt;font face="Comic Sans MS" size="3" color="#ffffff"&gt;We&amp;rsquo;ve seen how questions can help us to understand things that seem strange or complicated. And we&amp;rsquo;ve talked about finding the right little questions that help us find the big answers.&lt;/font&gt;&lt;/p&gt;
            &lt;p&gt;&lt;font face="Comic Sans MS" size="3" color="#ffffff"&gt;Now you&amp;rsquo;re going to play a game called 20 Questions.&lt;/font&gt;&lt;/p&gt;
            &lt;/td&gt;
            &lt;td&gt;&lt;br /&gt;
            &lt;br /&gt;
            &lt;br /&gt;
            &lt;br /&gt;
            &lt;br /&gt;
            &lt;br /&gt;
            &lt;br /&gt;
            &lt;br /&gt;
            &lt;br /&gt;
            &lt;br /&gt;
            &lt;br /&gt;
            &lt;br /&gt;
            &lt;br /&gt;
            &lt;br /&gt;
            &lt;br /&gt;
            &lt;br /&gt;
            &lt;/td&gt;
        &lt;/tr&gt;
    &lt;/tbody&gt;
&lt;/table&gt;</content>
  <onlineInstructions></onlineInstructions>
  <offlineInstructions></offlineInstructions>
  <defineLater>false</defineLater>
  <forceOffline>false</forceOffline>
  <reflectOnActivity>false</reflectOnActivity>
  <reflectInstructions></reflectInstructions>
  <contentInUse>false</contentInUse>
  <creatorUserId>9</creatorUserId>
  <dateCreated class="sql-timestamp">2007-10-27 23:26:23.0</dateCreated>
  <dateUpdated class="sql-timestamp">2008-07-21 15:50:54.0</dateUpdated>
  <nbAttachments/>
</org.lamsfoundation.lams.tool.noticeboard.NoticeboardContent>