<org.lamsfoundation.lams.tool.noticeboard.NoticeboardContent>
  <nbContentId>2246</nbContentId>
  <title>Something to remember.</title>
  <content>&lt;table width="400" cellspacing="9" cellpadding="9" border="0" style="background: rgb(248, 200, 30) none repeat scroll 0% 50%; -moz-background-clip: -moz-initial; -moz-background-origin: -moz-initial; -moz-background-inline-policy: -moz-initial;" summary=""&gt;
    &lt;tbody&gt;
        &lt;tr&gt;
            &lt;td width="176" align="left"&gt;&lt;font face="Comic Sans MS" size="3"&gt;&amp;nbsp;&lt;img height="396" width="240" align="left" alt="Tia" src="/lams//www/secure/4028813915760eb301157a04abe7005a/Image/K456 Tia 15.gif" /&gt;&lt;/font&gt;&lt;/td&gt;
            &lt;td&gt;
            &lt;p&gt;&lt;font face="Comic Sans MS"&gt;&lt;strong&gt;&lt;font size="3"&gt;This is what I think helped the Thunderbolt Kids see through Klaus&amp;rsquo; lies...&lt;/font&gt;&lt;/strong&gt;&lt;br /&gt;
            &lt;br /&gt;
            &lt;font size="3"&gt;Poor Klaus. He never really stood a chance against the Thunderbolt Kids.&amp;nbsp;His whacky&amp;nbsp;superstitions were no match for their&amp;nbsp;thinking powers.&lt;/font&gt;&lt;/font&gt;&lt;/p&gt;
            &lt;p&gt;&lt;font face="Comic Sans MS" size="3"&gt;The kids have been trained to think &lt;strong&gt;scientifically&lt;/strong&gt;. This means they don&amp;rsquo;t believe things&amp;nbsp;that cannot be proven and tested by&amp;nbsp;experiments. And they have a good understanding of the &lt;span style="font-weight: bold;"&gt;ideas&lt;/span&gt; of &lt;span style="font-weight: bold;"&gt;electricity&lt;/span&gt;, &lt;span style="font-weight: bold;"&gt;magnetism&lt;/span&gt; and &lt;span style="font-weight: bold;"&gt;gravity&lt;/span&gt;.&lt;br /&gt;
            &lt;/font&gt;&lt;/p&gt;
            &lt;p&gt;&lt;font face="Comic Sans MS" size="3"&gt;This made it easy for them to see through Klaus. He obviously wasn&amp;rsquo;t even trying to think scientifically and so his &lt;strong&gt;ideas &lt;/strong&gt;came&amp;nbsp;across as ridiculous in the Museum of Science. &lt;br /&gt;
            &lt;/font&gt;&lt;/p&gt;
            &lt;p&gt;&lt;font face="Comic Sans MS" size="3"&gt;&lt;/font&gt;&lt;/p&gt;
            &lt;p&gt;&lt;font face="Comic Sans MS" size="3"&gt;&lt;strong&gt;&amp;nbsp;&lt;/strong&gt;&lt;/font&gt;&lt;/p&gt;
            &lt;p&gt;&lt;font face="Comic Sans MS"&gt;&lt;strong&gt;&lt;font size="3"&gt;&amp;nbsp;&lt;/font&gt;&lt;br /&gt;
            &lt;/strong&gt;&lt;/font&gt;&lt;/p&gt;
            &lt;/td&gt;
        &lt;/tr&gt;
    &lt;/tbody&gt;
&lt;/table&gt;</content>
  <onlineInstructions></onlineInstructions>
  <offlineInstructions></offlineInstructions>
  <defineLater>false</defineLater>
  <forceOffline>false</forceOffline>
  <reflectOnActivity>false</reflectOnActivity>
  <reflectInstructions></reflectInstructions>
  <contentInUse>false</contentInUse>
  <creatorUserId>9</creatorUserId>
  <dateCreated class="sql-timestamp">2007-10-07 13:14:54.0</dateCreated>
  <dateUpdated class="sql-timestamp">2008-07-17 14:09:11.0</dateUpdated>
  <nbAttachments/>
</org.lamsfoundation.lams.tool.noticeboard.NoticeboardContent>