<org.lamsfoundation.lams.tool.noticeboard.NoticeboardContent>
  <nbContentId>1922</nbContentId>
  <title>Thinking sceptically</title>
  <content>&lt;table width="400" cellspacing="9" cellpadding="9" border="0" align="" style="background: rgb(248, 200, 30) none repeat scroll 0% 50%; -moz-background-clip: -moz-initial; -moz-background-origin: -moz-initial; -moz-background-inline-policy: -moz-initial;" summary=""&gt;
    &lt;tbody&gt;
        &lt;tr&gt;
            &lt;td width="176" align="center"&gt;&amp;nbsp;&lt;img width="143" height="396" align="middle" src="/lams//www/secure/402881391594adaa0115a363d996005d/Image/K456 Tia 05.gif" alt="" /&gt;&lt;br /&gt;
            &lt;/td&gt;
            &lt;td&gt;&lt;font size="3"&gt;&lt;font face="Comic Sans MS"&gt;&lt;strong&gt;What does it mean to think sceptically?&lt;/strong&gt;&lt;br /&gt;
            &lt;br /&gt;
            Being sceptical means keeping your mind open to evidence and proof. It means thinking carefully about the things you see and hear and read about. &lt;br /&gt;
            &lt;br /&gt;
            Staying on the lookout for evidence and proof is one of the most important things you can learn. Why? What if you never ask or look for evidence and proof? Then you&amp;rsquo;ll spend your whole life accepting whatever you hear or see or read. It&amp;rsquo;ll be easy for people to fool you into believing things that aren&amp;rsquo;t true.&lt;br /&gt;
            &lt;/font&gt;&lt;/font&gt;&lt;font size="3"&gt;&lt;font face="Comic Sans MS"&gt;             &lt;br /&gt;
            &lt;/font&gt;&lt;/font&gt;&lt;font size="3"&gt;&lt;font face="Comic Sans MS"&gt;             Ready for the next page? Just click [Finish] below...&lt;/font&gt;&lt;/font&gt;&lt;/td&gt;
        &lt;/tr&gt;
    &lt;/tbody&gt;
&lt;/table&gt;</content>
  <onlineInstructions></onlineInstructions>
  <offlineInstructions></offlineInstructions>
  <defineLater>false</defineLater>
  <forceOffline>false</forceOffline>
  <reflectOnActivity>false</reflectOnActivity>
  <reflectInstructions></reflectInstructions>
  <contentInUse>false</contentInUse>
  <creatorUserId>9</creatorUserId>
  <dateCreated class="sql-timestamp">2007-10-15 14:32:57.0</dateCreated>
  <dateUpdated class="sql-timestamp">2008-07-07 13:05:55.0</dateUpdated>
  <nbAttachments/>
</org.lamsfoundation.lams.tool.noticeboard.NoticeboardContent>