<org.lamsfoundation.lams.tool.noticeboard.NoticeboardContent>
  <nbContentId>1928</nbContentId>
  <title>Something to remember.</title>
  <content>&lt;table width="400" cellspacing="9" cellpadding="9" border="0" align="" style="background: rgb(248, 200, 30) none repeat scroll 0% 50%; -moz-background-clip: -moz-initial; -moz-background-origin: -moz-initial; -moz-background-inline-policy: -moz-initial;" summary=""&gt;
    &lt;tbody&gt;
        &lt;tr&gt;
            &lt;td width="176" align="center"&gt;&amp;nbsp;&lt;img width="140" height="396" src="/lams//www/secure/402881391594adaa0115a363d996005d/Image/K456 Tia 12.gif" alt="" /&gt;&lt;br /&gt;
            &lt;/td&gt;
            &lt;td&gt;&amp;nbsp;&lt;strong&gt;&lt;font size="3"&gt;&lt;font face="Comic Sans MS"&gt;This is what &lt;em&gt;I&lt;/em&gt;&lt;em&gt; think&lt;/em&gt; the story was about...&lt;/font&gt;&lt;/font&gt;&lt;/strong&gt;&lt;font size="3"&gt;&lt;font face="Comic Sans MS"&gt;&lt;br /&gt;
            &lt;br /&gt;
            This story was about being sceptical. It was about looking for evidence and proof. It was about testing what you see or hear or read about.&lt;br /&gt;
            &lt;br /&gt;
            Farrah saw shadows that looked like a monster. But in fact her imagination was fooling her into believing the monster was real. She closed her mind to facts, which opened her mind to nightmare fantasies. &lt;br /&gt;
            &lt;br /&gt;
            Once Farrah learned to keep her mind open and to look for evidence and proof her nightmares stopped.&lt;br /&gt;
            &lt;br /&gt;
            &lt;strong&gt;Remember&lt;/strong&gt;: What we see or hear or read is not necessarily real or true. To be a good thinker you need to keep your mind open to evidence and proof. Test the evidence to discover what&amp;rsquo;s true and what&amp;rsquo;s false. &lt;br /&gt;
            &lt;/font&gt;&lt;/font&gt;&lt;/td&gt;
        &lt;/tr&gt;
    &lt;/tbody&gt;
&lt;/table&gt;</content>
  <onlineInstructions></onlineInstructions>
  <offlineInstructions></offlineInstructions>
  <defineLater>false</defineLater>
  <forceOffline>false</forceOffline>
  <reflectOnActivity>false</reflectOnActivity>
  <reflectInstructions></reflectInstructions>
  <contentInUse>false</contentInUse>
  <creatorUserId>9</creatorUserId>
  <dateCreated class="sql-timestamp">2007-10-16 01:59:55.0</dateCreated>
  <dateUpdated class="sql-timestamp">2008-07-07 13:15:17.0</dateUpdated>
  <nbAttachments/>
</org.lamsfoundation.lams.tool.noticeboard.NoticeboardContent>