<org.lamsfoundation.lams.tool.noticeboard.NoticeboardContent>
  <nbContentId>1940</nbContentId>
  <title>Goodbye and goodluck!</title>
  <content>&lt;table width="400" cellspacing="9" cellpadding="9" border="0" align="" style="background: rgb(248, 200, 30) none repeat scroll 0% 50%; -moz-background-clip: -moz-initial; -moz-background-origin: -moz-initial; -moz-background-inline-policy: -moz-initial;" summary=""&gt;
    &lt;tbody&gt;
        &lt;tr&gt;
            &lt;td align="center" colspan="2"&gt;&amp;nbsp;&amp;nbsp;&lt;img width="500" height="71" src="/lams//www/secure/402881391594adaa0115a363d996005d/Image/LunarMenace_1.gif" alt="" /&gt;&lt;/td&gt;
        &lt;/tr&gt;
        &lt;tr&gt;
            &lt;td width="176" align="center"&gt;&amp;nbsp;&lt;img width="186" height="396" align="middle" src="/lams//www/secure/402881391594adaa0115a363d996005d/Image/K456 Tia 19.gif" alt="" /&gt;&lt;br /&gt;
            &lt;/td&gt;
            &lt;td&gt;&amp;nbsp;&lt;br /&gt;
            &lt;font size="3"&gt;&lt;font face="Comic Sans MS"&gt;&lt;br /&gt;
            &lt;br /&gt;
            Well, that brings us to the end of another Kusasa lesson! Let&amp;rsquo;s recap...&lt;br /&gt;
            &lt;br /&gt;
            &lt;/font&gt;&lt;/font&gt;
            &lt;ul&gt;
                &lt;li&gt;&lt;font size="3"&gt;&lt;font face="Comic Sans MS"&gt;Today you discovered how people used to think about the moon in history before science. &lt;br /&gt;
                &lt;/font&gt;&lt;/font&gt;&lt;/li&gt;
                &lt;li&gt;&lt;font size="3"&gt;&lt;font face="Comic Sans MS"&gt;You did an experiment to see for yourself what causes the phases of the moon.&amp;nbsp;&lt;/font&gt;&lt;/font&gt;&lt;/li&gt;
                &lt;li&gt;&lt;font size="3"&gt;&lt;font face="Comic Sans MS"&gt;And you created a model in eToys to animate the phases of the moon in the right sequence.&lt;br /&gt;
                &lt;/font&gt;&lt;/font&gt;&lt;font size="3"&gt;&lt;font face="Comic Sans MS"&gt;&lt;br /&gt;
                &lt;/font&gt;&lt;/font&gt;&lt;/li&gt;
            &lt;/ul&gt;
            &lt;font size="3"&gt;&lt;font face="Comic Sans MS"&gt;What do you need to remember? Thinking sceptically means finding out for yourself if what you see, hear or read about really makes sense.&lt;br /&gt;
            &lt;br /&gt;
            Try it! Who knows... maybe you&amp;rsquo;ll be the next Galilelo!&lt;br /&gt;
            &lt;/font&gt;&lt;/font&gt;&lt;/td&gt;
        &lt;/tr&gt;
    &lt;/tbody&gt;
&lt;/table&gt;</content>
  <onlineInstructions></onlineInstructions>
  <offlineInstructions></offlineInstructions>
  <defineLater>false</defineLater>
  <forceOffline>false</forceOffline>
  <reflectOnActivity>false</reflectOnActivity>
  <reflectInstructions></reflectInstructions>
  <contentInUse>false</contentInUse>
  <creatorUserId>9</creatorUserId>
  <dateCreated class="sql-timestamp">2007-10-15 14:31:03.0</dateCreated>
  <dateUpdated class="sql-timestamp">2008-07-07 13:49:18.0</dateUpdated>
  <nbAttachments/>
</org.lamsfoundation.lams.tool.noticeboard.NoticeboardContent>