<org.lamsfoundation.lams.tool.noticeboard.NoticeboardContent>
  <nbContentId>2242</nbContentId>
  <title>Why this part of thinking?</title>
  <content>&lt;table width="400" cellspacing="9" cellpadding="9" border="0" summary="" style="background: rgb(248, 200, 30) none repeat scroll 0% 50%; -moz-background-clip: -moz-initial; -moz-background-origin: -moz-initial; -moz-background-inline-policy: -moz-initial;"&gt;
    &lt;tbody&gt;
        &lt;tr&gt;
            &lt;td&gt;&lt;font face="Comic Sans MS" size="3"&gt;&amp;nbsp;&lt;/font&gt;&lt;/td&gt;
            &lt;td&gt;&lt;font face="Comic Sans MS" size="3"&gt;&amp;nbsp;&lt;/font&gt;&lt;/td&gt;
        &lt;/tr&gt;
        &lt;tr&gt;
            &lt;td width="176" align="left"&gt;&lt;font face="Comic Sans MS" size="3"&gt;&amp;nbsp;&lt;img height="396" width="188" align="left" src="/lams//www/secure/4028813915760eb301157a04abe7005a/Image/K456 Tia 22.gif" alt="Tia" /&gt;&lt;/font&gt;&lt;/td&gt;
            &lt;td&gt;
            &lt;p&gt;&lt;strong&gt;&lt;font face="Comic Sans MS" size="3"&gt;Why learn to understand ideas?&lt;/font&gt;&lt;br /&gt;
            &lt;br /&gt;
            &lt;/strong&gt;&lt;font face="Comic Sans MS" size="3"&gt;Understanding ideas can be difficult but it&amp;rsquo;s definitely worth it!&amp;nbsp;&lt;/font&gt;&lt;/p&gt;
            &lt;p&gt;&lt;font face="Comic Sans MS" size="3"&gt;We need ideas to think beyond simple nouns and verbs. We need ideas to understand the complicated world around us. And we need them to think about the complex ways that we interact with each other.&lt;/font&gt;&lt;/p&gt;
            &lt;p&gt;&lt;font face="Comic Sans MS" size="3"&gt;Understanding ideas will help you solve problems by opening up completely different ways of thinking about them. It will also make the world&amp;nbsp;a lot less overwhelming because you will be able to group any bit of information under its own &lt;strong&gt;idea&lt;/strong&gt;.&lt;/font&gt;&lt;/p&gt;
            &lt;p&gt;&lt;font face="Comic Sans MS" size="3"&gt;Mastering ideas will allow you to take your thinking to the next level.&lt;/font&gt;&lt;/p&gt;
            &lt;p&gt;&lt;font face="Comic Sans MS" size="3"&gt;&amp;nbsp;&lt;/font&gt;&lt;/p&gt;
            &lt;br /&gt;
            &lt;/td&gt;
        &lt;/tr&gt;
    &lt;/tbody&gt;
&lt;/table&gt;</content>
  <onlineInstructions></onlineInstructions>
  <offlineInstructions></offlineInstructions>
  <defineLater>false</defineLater>
  <forceOffline>false</forceOffline>
  <reflectOnActivity>false</reflectOnActivity>
  <reflectInstructions></reflectInstructions>
  <contentInUse>false</contentInUse>
  <creatorUserId>9</creatorUserId>
  <dateCreated class="sql-timestamp">2007-10-07 13:14:54.0</dateCreated>
  <dateUpdated class="sql-timestamp">2008-07-17 13:41:58.0</dateUpdated>
  <nbAttachments/>
</org.lamsfoundation.lams.tool.noticeboard.NoticeboardContent>