<org.lamsfoundation.lams.tool.noticeboard.NoticeboardContent>
  <nbContentId>2461</nbContentId>
  <title>Your Kusasa Route Map</title>
  <content>&lt;table width="400" cellspacing="9" cellpadding="9" border="0" summary="" style="background: rgb(20, 75, 215) none repeat scroll 0% 50%; -moz-background-clip: -moz-initial; -moz-background-origin: -moz-initial; -moz-background-inline-policy: -moz-initial;"&gt;
    &lt;tbody&gt;
        &lt;tr&gt;
            &lt;td width="176"&gt;&amp;nbsp;&lt;img height="340" width="258" align="left" src="/lams//www/secure/4028813915760eb301157a04abe7005a/Image/K456 Tia 06.gif" alt="Tia" /&gt;&lt;/td&gt;
            &lt;td width="300" align="left"&gt;&lt;font size="3"&gt;&lt;font face="Comic Sans MS"&gt;
            &lt;p&gt;&lt;br /&gt;
            &lt;/p&gt;
            &lt;/font&gt;&lt;/font&gt;&lt;font size="3"&gt;&lt;font face="Comic Sans MS"&gt;&lt;font color="#ffffff"&gt;&lt;strong&gt;How will you learn to make logical deductions?&lt;/strong&gt;&lt;/font&gt;&lt;/font&gt;&lt;/font&gt;&lt;font size="3"&gt;&lt;font face="Comic Sans MS"&gt;&lt;font color="#ffffff"&gt;&lt;strong&gt;&lt;br /&gt;
            &lt;br /&gt;
            &lt;/strong&gt;You will:&lt;/font&gt;&lt;/font&gt;&lt;/font&gt;&lt;font size="3"&gt;&lt;font face="Comic Sans MS"&gt;&lt;font color="#ffffff"&gt;&lt;strong&gt;&lt;br /&gt;
            &lt;/strong&gt;&lt;/font&gt;&lt;/font&gt;&lt;/font&gt;
            &lt;ul&gt;
                &lt;li&gt;&lt;font size="3" color="#ffffff"&gt;&lt;font face="Comic Sans MS"&gt;Read&amp;nbsp;a story about the Thunderbolt Kids using logic to save someone who doesn&amp;rsquo;t.&lt;br /&gt;
                &lt;/font&gt;&lt;/font&gt;&lt;/li&gt;
                &lt;li&gt;&lt;font size="3" color="#ffffff"&gt;&lt;font face="Comic Sans MS"&gt;Do an activity where you explore a little chemistry.&lt;br /&gt;
                &lt;/font&gt;&lt;/font&gt;&lt;/li&gt;
                &lt;li&gt;&lt;font size="3" color="#ffffff"&gt;&lt;font face="Comic Sans MS"&gt;Complete an eToys exercise where you explore chemistry a little further.&lt;/font&gt;&lt;/font&gt; &lt;/li&gt;
            &lt;/ul&gt;
            &lt;/td&gt;
        &lt;/tr&gt;
    &lt;/tbody&gt;
&lt;/table&gt;</content>
  <onlineInstructions></onlineInstructions>
  <offlineInstructions></offlineInstructions>
  <defineLater>false</defineLater>
  <forceOffline>false</forceOffline>
  <reflectOnActivity>false</reflectOnActivity>
  <reflectInstructions></reflectInstructions>
  <contentInUse>false</contentInUse>
  <creatorUserId>9</creatorUserId>
  <dateCreated class="sql-timestamp">2007-10-07 13:14:54.0</dateCreated>
  <dateUpdated class="sql-timestamp">2008-07-23 08:44:58.0</dateUpdated>
  <nbAttachments/>
</org.lamsfoundation.lams.tool.noticeboard.NoticeboardContent>