<org.lamsfoundation.lams.tool.qa.QaContent>
  <qaContentId>2083</qaContentId>
  <title>Story Crunch 3</title>
  <instructions>&lt;table width="400" cellspacing="9" cellpadding="9" border="0" align="" summary="" style="background: rgb(170, 220, 2) none repeat scroll 0% 50%; -moz-background-clip: -moz-initial; -moz-background-origin: -moz-initial; -moz-background-inline-policy: -moz-initial;"&gt;
    &lt;tbody&gt;
        &lt;tr&gt;
            &lt;td width="110" align="center"&gt;&lt;img width="90" height="258" alt="" src="/lams//www/secure/4028813915760eb301157a04abe7005a/Image/K0404 Ghost 03 copy.gif" /&gt;&amp;nbsp;&lt;br /&gt;
            &lt;/td&gt;
            &lt;td width="300" align="left"&gt;&lt;font size="3"&gt;&lt;font face="Comic Sans MS"&gt;&lt;strong&gt;Let&amp;rsquo;s crunch this story one more time!&lt;/strong&gt;&lt;/font&gt;&lt;/font&gt;&lt;font size="3"&gt;&lt;font size="3"&gt;&lt;font face="Comic Sans MS"&gt;&lt;br /&gt;
            &lt;/font&gt;&lt;/font&gt;&lt;font size="3"&gt;&lt;font face="Comic Sans MS"&gt;&lt;br /&gt;
            The fourth and final step in How To Solve It is to:&lt;br /&gt;
            &lt;br /&gt;
            &lt;/font&gt;&lt;/font&gt;&lt;/font&gt;
            &lt;ul&gt;
                &lt;li&gt;&lt;font size="3"&gt;&lt;font size="3"&gt;&lt;font face="Comic Sans MS"&gt;&lt;strong&gt;Look back and evaluate the plan&lt;/strong&gt;. Once you have carried out your plan, you should look back and rate what you have done. Did you do the best you could do? How do you know? How can you do better next time? These are all questions you can ask when looking back at what you have done&lt;br /&gt;
                &lt;/font&gt;&lt;/font&gt;&lt;/font&gt;&lt;/li&gt;
            &lt;/ul&gt;
            &lt;br /&gt;
            &lt;font size="3"&gt;&lt;font size="3"&gt;&lt;font face="Comic Sans MS"&gt;Here is a question to get you crunching the fourth step in How To Solve It...&lt;/font&gt;&lt;/font&gt;&lt;/font&gt;&lt;br /&gt;
            &lt;font size="3"&gt;&lt;font size="3"&gt;&lt;font size="3"&gt;             &lt;/font&gt;&lt;/font&gt;&lt;/font&gt;&lt;/td&gt;
        &lt;/tr&gt;
    &lt;/tbody&gt;
&lt;/table&gt;</instructions>
  <offlineInstructions></offlineInstructions>
  <onlineInstructions></onlineInstructions>
  <createdBy>9</createdBy>
  <defineLater>false</defineLater>
  <reflect>false</reflect>
  <reflectionSubject></reflectionSubject>
  <runOffline>false</runOffline>
  <questionsSequenced>false</questionsSequenced>
  <lockWhenFinished>true</lockWhenFinished>
  <showOtherAnswers>true</showOtherAnswers>
  <usernameVisible>false</usernameVisible>
  <synchInMonitor>false</synchInMonitor>
  <contentLocked>false</contentLocked>
  <updateDate class="sql-timestamp">2008-07-07 15:51:06.0</updateDate>
  <qaQueContents class="tree-set">
    <no-comparator/>
    <org.lamsfoundation.lams.tool.qa.QaQueContent>
      <question>&lt;table width="400" cellspacing="9" cellpadding="9" border="0" align="" style="background: rgb(170, 220, 2) none repeat scroll 0% 50%; -moz-background-clip: -moz-initial; -moz-background-origin: -moz-initial; -moz-background-inline-policy: -moz-initial;" summary=""&gt;
    &lt;tbody&gt;
        &lt;tr&gt;
            &lt;td width="110" align="center"&gt;&amp;nbsp;&lt;br /&gt;
            &lt;/td&gt;
            &lt;td width="300" align="left"&gt;&lt;font size="3"&gt;&lt;font face="Comic Sans MS"&gt;&lt;strong&gt;How do you think The Thunderbolt Kids could have carried out their plan a little better?&lt;br /&gt;
            &lt;br /&gt;
            &lt;/strong&gt;Write a sentence or two to describe how The Thunderbolt Kids could have been a little more careful in carrying out their plan.&lt;br /&gt;
            &lt;br /&gt;
            Then compare your answers with your classmates&amp;rsquo; answers.&lt;br /&gt;
            &lt;strong&gt;             &lt;/strong&gt;&lt;/font&gt;&lt;/font&gt;&lt;/td&gt;
        &lt;/tr&gt;
    &lt;/tbody&gt;
&lt;/table&gt;</question>
      <displayOrder>1</displayOrder>
      <feedback></feedback>
      <isOptional>false</isOptional>
    </org.lamsfoundation.lams.tool.qa.QaQueContent>
  </qaQueContents>
  <qaUploadedFiles class="tree-set">
    <no-comparator/>
  </qaUploadedFiles>
</org.lamsfoundation.lams.tool.qa.QaContent>