<org.lamsfoundation.lams.tool.noticeboard.NoticeboardContent>
  <nbContentId>2036</nbContentId>
  <title>Prepare for eToys!</title>
  <content>&lt;table width="400" cellspacing="9" cellpadding="9" border="0" align="" style="background: rgb(20, 75, 215) none repeat scroll 0% 50%; -moz-background-clip: -moz-initial; -moz-background-origin: -moz-initial; -moz-background-inline-policy: -moz-initial;" summary=""&gt;
    &lt;tbody&gt;
        &lt;tr&gt;
            &lt;td width="176" align="center"&gt;&amp;nbsp;&lt;img height="316" width="173" alt="" src="/lams//www/secure/4028813915760eb301157a04abe7005a/Image/K456 Tia 09.gif" /&gt;&lt;br /&gt;
            &lt;/td&gt;
            &lt;td width="300" align="left"&gt;&lt;font size="3"&gt;&lt;font face="Comic Sans MS"&gt;&lt;font color="#ffffff"&gt;&lt;strong&gt;Okay, you&amp;rsquo;re ready to begin the eToys challenge! &lt;br /&gt;
            &lt;/strong&gt;&lt;/font&gt;&lt;/font&gt;&lt;/font&gt;&lt;font color="#ffffff"&gt;&lt;font size="3"&gt;&lt;font face="Comic Sans MS"&gt;&lt;strong&gt;&lt;br /&gt;
            &lt;/strong&gt;Your eToys challenge today is to finish your freeform project.&amp;nbsp; You can use anything and everything you have learned to complete your project.&lt;br /&gt;
            &lt;br /&gt;
            While you are putting on the finishing touches, ask yourself, &amp;quot;What is my purpose?&amp;quot; to ensure that every part of your project is focused on achieving what you want.&lt;/font&gt;&lt;/font&gt;&lt;/font&gt;&lt;font size="3"&gt;&lt;font face="Comic Sans MS"&gt;&lt;font color="#ffffff"&gt;&lt;br /&gt;
            &lt;/font&gt;&lt;/font&gt;&lt;/font&gt;&lt;font size="3"&gt;&lt;font face="Comic Sans MS"&gt;             &lt;/font&gt;&lt;/font&gt;&lt;font size="3"&gt;&lt;font face="Comic Sans MS"&gt;             &lt;/font&gt;&lt;/font&gt;&lt;/td&gt;
            &lt;td&gt;&lt;br /&gt;
            &lt;br /&gt;
            &lt;br /&gt;
            &lt;br /&gt;
            &lt;br /&gt;
            &lt;br /&gt;
            &lt;br /&gt;
            &lt;br /&gt;
            &lt;br /&gt;
            &lt;br /&gt;
            &lt;br /&gt;
            &lt;br /&gt;
            &lt;br /&gt;
            &lt;br /&gt;
            &lt;br /&gt;
            &lt;br /&gt;
            &lt;/td&gt;
        &lt;/tr&gt;
    &lt;/tbody&gt;
&lt;/table&gt;</content>
  <onlineInstructions></onlineInstructions>
  <offlineInstructions></offlineInstructions>
  <defineLater>false</defineLater>
  <forceOffline>false</forceOffline>
  <reflectOnActivity>false</reflectOnActivity>
  <reflectInstructions></reflectInstructions>
  <contentInUse>false</contentInUse>
  <creatorUserId>9</creatorUserId>
  <dateCreated class="sql-timestamp">2007-10-27 23:26:23.0</dateCreated>
  <dateUpdated class="sql-timestamp">2008-07-21 11:29:48.0</dateUpdated>
  <nbAttachments/>
</org.lamsfoundation.lams.tool.noticeboard.NoticeboardContent>