<org.lamsfoundation.lams.tool.vote.pojos.VoteContent>
  <voteContentId>1930</voteContentId>
  <title>Let's vote on it!</title>
  <reflectionSubject></reflectionSubject>
  <instructions>&lt;table width="400" cellspacing="9" cellpadding="9" border="0" align="" style="background: rgb(170, 220, 2) none repeat scroll 0% 50%; -moz-background-clip: -moz-initial; -moz-background-origin: -moz-initial; -moz-background-inline-policy: -moz-initial;" summary=""&gt;
    &lt;tbody&gt;
        &lt;tr&gt;
            &lt;td width="110" align="center"&gt;&amp;nbsp;&lt;img width="173" height="337" alt="" src="/lams//www/secure/402881391594adaa0115a363d996005d/Image/K456 Tia 11.gif" /&gt;&lt;br /&gt;
            &lt;/td&gt;
            &lt;td width="300" align="left"&gt;&lt;font size="3"&gt;&lt;font face="Comic Sans MS"&gt;&lt;strong&gt;What&amp;rsquo;s the truth?&lt;/strong&gt;&lt;/font&gt;&lt;/font&gt;&lt;font size="3"&gt;&lt;font size="3"&gt;&lt;font face="Comic Sans MS"&gt;&lt;br /&gt;
            &lt;/font&gt;&lt;/font&gt;&lt;font size="3"&gt;&lt;font face="Comic Sans MS"&gt;&lt;br /&gt;
            Many people believe that the phases of the moon are caused by the earth&amp;rsquo;s shadow on the moon. Other people believe that the phases of the moon are the result of the amount of sunlight the moon reflects as it moves in its path or orbit around the earth.&lt;br /&gt;
            &lt;br /&gt;
            Here are two statements about the moon. One is true, the other is false. Choose the one you think is correct.&lt;/font&gt;&lt;/font&gt;&lt;/font&gt;&lt;/td&gt;
        &lt;/tr&gt;
    &lt;/tbody&gt;
&lt;/table&gt;</instructions>
  <defineLater>false</defineLater>
  <runOffline>false</runOffline>
  <updateDate class="sql-timestamp">2008-07-07 13:19:10.0</updateDate>
  <createdBy>9</createdBy>
  <reflect>false</reflect>
  <allowText>false</allowText>
  <maxNominationCount>1</maxNominationCount>
  <lockOnFinish>true</lockOnFinish>
  <contentInUse>false</contentInUse>
  <offlineInstructions></offlineInstructions>
  <onlineInstructions></onlineInstructions>
  <voteQueContents class="tree-set">
    <no-comparator/>
    <org.lamsfoundation.lams.tool.vote.pojos.VoteQueContent>
      <question>The phases of the moon are caused by the earth's shadow on the moon.</question>
      <displayOrder>1</displayOrder>
      <voteContent reference="../../.."/>
    </org.lamsfoundation.lams.tool.vote.pojos.VoteQueContent>
    <org.lamsfoundation.lams.tool.vote.pojos.VoteQueContent>
      <question>The phases of the moon are caused by the changing position of the moon as it orbits the earth.</question>
      <displayOrder>2</displayOrder>
      <voteContent reference="../../.."/>
    </org.lamsfoundation.lams.tool.vote.pojos.VoteQueContent>
  </voteQueContents>
  <voteAttachments class="tree-set">
    <no-comparator/>
  </voteAttachments>
</org.lamsfoundation.lams.tool.vote.pojos.VoteContent>