<org.lamsfoundation.lams.tool.noticeboard.NoticeboardContent>
  <nbContentId>1924</nbContentId>
  <title>Why learn to think sceptically?</title>
  <content>&lt;table width="400" cellspacing="9" cellpadding="9" border="0" align="" style="background: rgb(248, 200, 30) none repeat scroll 0% 50%; -moz-background-clip: -moz-initial; -moz-background-origin: -moz-initial; -moz-background-inline-policy: -moz-initial;" summary=""&gt;
    &lt;tbody&gt;
        &lt;tr&gt;
            &lt;td width="176" align="center"&gt;&amp;nbsp;&lt;img width="173" height="375" align="middle" alt="" src="/lams//www/secure/402881391594adaa0115a363d996005d/Image/K456 Tia 08.gif" /&gt;&lt;br /&gt;
            &lt;/td&gt;
            &lt;td&gt;&amp;nbsp;&lt;br /&gt;
            &lt;br /&gt;
            &lt;font size="3"&gt;&lt;font face="Comic Sans MS"&gt;&lt;strong&gt;Why should you learn to think sceptically?&lt;/strong&gt;&lt;br /&gt;
            &lt;br /&gt;
            Do you believe everything anyone tells you? No, of course not! You already know that some people make their stories sound bigger and better than the truth. And some people tell lies. &lt;br /&gt;
            &lt;/font&gt;&lt;font face="Comic Sans MS"&gt;             &lt;br /&gt;
            But it&amp;rsquo;s easy to forget this when we read books or newspapers, or when we listen to important people on the radio, or watch them on TV. It&amp;rsquo;s easy to fall into thinking traps. If someone has gone to the trouble of writing something, we often think it must be true. And &lt;/font&gt;&lt;/font&gt;&lt;font size="3"&gt;&lt;font face="Comic Sans MS"&gt;if we like a person, or some of the things they have done, we tend to want to agree &lt;/font&gt;&lt;/font&gt;&lt;font size="3"&gt;&lt;font face="Comic Sans MS"&gt;with everything that person says. &lt;br /&gt;
            &lt;br /&gt;
            Learning to think sceptically helps us to avoid falling into these thinking traps.&lt;br /&gt;
            &lt;/font&gt;&lt;/font&gt;&lt;/td&gt;
        &lt;/tr&gt;
    &lt;/tbody&gt;
&lt;/table&gt;</content>
  <onlineInstructions></onlineInstructions>
  <offlineInstructions></offlineInstructions>
  <defineLater>false</defineLater>
  <forceOffline>false</forceOffline>
  <reflectOnActivity>false</reflectOnActivity>
  <reflectInstructions></reflectInstructions>
  <contentInUse>false</contentInUse>
  <creatorUserId>9</creatorUserId>
  <dateCreated class="sql-timestamp">2007-10-16 01:15:40.0</dateCreated>
  <dateUpdated class="sql-timestamp">2008-07-07 13:09:42.0</dateUpdated>
  <nbAttachments/>
</org.lamsfoundation.lams.tool.noticeboard.NoticeboardContent>