<org.lamsfoundation.lams.tool.noticeboard.NoticeboardContent>
  <nbContentId>1988</nbContentId>
  <title>Something to remember.</title>
  <content>&lt;table width="400" cellspacing="9" cellpadding="9" border="0" align="" summary="" style="background: rgb(248, 200, 30) none repeat scroll 0% 50%; -moz-background-clip: -moz-initial; -moz-background-origin: -moz-initial; -moz-background-inline-policy: -moz-initial;"&gt;
    &lt;tbody&gt;
        &lt;tr&gt;
            &lt;td width="176" align="left"&gt;&amp;nbsp;&lt;img width="143" height="396" align="left" src="/lams//www/secure/4028813915760eb301157a04abe7005a/Image/K456 Tia 05.gif" alt="Tia" /&gt;&lt;/td&gt;
            &lt;td&gt;&lt;font size="3"&gt;&lt;font face="Comic Sans MS"&gt;&lt;br /&gt;
            &lt;strong&gt;This is why I think asking questions is so important...&lt;/strong&gt;&lt;/font&gt;&lt;/font&gt;&lt;font size="3"&gt;&lt;font face="Comic Sans MS"&gt;&lt;br /&gt;
            &lt;br /&gt;
            Sophie could have simply said, &amp;quot;You&amp;rsquo;re a crook!&amp;quot; But she knew that she could get more information if she asked clever questions. Her questions confirmed that Dr Roberts was a crook. And they told her where he was going to take the bird. With that information she ensured that his whole team of thieves were busted.&lt;br /&gt;
            &lt;br /&gt;
            So her questions gave her information that she could think with. And that&amp;rsquo;s what makes questions so important. They bring you knowledge.&lt;br /&gt;
            &lt;br /&gt;
            &lt;strong&gt;Remember&lt;/strong&gt;: The more questions you ask, the more knowledge you will gain. And knowledge is power!&lt;/font&gt;&lt;/font&gt;&lt;font size="3"&gt;&lt;font size="3"&gt;&lt;font face="Comic Sans MS"&gt;&lt;br /&gt;
            &lt;/font&gt;&lt;/font&gt;&lt;/font&gt;&lt;/td&gt;
        &lt;/tr&gt;
    &lt;/tbody&gt;
&lt;/table&gt;</content>
  <onlineInstructions></onlineInstructions>
  <offlineInstructions></offlineInstructions>
  <defineLater>false</defineLater>
  <forceOffline>false</forceOffline>
  <reflectOnActivity>false</reflectOnActivity>
  <reflectInstructions></reflectInstructions>
  <contentInUse>false</contentInUse>
  <creatorUserId>9</creatorUserId>
  <dateCreated class="sql-timestamp">2007-10-07 13:14:54.0</dateCreated>
  <dateUpdated class="sql-timestamp">2008-07-07 14:55:00.0</dateUpdated>
  <nbAttachments/>
</org.lamsfoundation.lams.tool.noticeboard.NoticeboardContent>