<org.lamsfoundation.lams.tool.rsrc.model.Resource>
  <contentId>1967</contentId>
  <title>Resources</title>
  <instructions>&lt;table width="400" cellspacing="9" cellpadding="9" border="0" align="" summary="" style="background: rgb(20, 75, 215) none repeat scroll 0% 50%; -moz-background-clip: -moz-initial; -moz-background-origin: -moz-initial; -moz-background-inline-policy: -moz-initial;"&gt;
    &lt;tbody&gt;
        &lt;tr&gt;
            &lt;td width="175" align="center"&gt;&lt;img width="269" height="396" alt="" src="/lams//www/secure/4028813915760eb301157a04abe7005a/Image/K456 Tia 17.gif" /&gt;&amp;nbsp;&lt;br /&gt;
            &lt;/td&gt;
            &lt;td width="325" align="left"&gt;&lt;font size="3"&gt;&lt;font face="Comic Sans MS"&gt;&lt;font color="#ffffff"&gt;&lt;strong&gt;Using your body to think with &lt;br /&gt;
            &lt;br /&gt;
            &lt;/strong&gt;Great thinkers use more than just their brains to think with. They use whatever tools they can find to help them think better. One of the most powerful thinking tools you can use is your own body.&lt;br /&gt;
            &lt;br /&gt;
            &lt;/font&gt;&lt;/font&gt;&lt;/font&gt;&lt;font size="3"&gt;&lt;font face="Comic Sans MS"&gt;&lt;font color="#ffffff"&gt; Click on the &amp;quot;Thinking With Your Body Activity Worksheet&amp;quot; below to download it. Once you&amp;rsquo;ve downloaded the worksheet print a copy and collect it. Then find a space where you can walk a metre or two in all directions and begin the activity. Aim to complete this activity in about 10 minutes.&lt;/font&gt;&lt;/font&gt;&lt;/font&gt;&lt;/td&gt;
            &lt;td width="100" align="left"&gt;&amp;nbsp;&lt;/td&gt;
        &lt;/tr&gt;
    &lt;/tbody&gt;
&lt;/table&gt;</instructions>
  <runOffline>false</runOffline>
  <runAuto>false</runAuto>
  <miniViewResourceNumber>0</miniViewResourceNumber>
  <allowAddFiles>false</allowAddFiles>
  <allowAddUrls>false</allowAddUrls>
  <lockWhenFinished>false</lockWhenFinished>
  <defineLater>false</defineLater>
  <contentInUse>false</contentInUse>
  <onlineInstructions></onlineInstructions>
  <offlineInstructions></offlineInstructions>
  <attachments/>
  <updated class="sql-timestamp">2008-07-07 14:46:25.0</updated>
  <createdBy>
    <userId>9</userId>
    <firstName>Patrick</firstName>
    <lastName>Kayton</lastName>
    <loginName>Patrick Kayton</loginName>
    <sessionFinished>false</sessionFinished>
    <resource reference="../.."/>
  </createdBy>
  <resourceItems>
    <org.lamsfoundation.lams.tool.rsrc.model.ResourceItem>
      <type>2</type>
      <title>Shapes Activity</title>
      <openUrlNewWindow>false</openUrlNewWindow>
      <fileUuid>941</fileUuid>
      <fileVersionId>1</fileVersionId>
      <fileName>K0104 Shapes Activity.pdf</fileName>
      <fileType>application/octet-streamn</fileType>
      <itemInstructions/>
      <isHide>false</isHide>
      <isCreateByAuthor>true</isCreateByAuthor>
      <createDate class="sql-timestamp">2008-07-07 14:43:02.0</createDate>
      <createBy reference="../../../createdBy"/>
      <complete>false</complete>
    </org.lamsfoundation.lams.tool.rsrc.model.ResourceItem>
  </resourceItems>
  <reflectOnActivity>false</reflectOnActivity>
  <reflectInstructions></reflectInstructions>
</org.lamsfoundation.lams.tool.rsrc.model.Resource>