<org.lamsfoundation.lams.learningdesign.dto.LearningDesignDTO>
  <learningDesignID>99</learningDesignID>
  <title>K0101 The Thunderbolt Kids</title>
  <firstActivityID>1584</firstActivityID>
  <firstActivityUIID>1</firstActivityUIID>
  <maxID>59</maxID>
  <validDesign>true</validDesign>
  <readOnly>false</readOnly>
  <editOverrideLock>false</editOverrideLock>
  <userID>9</userID>
  <copyTypeID>1</copyTypeID>
  <createDateTime class="sql-timestamp">2008-07-07 11:09:27.0</createDateTime>
  <version>2.0.4</version>
  <designVersion>1</designVersion>
  <workspaceFolderID>52</workspaceFolderID>
  <lastModifiedDateTime class="sql-timestamp">2008-07-02 14:06:41.0</lastModifiedDateTime>
  <contentFolderID>4028813915760eb301157a04abe7005a</contentFolderID>
  <groupings/>
  <activities>
    <org.lamsfoundation.lams.learningdesign.dto.AuthoringActivityDTO>
      <activityID>1584</activityID>
      <activityUIID>1</activityUIID>
      <description>Tool for displaying HTML content including external sources such as images and other media.</description>
      <activityTitle>Welcome</activityTitle>
      <helpText>Displays formatted text and links to external sources on a read only page.</helpText>
      <helpURL>http://wiki.lamsfoundation.org/display/lamsdocs/lanb11</helpURL>
      <xCoord>18</xCoord>
      <yCoord>43</yCoord>
      <activityTypeID>1</activityTypeID>
      <defineLater>false</defineLater>
      <learningDesignID>99</learningDesignID>
      <createDateTime class="sql-timestamp">2008-02-25 12:33:08.0</createDateTime>
      <runOffline>false</runOffline>
      <toolSignature>lanb11</toolSignature>
      <toolID>2</toolID>
      <toolContentID>1833</toolContentID>
      <toolDisplayName>NoticeboardX</toolDisplayName>
      <toolVersion>20070524</toolVersion>
      <authoringURL>tool/lanb11/authoring.do</authoringURL>
      <monitoringURL>tool/lanb11/monitoring.do</monitoringURL>
      <activityCategoryID>4</activityCategoryID>
      <applyGrouping>false</applyGrouping>
      <groupingSupportType>2</groupingSupportType>
      <libraryActivityUIImage>tool/lanb11/images/icon_htmlnb.swf</libraryActivityUIImage>
      <readOnly>false</readOnly>
      <initialised>false</initialised>
    </org.lamsfoundation.lams.learningdesign.dto.AuthoringActivityDTO>
    <org.lamsfoundation.lams.learningdesign.dto.AuthoringActivityDTO>
      <activityID>1585</activityID>
      <activityUIID>2</activityUIID>
      <description>Tool for displaying HTML content including external sources such as images and other media.</description>
      <activityTitle>Motivation 1</activityTitle>
      <helpText>Displays formatted text and links to external sources on a read only page.</helpText>
      <helpURL>http://wiki.lamsfoundation.org/display/lamsdocs/lanb11</helpURL>
      <xCoord>188</xCoord>
      <yCoord>42</yCoord>
      <activityTypeID>1</activityTypeID>
      <defineLater>false</defineLater>
      <learningDesignID>99</learningDesignID>
      <createDateTime class="sql-timestamp">2008-02-25 12:33:08.0</createDateTime>
      <runOffline>false</runOffline>
      <toolSignature>lanb11</toolSignature>
      <toolID>2</toolID>
      <toolContentID>1834</toolContentID>
      <toolDisplayName>NoticeboardX</toolDisplayName>
      <toolVersion>20070524</toolVersion>
      <authoringURL>tool/lanb11/authoring.do</authoringURL>
      <monitoringURL>tool/lanb11/monitoring.do</monitoringURL>
      <activityCategoryID>4</activityCategoryID>
      <applyGrouping>false</applyGrouping>
      <groupingSupportType>2</groupingSupportType>
      <libraryActivityUIImage>tool/lanb11/images/icon_htmlnb.swf</libraryActivityUIImage>
      <readOnly>false</readOnly>
      <initialised>false</initialised>
    </org.lamsfoundation.lams.learningdesign.dto.AuthoringActivityDTO>
    <org.lamsfoundation.lams.learningdesign.dto.AuthoringActivityDTO>
      <activityID>1586</activityID>
      <activityUIID>8</activityUIID>
      <description>Tool for displaying HTML content including external sources such as images and other media.</description>
      <activityTitle>Kusasa Route Map</activityTitle>
      <helpText>Displays formatted text and links to external sources on a read only page.</helpText>
      <helpURL>http://wiki.lamsfoundation.org/display/lamsdocs/lanb11</helpURL>
      <xCoord>334</xCoord>
      <yCoord>43</yCoord>
      <activityTypeID>1</activityTypeID>
      <defineLater>false</defineLater>
      <learningDesignID>99</learningDesignID>
      <createDateTime class="sql-timestamp">2008-02-25 12:33:08.0</createDateTime>
      <runOffline>false</runOffline>
      <toolSignature>lanb11</toolSignature>
      <toolID>2</toolID>
      <toolContentID>1835</toolContentID>
      <toolDisplayName>NoticeboardX</toolDisplayName>
      <toolVersion>20070524</toolVersion>
      <authoringURL>tool/lanb11/authoring.do</authoringURL>
      <monitoringURL>tool/lanb11/monitoring.do</monitoringURL>
      <activityCategoryID>4</activityCategoryID>
      <applyGrouping>false</applyGrouping>
      <groupingSupportType>2</groupingSupportType>
      <libraryActivityUIImage>tool/lanb11/images/icon_htmlnb.swf</libraryActivityUIImage>
      <readOnly>false</readOnly>
      <initialised>false</initialised>
    </org.lamsfoundation.lams.learningdesign.dto.AuthoringActivityDTO>
    <org.lamsfoundation.lams.learningdesign.dto.AuthoringActivityDTO>
      <activityID>1587</activityID>
      <activityUIID>10</activityUIID>
      <description>Tool for displaying HTML content including external sources such as images and other media.</description>
      <activityTitle>Lesson Route Map</activityTitle>
      <helpText>Displays formatted text and links to external sources on a read only page.</helpText>
      <helpURL>http://wiki.lamsfoundation.org/display/lamsdocs/lanb11</helpURL>
      <xCoord>477</xCoord>
      <yCoord>44</yCoord>
      <activityTypeID>1</activityTypeID>
      <defineLater>false</defineLater>
      <learningDesignID>99</learningDesignID>
      <createDateTime class="sql-timestamp">2008-02-25 12:33:08.0</createDateTime>
      <runOffline>false</runOffline>
      <toolSignature>lanb11</toolSignature>
      <toolID>2</toolID>
      <toolContentID>1836</toolContentID>
      <toolDisplayName>NoticeboardX</toolDisplayName>
      <toolVersion>20070524</toolVersion>
      <authoringURL>tool/lanb11/authoring.do</authoringURL>
      <monitoringURL>tool/lanb11/monitoring.do</monitoringURL>
      <activityCategoryID>4</activityCategoryID>
      <applyGrouping>false</applyGrouping>
      <groupingSupportType>2</groupingSupportType>
      <libraryActivityUIImage>tool/lanb11/images/icon_htmlnb.swf</libraryActivityUIImage>
      <readOnly>false</readOnly>
      <initialised>false</initialised>
    </org.lamsfoundation.lams.learningdesign.dto.AuthoringActivityDTO>
    <org.lamsfoundation.lams.learningdesign.dto.AuthoringActivityDTO>
      <activityID>1588</activityID>
      <activityUIID>12</activityUIID>
      <description>Tool for displaying HTML content including external sources such as images and other media.</description>
      <activityTitle>Lesson Outcome</activityTitle>
      <helpText>Displays formatted text and links to external sources on a read only page.</helpText>
      <helpURL>http://wiki.lamsfoundation.org/display/lamsdocs/lanb11</helpURL>
      <xCoord>629</xCoord>
      <yCoord>46</yCoord>
      <activityTypeID>1</activityTypeID>
      <defineLater>false</defineLater>
      <learningDesignID>99</learningDesignID>
      <createDateTime class="sql-timestamp">2008-02-25 12:33:08.0</createDateTime>
      <runOffline>false</runOffline>
      <toolSignature>lanb11</toolSignature>
      <toolID>2</toolID>
      <toolContentID>1837</toolContentID>
      <toolDisplayName>NoticeboardX</toolDisplayName>
      <toolVersion>20070524</toolVersion>
      <authoringURL>tool/lanb11/authoring.do</authoringURL>
      <monitoringURL>tool/lanb11/monitoring.do</monitoringURL>
      <activityCategoryID>4</activityCategoryID>
      <applyGrouping>false</applyGrouping>
      <groupingSupportType>2</groupingSupportType>
      <libraryActivityUIImage>tool/lanb11/images/icon_htmlnb.swf</libraryActivityUIImage>
      <readOnly>false</readOnly>
      <initialised>false</initialised>
    </org.lamsfoundation.lams.learningdesign.dto.AuthoringActivityDTO>
    <org.lamsfoundation.lams.learningdesign.dto.AuthoringActivityDTO>
      <activityID>1589</activityID>
      <activityUIID>14</activityUIID>
      <description>Sharing resource with others.</description>
      <activityTitle>Story</activityTitle>
      <helpText>Uploading your resources to share with others.</helpText>
      <helpURL>http://wiki.lamsfoundation.org/display/lamsdocs/larsrc11</helpURL>
      <xCoord>13</xCoord>
      <yCoord>156</yCoord>
      <activityTypeID>1</activityTypeID>
      <defineLater>false</defineLater>
      <learningDesignID>99</learningDesignID>
      <createDateTime class="sql-timestamp">2008-02-25 12:33:08.0</createDateTime>
      <runOffline>false</runOffline>
      <toolSignature>larsrc11</toolSignature>
      <toolID>6</toolID>
      <toolContentID>1838</toolContentID>
      <toolDisplayName>Shared Resources</toolDisplayName>
      <toolVersion>20070524</toolVersion>
      <authoringURL>tool/larsrc11/authoring/start.do</authoringURL>
      <monitoringURL>tool/larsrc11/monitoring/summary.do</monitoringURL>
      <contributeURL>tool/larsrc11/contribute.do</contributeURL>
      <moderationURL>tool/larsrc11/moderate.do</moderationURL>
      <activityCategoryID>4</activityCategoryID>
      <applyGrouping>false</applyGrouping>
      <groupingSupportType>2</groupingSupportType>
      <libraryActivityUIImage>tool/larsrc11/images/icon_rsrc.swf</libraryActivityUIImage>
      <readOnly>false</readOnly>
      <initialised>false</initialised>
    </org.lamsfoundation.lams.learningdesign.dto.AuthoringActivityDTO>
    <org.lamsfoundation.lams.learningdesign.dto.AuthoringActivityDTO>
      <activityID>1590</activityID>
      <activityUIID>16</activityUIID>
      <description>Each learner answers question(s) and then sees answers from all learners collated on the next page.</description>
      <activityTitle>Story Crunch</activityTitle>
      <helpText>Each learner answers one or more questions in short answer format and then sees answers from all learners collated on the next page.</helpText>
      <helpURL>http://wiki.lamsfoundation.org/display/lamsdocs/laqa11</helpURL>
      <xCoord>298</xCoord>
      <yCoord>227</yCoord>
      <activityTypeID>1</activityTypeID>
      <defineLater>false</defineLater>
      <learningDesignID>99</learningDesignID>
      <createDateTime class="sql-timestamp">2008-02-25 12:33:08.0</createDateTime>
      <runOffline>false</runOffline>
      <toolSignature>laqa11</toolSignature>
      <toolID>3</toolID>
      <toolContentID>1839</toolContentID>
      <toolDisplayName>Question and Answer</toolDisplayName>
      <toolVersion>20070524</toolVersion>
      <authoringURL>tool/laqa11/authoringStarter.do</authoringURL>
      <monitoringURL>tool/laqa11/monitoringStarter.do</monitoringURL>
      <contributeURL>tool/laqa11/monitoringStarter.do</contributeURL>
      <moderationURL>tool/laqa11/monitoringStarter.do</moderationURL>
      <activityCategoryID>6</activityCategoryID>
      <applyGrouping>false</applyGrouping>
      <groupingSupportType>2</groupingSupportType>
      <libraryActivityUIImage>tool/laqa11/images/icon_questionanswer.swf</libraryActivityUIImage>
      <readOnly>false</readOnly>
      <initialised>false</initialised>
    </org.lamsfoundation.lams.learningdesign.dto.AuthoringActivityDTO>
    <org.lamsfoundation.lams.learningdesign.dto.AuthoringActivityDTO>
      <activityID>1591</activityID>
      <activityUIID>23</activityUIID>
      <description>Tool for displaying HTML content including external sources such as images and other media.</description>
      <activityTitle>Motivation 3</activityTitle>
      <helpText>Displays formatted text and links to external sources on a read only page.</helpText>
      <helpURL>http://wiki.lamsfoundation.org/display/lamsdocs/lanb11</helpURL>
      <xCoord>18</xCoord>
      <yCoord>327</yCoord>
      <activityTypeID>1</activityTypeID>
      <defineLater>false</defineLater>
      <learningDesignID>99</learningDesignID>
      <createDateTime class="sql-timestamp">2008-02-25 12:33:08.0</createDateTime>
      <runOffline>false</runOffline>
      <toolSignature>lanb11</toolSignature>
      <toolID>2</toolID>
      <toolContentID>1840</toolContentID>
      <toolDisplayName>NoticeboardX</toolDisplayName>
      <toolVersion>20070524</toolVersion>
      <authoringURL>tool/lanb11/authoring.do</authoringURL>
      <monitoringURL>tool/lanb11/monitoring.do</monitoringURL>
      <activityCategoryID>4</activityCategoryID>
      <applyGrouping>false</applyGrouping>
      <groupingSupportType>2</groupingSupportType>
      <libraryActivityUIImage>tool/lanb11/images/icon_htmlnb.swf</libraryActivityUIImage>
      <readOnly>false</readOnly>
      <initialised>false</initialised>
    </org.lamsfoundation.lams.learningdesign.dto.AuthoringActivityDTO>
    <org.lamsfoundation.lams.learningdesign.dto.AuthoringActivityDTO>
      <activityID>1592</activityID>
      <activityUIID>25</activityUIID>
      <description>Tool for displaying HTML content including external sources such as images and other media.</description>
      <activityTitle>Contexts</activityTitle>
      <helpText>Displays formatted text and links to external sources on a read only page.</helpText>
      <helpURL>http://wiki.lamsfoundation.org/display/lamsdocs/lanb11</helpURL>
      <xCoord>208</xCoord>
      <yCoord>329</yCoord>
      <activityTypeID>1</activityTypeID>
      <defineLater>false</defineLater>
      <learningDesignID>99</learningDesignID>
      <createDateTime class="sql-timestamp">2008-02-25 12:33:08.0</createDateTime>
      <runOffline>false</runOffline>
      <toolSignature>lanb11</toolSignature>
      <toolID>2</toolID>
      <toolContentID>1841</toolContentID>
      <toolDisplayName>NoticeboardX</toolDisplayName>
      <toolVersion>20070524</toolVersion>
      <authoringURL>tool/lanb11/authoring.do</authoringURL>
      <monitoringURL>tool/lanb11/monitoring.do</monitoringURL>
      <activityCategoryID>4</activityCategoryID>
      <applyGrouping>false</applyGrouping>
      <groupingSupportType>2</groupingSupportType>
      <libraryActivityUIImage>tool/lanb11/images/icon_htmlnb.swf</libraryActivityUIImage>
      <readOnly>false</readOnly>
      <initialised>false</initialised>
    </org.lamsfoundation.lams.learningdesign.dto.AuthoringActivityDTO>
    <org.lamsfoundation.lams.learningdesign.dto.AuthoringActivityDTO>
      <activityID>1593</activityID>
      <activityUIID>35</activityUIID>
      <description>Tool for displaying HTML content including external sources such as images and other media.</description>
      <activityTitle>eToys Prep</activityTitle>
      <helpText>Displays formatted text and links to external sources on a read only page.</helpText>
      <helpURL>http://wiki.lamsfoundation.org/display/lamsdocs/lanb11</helpURL>
      <xCoord>389</xCoord>
      <yCoord>324</yCoord>
      <activityTypeID>1</activityTypeID>
      <defineLater>false</defineLater>
      <learningDesignID>99</learningDesignID>
      <createDateTime class="sql-timestamp">2008-02-25 12:33:08.0</createDateTime>
      <runOffline>false</runOffline>
      <toolSignature>lanb11</toolSignature>
      <toolID>2</toolID>
      <toolContentID>1842</toolContentID>
      <toolDisplayName>NoticeboardX</toolDisplayName>
      <toolVersion>20070524</toolVersion>
      <authoringURL>tool/lanb11/authoring.do</authoringURL>
      <monitoringURL>tool/lanb11/monitoring.do</monitoringURL>
      <activityCategoryID>4</activityCategoryID>
      <applyGrouping>false</applyGrouping>
      <groupingSupportType>2</groupingSupportType>
      <libraryActivityUIImage>tool/lanb11/images/icon_htmlnb.swf</libraryActivityUIImage>
      <readOnly>false</readOnly>
      <initialised>false</initialised>
    </org.lamsfoundation.lams.learningdesign.dto.AuthoringActivityDTO>
    <org.lamsfoundation.lams.learningdesign.dto.AuthoringActivityDTO>
      <activityID>1594</activityID>
      <activityUIID>42</activityUIID>
      <description>Each learner answers question(s) and then sees answers from all learners collated on the next page.</description>
      <activityTitle>eToys Crunch 1</activityTitle>
      <helpText>Each learner answers one or more questions in short answer format and then sees answers from all learners collated on the next page.</helpText>
      <helpURL>http://wiki.lamsfoundation.org/display/lamsdocs/laqa11</helpURL>
      <xCoord>22</xCoord>
      <yCoord>466</yCoord>
      <activityTypeID>1</activityTypeID>
      <defineLater>false</defineLater>
      <learningDesignID>99</learningDesignID>
      <createDateTime class="sql-timestamp">2008-02-25 12:33:09.0</createDateTime>
      <runOffline>false</runOffline>
      <toolSignature>laqa11</toolSignature>
      <toolID>3</toolID>
      <toolContentID>1843</toolContentID>
      <toolDisplayName>Question and Answer</toolDisplayName>
      <toolVersion>20070524</toolVersion>
      <authoringURL>tool/laqa11/authoringStarter.do</authoringURL>
      <monitoringURL>tool/laqa11/monitoringStarter.do</monitoringURL>
      <contributeURL>tool/laqa11/monitoringStarter.do</contributeURL>
      <moderationURL>tool/laqa11/monitoringStarter.do</moderationURL>
      <activityCategoryID>6</activityCategoryID>
      <applyGrouping>false</applyGrouping>
      <groupingSupportType>2</groupingSupportType>
      <libraryActivityUIImage>tool/laqa11/images/icon_questionanswer.swf</libraryActivityUIImage>
      <readOnly>false</readOnly>
      <initialised>false</initialised>
    </org.lamsfoundation.lams.learningdesign.dto.AuthoringActivityDTO>
    <org.lamsfoundation.lams.learningdesign.dto.AuthoringActivityDTO>
      <activityID>1595</activityID>
      <activityUIID>48</activityUIID>
      <description>Each learner answers question(s) and then sees answers from all learners collated on the next page.</description>
      <activityTitle>eToys Cruch 2</activityTitle>
      <helpText>Each learner answers one or more questions in short answer format and then sees answers from all learners collated on the next page.</helpText>
      <helpURL>http://wiki.lamsfoundation.org/display/lamsdocs/laqa11</helpURL>
      <xCoord>223</xCoord>
      <yCoord>463</yCoord>
      <activityTypeID>1</activityTypeID>
      <defineLater>false</defineLater>
      <learningDesignID>99</learningDesignID>
      <createDateTime class="sql-timestamp">2008-02-25 12:33:09.0</createDateTime>
      <runOffline>false</runOffline>
      <toolSignature>laqa11</toolSignature>
      <toolID>3</toolID>
      <toolContentID>1844</toolContentID>
      <toolDisplayName>Question and Answer</toolDisplayName>
      <toolVersion>20070524</toolVersion>
      <authoringURL>tool/laqa11/authoringStarter.do</authoringURL>
      <monitoringURL>tool/laqa11/monitoringStarter.do</monitoringURL>
      <contributeURL>tool/laqa11/monitoringStarter.do</contributeURL>
      <moderationURL>tool/laqa11/monitoringStarter.do</moderationURL>
      <activityCategoryID>6</activityCategoryID>
      <applyGrouping>false</applyGrouping>
      <groupingSupportType>2</groupingSupportType>
      <libraryActivityUIImage>tool/laqa11/images/icon_questionanswer.swf</libraryActivityUIImage>
      <readOnly>false</readOnly>
      <initialised>false</initialised>
    </org.lamsfoundation.lams.learningdesign.dto.AuthoringActivityDTO>
    <org.lamsfoundation.lams.learningdesign.dto.AuthoringActivityDTO>
      <activityID>1596</activityID>
      <activityUIID>49</activityUIID>
      <description>Each learner answers question(s) and then sees answers from all learners collated on the next page.</description>
      <activityTitle>eToys Crunch 3</activityTitle>
      <helpText>Each learner answers one or more questions in short answer format and then sees answers from all learners collated on the next page.</helpText>
      <helpURL>http://wiki.lamsfoundation.org/display/lamsdocs/laqa11</helpURL>
      <xCoord>402</xCoord>
      <yCoord>466</yCoord>
      <activityTypeID>1</activityTypeID>
      <defineLater>false</defineLater>
      <learningDesignID>99</learningDesignID>
      <createDateTime class="sql-timestamp">2008-02-25 12:33:09.0</createDateTime>
      <runOffline>false</runOffline>
      <toolSignature>laqa11</toolSignature>
      <toolID>3</toolID>
      <toolContentID>1845</toolContentID>
      <toolDisplayName>Question and Answer</toolDisplayName>
      <toolVersion>20070524</toolVersion>
      <authoringURL>tool/laqa11/authoringStarter.do</authoringURL>
      <monitoringURL>tool/laqa11/monitoringStarter.do</monitoringURL>
      <contributeURL>tool/laqa11/monitoringStarter.do</contributeURL>
      <moderationURL>tool/laqa11/monitoringStarter.do</moderationURL>
      <activityCategoryID>6</activityCategoryID>
      <applyGrouping>false</applyGrouping>
      <groupingSupportType>2</groupingSupportType>
      <libraryActivityUIImage>tool/laqa11/images/icon_questionanswer.swf</libraryActivityUIImage>
      <readOnly>false</readOnly>
      <initialised>false</initialised>
    </org.lamsfoundation.lams.learningdesign.dto.AuthoringActivityDTO>
    <org.lamsfoundation.lams.learningdesign.dto.AuthoringActivityDTO>
      <activityID>1597</activityID>
      <activityUIID>54</activityUIID>
      <description>Tool for displaying HTML content including external sources such as images and other media.</description>
      <activityTitle>Goodbye</activityTitle>
      <helpText>Displays formatted text and links to external sources on a read only page.</helpText>
      <helpURL>http://wiki.lamsfoundation.org/display/lamsdocs/lanb11</helpURL>
      <xCoord>404</xCoord>
      <yCoord>561</yCoord>
      <activityTypeID>1</activityTypeID>
      <defineLater>false</defineLater>
      <learningDesignID>99</learningDesignID>
      <createDateTime class="sql-timestamp">2008-02-25 12:33:09.0</createDateTime>
      <runOffline>false</runOffline>
      <toolSignature>lanb11</toolSignature>
      <toolID>2</toolID>
      <toolContentID>1846</toolContentID>
      <toolDisplayName>NoticeboardX</toolDisplayName>
      <toolVersion>20070524</toolVersion>
      <authoringURL>tool/lanb11/authoring.do</authoringURL>
      <monitoringURL>tool/lanb11/monitoring.do</monitoringURL>
      <activityCategoryID>4</activityCategoryID>
      <applyGrouping>false</applyGrouping>
      <groupingSupportType>2</groupingSupportType>
      <libraryActivityUIImage>tool/lanb11/images/icon_htmlnb.swf</libraryActivityUIImage>
      <readOnly>false</readOnly>
      <initialised>false</initialised>
    </org.lamsfoundation.lams.learningdesign.dto.AuthoringActivityDTO>
  </activities>
  <transitions>
    <org.lamsfoundation.lams.learningdesign.dto.TransitionDTO>
      <transitionID>1494</transitionID>
      <transitionUIID>27</transitionUIID>
      <toUIID>25</toUIID>
      <fromUIID>23</fromUIID>
      <createDateTime class="sql-timestamp">2008-07-07 11:09:27.0</createDateTime>
      <toActivityID>1592</toActivityID>
      <fromActivityID>1591</fromActivityID>
      <learningDesignID>99</learningDesignID>
    </org.lamsfoundation.lams.learningdesign.dto.TransitionDTO>
    <org.lamsfoundation.lams.learningdesign.dto.TransitionDTO>
      <transitionID>1491</transitionID>
      <transitionUIID>24</transitionUIID>
      <toUIID>23</toUIID>
      <fromUIID>16</fromUIID>
      <createDateTime class="sql-timestamp">2008-07-07 11:09:27.0</createDateTime>
      <toActivityID>1591</toActivityID>
      <fromActivityID>1590</fromActivityID>
      <learningDesignID>99</learningDesignID>
    </org.lamsfoundation.lams.learningdesign.dto.TransitionDTO>
    <org.lamsfoundation.lams.learningdesign.dto.TransitionDTO>
      <transitionID>1484</transitionID>
      <transitionUIID>13</transitionUIID>
      <toUIID>12</toUIID>
      <fromUIID>10</fromUIID>
      <createDateTime class="sql-timestamp">2008-07-07 11:09:27.0</createDateTime>
      <toActivityID>1588</toActivityID>
      <fromActivityID>1587</fromActivityID>
      <learningDesignID>99</learningDesignID>
    </org.lamsfoundation.lams.learningdesign.dto.TransitionDTO>
    <org.lamsfoundation.lams.learningdesign.dto.TransitionDTO>
      <transitionID>1495</transitionID>
      <transitionUIID>51</transitionUIID>
      <toUIID>48</toUIID>
      <fromUIID>42</fromUIID>
      <createDateTime class="sql-timestamp">2008-07-07 11:09:27.0</createDateTime>
      <toActivityID>1595</toActivityID>
      <fromActivityID>1594</fromActivityID>
      <learningDesignID>99</learningDesignID>
    </org.lamsfoundation.lams.learningdesign.dto.TransitionDTO>
    <org.lamsfoundation.lams.learningdesign.dto.TransitionDTO>
      <transitionID>1487</transitionID>
      <transitionUIID>15</transitionUIID>
      <toUIID>14</toUIID>
      <fromUIID>12</fromUIID>
      <createDateTime class="sql-timestamp">2008-07-07 11:09:27.0</createDateTime>
      <toActivityID>1589</toActivityID>
      <fromActivityID>1588</fromActivityID>
      <learningDesignID>99</learningDesignID>
    </org.lamsfoundation.lams.learningdesign.dto.TransitionDTO>
    <org.lamsfoundation.lams.learningdesign.dto.TransitionDTO>
      <transitionID>1490</transitionID>
      <transitionUIID>52</transitionUIID>
      <toUIID>49</toUIID>
      <fromUIID>48</fromUIID>
      <createDateTime class="sql-timestamp">2008-07-07 11:09:27.0</createDateTime>
      <toActivityID>1596</toActivityID>
      <fromActivityID>1595</fromActivityID>
      <learningDesignID>99</learningDesignID>
    </org.lamsfoundation.lams.learningdesign.dto.TransitionDTO>
    <org.lamsfoundation.lams.learningdesign.dto.TransitionDTO>
      <transitionID>1492</transitionID>
      <transitionUIID>3</transitionUIID>
      <toUIID>2</toUIID>
      <fromUIID>1</fromUIID>
      <createDateTime class="sql-timestamp">2008-07-07 11:09:27.0</createDateTime>
      <toActivityID>1585</toActivityID>
      <fromActivityID>1584</fromActivityID>
      <learningDesignID>99</learningDesignID>
    </org.lamsfoundation.lams.learningdesign.dto.TransitionDTO>
    <org.lamsfoundation.lams.learningdesign.dto.TransitionDTO>
      <transitionID>1496</transitionID>
      <transitionUIID>59</transitionUIID>
      <toUIID>42</toUIID>
      <fromUIID>35</fromUIID>
      <createDateTime class="sql-timestamp">2008-07-07 11:09:27.0</createDateTime>
      <toActivityID>1594</toActivityID>
      <fromActivityID>1593</fromActivityID>
      <learningDesignID>99</learningDesignID>
    </org.lamsfoundation.lams.learningdesign.dto.TransitionDTO>
    <org.lamsfoundation.lams.learningdesign.dto.TransitionDTO>
      <transitionID>1486</transitionID>
      <transitionUIID>39</transitionUIID>
      <toUIID>8</toUIID>
      <fromUIID>2</fromUIID>
      <createDateTime class="sql-timestamp">2008-07-07 11:09:27.0</createDateTime>
      <toActivityID>1586</toActivityID>
      <fromActivityID>1585</fromActivityID>
      <learningDesignID>99</learningDesignID>
    </org.lamsfoundation.lams.learningdesign.dto.TransitionDTO>
    <org.lamsfoundation.lams.learningdesign.dto.TransitionDTO>
      <transitionID>1489</transitionID>
      <transitionUIID>11</transitionUIID>
      <toUIID>10</toUIID>
      <fromUIID>8</fromUIID>
      <createDateTime class="sql-timestamp">2008-07-07 11:09:27.0</createDateTime>
      <toActivityID>1587</toActivityID>
      <fromActivityID>1586</fromActivityID>
      <learningDesignID>99</learningDesignID>
    </org.lamsfoundation.lams.learningdesign.dto.TransitionDTO>
    <org.lamsfoundation.lams.learningdesign.dto.TransitionDTO>
      <transitionID>1493</transitionID>
      <transitionUIID>55</transitionUIID>
      <toUIID>54</toUIID>
      <fromUIID>49</fromUIID>
      <createDateTime class="sql-timestamp">2008-07-07 11:09:27.0</createDateTime>
      <toActivityID>1597</toActivityID>
      <fromActivityID>1596</fromActivityID>
      <learningDesignID>99</learningDesignID>
    </org.lamsfoundation.lams.learningdesign.dto.TransitionDTO>
    <org.lamsfoundation.lams.learningdesign.dto.TransitionDTO>
      <transitionID>1485</transitionID>
      <transitionUIID>20</transitionUIID>
      <toUIID>16</toUIID>
      <fromUIID>14</fromUIID>
      <createDateTime class="sql-timestamp">2008-07-07 11:09:27.0</createDateTime>
      <toActivityID>1590</toActivityID>
      <fromActivityID>1589</fromActivityID>
      <learningDesignID>99</learningDesignID>
    </org.lamsfoundation.lams.learningdesign.dto.TransitionDTO>
    <org.lamsfoundation.lams.learningdesign.dto.TransitionDTO>
      <transitionID>1488</transitionID>
      <transitionUIID>41</transitionUIID>
      <toUIID>35</toUIID>
      <fromUIID>25</fromUIID>
      <createDateTime class="sql-timestamp">2008-07-07 11:09:27.0</createDateTime>
      <toActivityID>1593</toActivityID>
      <fromActivityID>1592</fromActivityID>
      <learningDesignID>99</learningDesignID>
    </org.lamsfoundation.lams.learningdesign.dto.TransitionDTO>
  </transitions>
</org.lamsfoundation.lams.learningdesign.dto.LearningDesignDTO>