<org.lamsfoundation.lams.tool.noticeboard.NoticeboardContent>
  <nbContentId>2224</nbContentId>
  <title>Why this part of thinking?</title>
  <content>&lt;table width="400" cellspacing="9" cellpadding="9" border="0" summary="" style="background: rgb(248, 200, 30) none repeat scroll 0% 50%; -moz-background-clip: -moz-initial; -moz-background-origin: -moz-initial; -moz-background-inline-policy: -moz-initial;"&gt;
    &lt;tbody&gt;
        &lt;tr&gt;
            &lt;td&gt;&lt;font face="Comic Sans MS" size="3"&gt;&amp;nbsp;&lt;/font&gt;&lt;/td&gt;
            &lt;td&gt;&lt;font face="Comic Sans MS" size="3"&gt;&amp;nbsp;&lt;/font&gt;&lt;/td&gt;
        &lt;/tr&gt;
        &lt;tr&gt;
            &lt;td width="176" align="left"&gt;&lt;font face="Comic Sans MS" size="3"&gt;&amp;nbsp;&lt;img height="396" width="183" align="left" src="/lams//www/secure/4028813915760eb301157a04abe7005a/Image/K456 Tia 08.gif" alt="Tia" /&gt;&lt;/font&gt;&lt;/td&gt;
            &lt;td&gt;
            &lt;p&gt;&lt;font face="Comic Sans MS"&gt;&lt;strong&gt;&lt;font size="3"&gt;Why learn to use information?&lt;/font&gt;&lt;/strong&gt;&lt;br /&gt;
            &lt;br /&gt;
            &lt;font size="3"&gt;Even if you&amp;rsquo;re not going to be an inventor like Tom (and who knows, you might!), you still need to know how to use facts.&lt;/font&gt;&lt;/font&gt;&lt;/p&gt;
            &lt;p&gt;&lt;font face="Comic Sans MS" size="3"&gt;Information will help you understand your world, prove&amp;nbsp;your point&amp;nbsp;in arguments and think of ways to solve your problems.&lt;/font&gt;&lt;/p&gt;
            &lt;p&gt;&lt;font face="Comic Sans MS" size="3"&gt;And that is what you are learning today...&amp;nbsp;&amp;nbsp;&lt;/font&gt;&lt;/p&gt;
            &lt;p&gt;&lt;font face="Comic Sans MS" size="3"&gt;&amp;nbsp;&amp;nbsp;&lt;/font&gt;&lt;br /&gt;
            &lt;/p&gt;
            &lt;/td&gt;
        &lt;/tr&gt;
    &lt;/tbody&gt;
&lt;/table&gt;</content>
  <onlineInstructions></onlineInstructions>
  <offlineInstructions></offlineInstructions>
  <defineLater>false</defineLater>
  <forceOffline>false</forceOffline>
  <reflectOnActivity>false</reflectOnActivity>
  <reflectInstructions></reflectInstructions>
  <contentInUse>false</contentInUse>
  <creatorUserId>9</creatorUserId>
  <dateCreated class="sql-timestamp">2007-10-07 13:14:54.0</dateCreated>
  <dateUpdated class="sql-timestamp">2008-07-17 12:11:56.0</dateUpdated>
  <nbAttachments/>
</org.lamsfoundation.lams.tool.noticeboard.NoticeboardContent>