<org.lamsfoundation.lams.tool.noticeboard.NoticeboardContent>
  <nbContentId>2400</nbContentId>
  <title>Thinking Outcome</title>
  <content>&lt;table width="400" cellspacing="9" cellpadding="9" border="0" summary="" style="background: rgb(215, 20, 115) none repeat scroll 0% 50%; -moz-background-clip: -moz-initial; -moz-background-origin: -moz-initial; -moz-background-inline-policy: -moz-initial;"&gt;
    &lt;tbody&gt;
        &lt;tr&gt;
            &lt;td width="176" align="center"&gt;&lt;font face="Comic Sans MS" size="3"&gt;&amp;nbsp;&lt;img height="262" width="250" src="/lams//www/secure/4028813915760eb301157a04abe7005a/Image/K456 Tia 16.gif" alt="" /&gt;&lt;br /&gt;
            &lt;/font&gt;&lt;/td&gt;
            &lt;td width="300" align="left"&gt;&lt;font color="#ffffff"&gt;
            &lt;p&gt;&lt;font face="Comic Sans MS" size="3"&gt;&lt;strong&gt;What will you get out of this lesson?&lt;/strong&gt;&lt;/font&gt;&lt;/p&gt;
            &lt;p&gt;&lt;font face="Comic Sans MS"&gt;&lt;font size="3"&gt;By the end of today's lesson, you will have practiced some ways to change your point of view. &lt;br /&gt;
            &lt;/font&gt;&lt;/font&gt;&lt;/p&gt;
            &lt;/font&gt;&lt;/td&gt;
        &lt;/tr&gt;
    &lt;/tbody&gt;
&lt;/table&gt;</content>
  <onlineInstructions></onlineInstructions>
  <offlineInstructions></offlineInstructions>
  <defineLater>false</defineLater>
  <forceOffline>false</forceOffline>
  <reflectOnActivity>false</reflectOnActivity>
  <reflectInstructions></reflectInstructions>
  <contentInUse>false</contentInUse>
  <creatorUserId>9</creatorUserId>
  <dateCreated class="sql-timestamp">2008-06-02 10:18:22.0</dateCreated>
  <dateUpdated class="sql-timestamp">2008-07-22 12:05:49.0</dateUpdated>
  <nbAttachments/>
</org.lamsfoundation.lams.tool.noticeboard.NoticeboardContent>