<org.lamsfoundation.lams.tool.noticeboard.NoticeboardContent>
  <nbContentId>2055</nbContentId>
  <title>Thinking outcome</title>
  <content>&lt;table width="400" cellspacing="9" cellpadding="9" border="0" summary="" style="background: rgb(215, 20, 115) none repeat scroll 0% 50%; -moz-background-clip: -moz-initial; -moz-background-origin: -moz-initial; -moz-background-inline-policy: -moz-initial;"&gt;
    &lt;tbody&gt;
        &lt;tr&gt;
            &lt;td width="176" align="center"&gt;&amp;nbsp;&lt;img height="290" width="220" src="/lams//www/secure/4028813915760eb301157a04abe7005a/Image/K456 Tia 06.gif" alt="" /&gt;&lt;br /&gt;
            &lt;/td&gt;
            &lt;td width="300" align="left"&gt;
            &lt;p&gt;&lt;font size="3"&gt;&lt;font face="Comic Sans MS" color="#ffffff"&gt;&lt;strong&gt;What will you get out of&amp;nbsp;this lesson?&lt;/strong&gt;&lt;/font&gt;&lt;/font&gt;&lt;/p&gt;
            &lt;font color="#ffffff"&gt;&lt;font size="3"&gt;&lt;font face="Comic Sans MS"&gt;By the end of this Kusasa module, you will be able to ask questions that will help you to put things in categories.&lt;/font&gt;&lt;/font&gt;&lt;/font&gt;&lt;/td&gt;
        &lt;/tr&gt;
    &lt;/tbody&gt;
&lt;/table&gt;
&lt;p&gt;&lt;font face="Comic Sans MS" size="3"&gt;&amp;nbsp;&lt;/font&gt;&lt;/p&gt;
&lt;p&gt;&lt;font face="Comic Sans MS" size="3"&gt;&lt;/font&gt;&lt;/p&gt;
&lt;p&gt;&amp;nbsp;&lt;/p&gt;
&lt;p&gt;&amp;nbsp;&lt;/p&gt;</content>
  <onlineInstructions></onlineInstructions>
  <offlineInstructions></offlineInstructions>
  <defineLater>false</defineLater>
  <forceOffline>false</forceOffline>
  <reflectOnActivity>false</reflectOnActivity>
  <reflectInstructions></reflectInstructions>
  <contentInUse>false</contentInUse>
  <creatorUserId>9</creatorUserId>
  <dateCreated class="sql-timestamp">2008-05-26 14:38:51.0</dateCreated>
  <dateUpdated class="sql-timestamp">2008-07-16 14:56:14.0</dateUpdated>
  <nbAttachments/>
</org.lamsfoundation.lams.tool.noticeboard.NoticeboardContent>