<org.lamsfoundation.lams.tool.noticeboard.NoticeboardContent>
  <nbContentId>2031</nbContentId>
  <title>Something to remember.</title>
  <content>&lt;table width="400" cellspacing="9" cellpadding="9" border="0" summary="" style="background: rgb(248, 200, 30) none repeat scroll 0% 50%; -moz-background-clip: -moz-initial; -moz-background-origin: -moz-initial; -moz-background-inline-policy: -moz-initial;"&gt;
    &lt;tbody&gt;
        &lt;tr&gt;
            &lt;td width="176" align="left"&gt;&amp;nbsp;&lt;img height="181" width="173" align="left" src="/lams//www/secure/4028813915760eb301157a04abe7005a/Image/K456 Tia 16.gif" alt="Tia" /&gt;&lt;/td&gt;
            &lt;td&gt;&lt;font face="Comic Sans MS"&gt;
            &lt;p&gt;&lt;strong&gt;&lt;font size="3"&gt;This is why I think keeping your purpose in mind is so important... &lt;/font&gt;&lt;/strong&gt;&lt;/p&gt;
            &lt;p&gt;&lt;font size="3"&gt;Imagine that your mom asks you to go to the shop. She wants you to buy a litre of milk and a loaf of bread. This is your &lt;strong&gt;purpose&lt;/strong&gt;. If you don&amp;rsquo;t keep your purpose &lt;strong&gt;in mind&lt;/strong&gt;, you might come back with a bottle of Fanta and a chocolate cake. Or you might leave the house and go to the park instead.&lt;br /&gt;
            &lt;/font&gt;&lt;/p&gt;
            &lt;p&gt;&lt;font face="Comic Sans MS" size="3"&gt;Now think about Tom... Tom&amp;rsquo;s purpose was to build a snaketrap that didn&amp;rsquo;t use live bait. He kept this &lt;strong&gt;purpose in mind &lt;/strong&gt;at every step. His purpose made him choose socks instead of mice. And it helped him to design a trap that worked well without killing any animals.&lt;br /&gt;
            &lt;/font&gt;&lt;/p&gt;
            &lt;/font&gt;&lt;/td&gt;
        &lt;/tr&gt;
    &lt;/tbody&gt;
&lt;/table&gt;</content>
  <onlineInstructions></onlineInstructions>
  <offlineInstructions></offlineInstructions>
  <defineLater>false</defineLater>
  <forceOffline>false</forceOffline>
  <reflectOnActivity>false</reflectOnActivity>
  <reflectInstructions></reflectInstructions>
  <contentInUse>false</contentInUse>
  <creatorUserId>9</creatorUserId>
  <dateCreated class="sql-timestamp">2007-10-07 13:14:54.0</dateCreated>
  <dateUpdated class="sql-timestamp">2008-07-21 11:33:40.0</dateUpdated>
  <nbAttachments/>
</org.lamsfoundation.lams.tool.noticeboard.NoticeboardContent>