<org.lamsfoundation.lams.tool.noticeboard.NoticeboardContent>
  <nbContentId>2447</nbContentId>
  <title>Something to remember.</title>
  <content>&lt;table width="400" cellspacing="9" cellpadding="9" border="0" summary="" style="background: rgb(248, 200, 30) none repeat scroll 0% 50%; -moz-background-clip: -moz-initial; -moz-background-origin: -moz-initial; -moz-background-inline-policy: -moz-initial;"&gt;
    &lt;tbody&gt;
        &lt;tr&gt;
            &lt;td width="176" align="left"&gt;&amp;nbsp;&lt;img height="245" width="250" align="left" src="/lams//www/secure/4028813915760eb301157a04abe7005a/Image/K456 Tia 02.gif" alt="Tia" /&gt;&lt;/td&gt;
            &lt;td&gt;&lt;font size="3"&gt;&lt;font face="Comic Sans MS"&gt;
            &lt;p&gt;&lt;strong&gt;&lt;font size="3"&gt;This is&amp;nbsp;how I think Sophie made her point...&lt;/font&gt;&lt;/strong&gt;&lt;/p&gt;
            &lt;p&gt;&lt;font size="3"&gt;Sophie is a scientific thinker and so she can&amp;rsquo;t stand the way that the esoteric arts try to make the world seem simple. She knows it isn&amp;rsquo;t.&lt;/font&gt;&lt;/p&gt;
            &lt;p&gt;&lt;font size="3"&gt;She&amp;rsquo;s also a good friend so she didn&amp;rsquo;t want Farrah to waste her time and passion on something that will only tell her lies.&lt;/font&gt;&lt;/p&gt;
            &lt;p&gt;&lt;font size="3"&gt;So she used her understanding of &lt;strong&gt;implications&lt;/strong&gt; to show Farrah that accepting one method of fortune-telling&amp;nbsp;means you&lt;strong&gt;&amp;nbsp;have&lt;/strong&gt; to accept&amp;nbsp;others. Like&amp;nbsp;reading tea-leaves or gazing into a crystal ball!&amp;nbsp;&lt;/font&gt;&lt;font size="3"&gt;That was too much for Farrah to accept and so she was &lt;strong&gt;forced &lt;/strong&gt;to re-examine her&amp;nbsp;beliefs. &lt;/font&gt;&lt;/p&gt;
            &lt;p&gt;&lt;font size="3"&gt;This is always a good way to test what you think: see if you can accept its &lt;strong&gt;implications&lt;/strong&gt; and if you can&amp;rsquo;t then you should probably change your mind.&lt;/font&gt;&lt;/p&gt;
            &lt;p&gt;&lt;font size="3"&gt;It&amp;rsquo;s the same with your &lt;strong&gt;actions&lt;/strong&gt;. If you don&amp;rsquo;t like their consequences then you&amp;rsquo;d better change what you plan on doing.&lt;/font&gt;&lt;/p&gt;
            &lt;/font&gt;&lt;/font&gt;&lt;/td&gt;
        &lt;/tr&gt;
    &lt;/tbody&gt;
&lt;/table&gt;</content>
  <onlineInstructions></onlineInstructions>
  <offlineInstructions></offlineInstructions>
  <defineLater>false</defineLater>
  <forceOffline>false</forceOffline>
  <reflectOnActivity>false</reflectOnActivity>
  <reflectInstructions></reflectInstructions>
  <contentInUse>false</contentInUse>
  <creatorUserId>9</creatorUserId>
  <dateCreated class="sql-timestamp">2007-10-07 13:14:54.0</dateCreated>
  <dateUpdated class="sql-timestamp">2008-07-23 08:33:20.0</dateUpdated>
  <nbAttachments/>
</org.lamsfoundation.lams.tool.noticeboard.NoticeboardContent>