<org.lamsfoundation.lams.tool.noticeboard.NoticeboardContent>
  <nbContentId>2020</nbContentId>
  <title>Let's prepare for an activity!</title>
  <content>&lt;table width="400" cellspacing="9" cellpadding="9" border="0" align="" summary="" style="background: rgb(20, 75, 215) none repeat scroll 0% 50%; -moz-background-clip: -moz-initial; -moz-background-origin: -moz-initial; -moz-background-inline-policy: -moz-initial;"&gt;
    &lt;tbody&gt;
        &lt;tr&gt;
            &lt;td width="176" align="center"&gt;&lt;img width="180" height="302" src="/lams//www/secure/4028813915760eb301157a04abe7005a/Image/K456 Tia 10.gif" alt="" /&gt;&amp;nbsp;&lt;br /&gt;
            &lt;/td&gt;
            &lt;td width="300" align="left"&gt;&lt;font size="3"&gt;&lt;font face="Comic Sans MS"&gt;&lt;br /&gt;
            &lt;br /&gt;
            &lt;font color="#ffffff"&gt;&lt;strong&gt;Using dominoes to practice thinking past stage one&lt;br /&gt;
            &lt;br /&gt;
            &lt;/strong&gt;Machines like the one I built in the story are called Rube Goldberg machines. Rube Goldberg was a cartoonist who drew pictures of these kinds of machines. They usually performed a simple function in a complicated way. To build these machines you must think carefully about the effect that each part will have on the next.&lt;br /&gt;
            &lt;br /&gt;
            In this activity, you will collect objects from the classroom and use them as dominoes. The aim of the exercise is to string the objects together in a domino rally. And I&amp;rsquo;ll bet that the more you think past stage one, the longer your domino rally will be.&lt;br /&gt;
            &lt;/font&gt;&lt;/font&gt;&lt;/font&gt;&lt;font size="3"&gt;&lt;font face="Comic Sans MS"&gt;             &lt;/font&gt;&lt;/font&gt;&lt;font size="3"&gt;&lt;font face="Comic Sans MS"&gt;             &lt;/font&gt;&lt;/font&gt;&lt;/td&gt;
        &lt;/tr&gt;
    &lt;/tbody&gt;
&lt;/table&gt;</content>
  <onlineInstructions></onlineInstructions>
  <offlineInstructions></offlineInstructions>
  <defineLater>false</defineLater>
  <forceOffline>false</forceOffline>
  <reflectOnActivity>false</reflectOnActivity>
  <reflectInstructions></reflectInstructions>
  <contentInUse>false</contentInUse>
  <creatorUserId>9</creatorUserId>
  <dateCreated class="sql-timestamp">2007-11-02 15:38:11.0</dateCreated>
  <dateUpdated class="sql-timestamp">2008-07-07 15:40:36.0</dateUpdated>
  <nbAttachments/>
</org.lamsfoundation.lams.tool.noticeboard.NoticeboardContent>