<org.lamsfoundation.lams.tool.noticeboard.NoticeboardContent>
  <nbContentId>2026</nbContentId>
  <title>Welcome to Grade 5 Kusasa!</title>
  <content>&lt;table width="400" cellspacing="9" cellpadding="9" border="0" summary="" style="background: rgb(248, 200, 30) none repeat scroll 0% 50%; -moz-background-clip: -moz-initial; -moz-background-origin: -moz-initial; -moz-background-inline-policy: -moz-initial;"&gt;
    &lt;tbody&gt;
        &lt;tr&gt;
            &lt;td align="center" colspan="2"&gt;&lt;img height="71" width="500" src="/lams//www/secure/4028813915760eb301157a04abe7005a/Image/K0208BannerSnakes.gif" alt="" /&gt;&lt;br /&gt;
            &amp;nbsp;&amp;nbsp;&lt;/td&gt;
        &lt;/tr&gt;
        &lt;tr&gt;
            &lt;td width="176" align="left"&gt;&amp;nbsp;&lt;img height="296" width="173" align="left" src="/lams//www/secure/4028813915760eb301157a04abe7005a/Image/K456 Tia 01.gif" alt="Tia" /&gt;&lt;/td&gt;
            &lt;td&gt;
            &lt;p&gt;&amp;nbsp;&lt;br /&gt;
            &lt;font size="3"&gt;&lt;font face="Comic Sans MS"&gt;This Kusasa module teaches&amp;nbsp;you&lt;/font&gt;&lt;font face="Comic Sans MS"&gt;&amp;nbsp;to &lt;strong&gt;think with a purpose.&lt;/strong&gt; That is, to think with &lt;strong&gt;a goal in mind&lt;/strong&gt;.&lt;br /&gt;
            &lt;/font&gt;&lt;/font&gt;&lt;/p&gt;
            &lt;p&gt;&lt;font face="Comic Sans MS" size="3"&gt;That doesn&amp;rsquo;t mean just&amp;nbsp;thinking hard &lt;strong&gt;before&lt;/strong&gt; you start working on something. It means keeping your purpose in mind &lt;strong&gt;while &lt;/strong&gt;you are working, every step of the way.&lt;br /&gt;
            &lt;/font&gt;&lt;/p&gt;
            &lt;p&gt;&lt;font face="Comic Sans MS"&gt;&lt;font size="3"&gt;Ready for the next page? Just click [Finish] below...&lt;/font&gt;&lt;/font&gt;&lt;/p&gt;
            &lt;/td&gt;
        &lt;/tr&gt;
    &lt;/tbody&gt;
&lt;/table&gt;</content>
  <onlineInstructions></onlineInstructions>
  <offlineInstructions></offlineInstructions>
  <defineLater>false</defineLater>
  <forceOffline>false</forceOffline>
  <reflectOnActivity>false</reflectOnActivity>
  <reflectInstructions></reflectInstructions>
  <contentInUse>false</contentInUse>
  <creatorUserId>9</creatorUserId>
  <dateCreated class="sql-timestamp">2007-10-07 13:14:54.0</dateCreated>
  <dateUpdated class="sql-timestamp">2008-07-03 06:13:37.0</dateUpdated>
  <nbAttachments/>
</org.lamsfoundation.lams.tool.noticeboard.NoticeboardContent>