<org.lamsfoundation.lams.tool.noticeboard.NoticeboardContent>
  <nbContentId>2443</nbContentId>
  <title>Why understand consequences and implications?</title>
  <content>&lt;table width="400" cellspacing="9" cellpadding="9" border="0" summary="" style="background: rgb(248, 200, 30) none repeat scroll 0% 50%; -moz-background-clip: -moz-initial; -moz-background-origin: -moz-initial; -moz-background-inline-policy: -moz-initial;"&gt;
    &lt;tbody&gt;
        &lt;tr&gt;
            &lt;td width="176" align="center"&gt;&lt;font face="Comic Sans MS" size="3"&gt;&amp;nbsp;&lt;br /&gt;
            &lt;img height="396" width="183" align="left" src="/lams//www/secure/4028813915760eb301157a04abe7005a/Image/K456 Tia 08.gif" alt="Tia" /&gt;&lt;/font&gt;&lt;/td&gt;
            &lt;td&gt;
            &lt;p&gt;&lt;font face="Comic Sans MS" size="3"&gt;&lt;strong&gt;Why&amp;nbsp;understand consequences and implications?&lt;/strong&gt;&lt;/font&gt;&lt;/p&gt;
            &lt;p&gt;&lt;font face="Comic Sans MS" size="3"&gt;Well obviously it would be nice if we could &lt;strong&gt;always&lt;/strong&gt; predict the results of our actions. Then we&amp;rsquo;d always make the right decisions!&lt;/font&gt;&lt;/p&gt;
            &lt;p&gt;&lt;font face="Comic Sans MS" size="3"&gt;Unfortunately life is a little more complicated than that and sometimes we&amp;rsquo;ll be be either lucky or unlucky. But Gary Player, a great golfer, once said: &amp;quot;It&amp;rsquo;s funny, the more I practice, the luckier I get!&amp;quot;&amp;nbsp;&lt;/font&gt;&lt;/p&gt;
            &lt;p&gt;&lt;font face="Comic Sans MS" size="3"&gt;So&amp;nbsp;at least we can learn to make&amp;nbsp;our predictions as accurate as possible to give us the maximum chance to be lucky and the minimum chancy to be unlucky. That will help us &lt;strong&gt;act&lt;/strong&gt;&lt;/font&gt;&lt;font face="Comic Sans MS" size="3"&gt; correctly.&lt;/font&gt;&lt;/p&gt;
            &lt;p&gt;&lt;font face="Comic Sans MS" size="3"&gt;But we also need to learn to &lt;strong&gt;think&lt;/strong&gt; correctly to be lucky. And understanding the implications of our thoughts will also help us to become better thinkers.&lt;/font&gt;&lt;/p&gt;
            &lt;/td&gt;
        &lt;/tr&gt;
    &lt;/tbody&gt;
&lt;/table&gt;</content>
  <onlineInstructions></onlineInstructions>
  <offlineInstructions></offlineInstructions>
  <defineLater>false</defineLater>
  <forceOffline>false</forceOffline>
  <reflectOnActivity>false</reflectOnActivity>
  <reflectInstructions></reflectInstructions>
  <contentInUse>false</contentInUse>
  <creatorUserId>9</creatorUserId>
  <dateCreated class="sql-timestamp">2007-10-07 13:14:54.0</dateCreated>
  <dateUpdated class="sql-timestamp">2008-07-23 08:23:25.0</dateUpdated>
  <nbAttachments/>
</org.lamsfoundation.lams.tool.noticeboard.NoticeboardContent>