<org.lamsfoundation.lams.tool.noticeboard.NoticeboardContent>
  <nbContentId>2354</nbContentId>
  <title>Something to remember.</title>
  <content>&lt;table width="400" cellspacing="9" cellpadding="9" border="0" style="background: rgb(248, 200, 30) none repeat scroll 0% 50%; -moz-background-clip: -moz-initial; -moz-background-origin: -moz-initial; -moz-background-inline-policy: -moz-initial;" summary=""&gt;
    &lt;tbody&gt;
        &lt;tr&gt;
            &lt;td width="176" align="left"&gt;&amp;nbsp;&lt;img height="216" width="220" align="left" alt="Tia" src="/lams//www/secure/4028813915760eb301157a04abe7005a/Image/K456 Tia 02.gif" /&gt;&lt;/td&gt;
            &lt;td&gt;&lt;font size="3"&gt;&lt;font face="Comic Sans MS"&gt;
            &lt;p&gt;&lt;strong&gt;&lt;font size="3"&gt;This is&amp;nbsp;what I think made Vicki&amp;rsquo;s questions&amp;nbsp;less useful than Sophie&amp;rsquo;s...&lt;/font&gt;&lt;/strong&gt;&lt;/p&gt;
            &lt;p&gt;&lt;font size="3"&gt;Both Sophie and Vicki were convinced that they knew the truth about Farrah&amp;rsquo;s actions, but they went about proving it very differently.&lt;/font&gt;&lt;/p&gt;
            &lt;p&gt;&lt;font size="3"&gt;Vicki asked Peg a question that Peg could answer but that also had no &lt;strong&gt;relevance&lt;/strong&gt;.&amp;nbsp;A witness cannot be asked to testify on what they&amp;rsquo;ve been &lt;strong&gt;told&lt;/strong&gt;, only on what they&amp;rsquo;ve &lt;strong&gt;seen&lt;/strong&gt;. That&amp;rsquo;s called &amp;rsquo;hearsay&amp;rsquo; and it doesn&amp;rsquo;t prove anything.&lt;/font&gt;&lt;/p&gt;
            &lt;p&gt;&lt;font size="3"&gt;Then Vicki asked Pete a question that &lt;strong&gt;would&lt;/strong&gt; have been relevant... if he had been in a position to answer it. Maybe she should have asked someone who was sitting closer to Farrah... or let someone else be the lawyer while she testified herself!&lt;/font&gt;&lt;/p&gt;
            &lt;p&gt;&lt;font size="3"&gt;So Vicki&amp;rsquo;s questions weren&amp;rsquo;t useful because one was &lt;strong&gt;irrelevant&lt;/strong&gt; and the other was asked of the &lt;strong&gt;wrong person&lt;/strong&gt;.&lt;/font&gt;&lt;/p&gt;
            &lt;/font&gt;&lt;/font&gt;&lt;/td&gt;
        &lt;/tr&gt;
    &lt;/tbody&gt;
&lt;/table&gt;</content>
  <onlineInstructions></onlineInstructions>
  <offlineInstructions></offlineInstructions>
  <defineLater>false</defineLater>
  <forceOffline>false</forceOffline>
  <reflectOnActivity>false</reflectOnActivity>
  <reflectInstructions></reflectInstructions>
  <contentInUse>false</contentInUse>
  <creatorUserId>9</creatorUserId>
  <dateCreated class="sql-timestamp">2007-10-07 13:14:54.0</dateCreated>
  <dateUpdated class="sql-timestamp">2008-07-22 10:20:14.0</dateUpdated>
  <nbAttachments/>
</org.lamsfoundation.lams.tool.noticeboard.NoticeboardContent>