<org.lamsfoundation.lams.tool.noticeboard.NoticeboardContent>
  <nbContentId>2469</nbContentId>
  <title>Prepare for eToys!</title>
  <content>&lt;table width="400" cellspacing="9" cellpadding="9" border="0" align="" summary="" style="background: rgb(20, 75, 215) none repeat scroll 0% 50%; -moz-background-clip: -moz-initial; -moz-background-origin: -moz-initial; -moz-background-inline-policy: -moz-initial;"&gt;
    &lt;tbody&gt;
        &lt;tr&gt;
            &lt;td width="176" align="center"&gt;&amp;nbsp;&lt;img height="396" width="186" alt="" src="/lams//www/secure/4028813915760eb301157a04abe7005a/Image/K456 Tia 19.gif" /&gt;&lt;br /&gt;
            &lt;/td&gt;
            &lt;td width="300" align="left"&gt;&lt;font size="3"&gt;&lt;font face="Comic Sans MS"&gt;&lt;font color="#ffffff"&gt;&lt;strong&gt;eToys&lt;br /&gt;
            &lt;/strong&gt;&lt;br /&gt;
            Okay, you&amp;rsquo;re ready to begin the eToys challenge!&lt;br /&gt;
            &lt;br /&gt;
            You might just have thought of some great ways to model the smell experiment. But you are about to learn a great new technique that will help you model chemistry experiments and other amazing natural phenomena.&lt;br /&gt;
            &lt;br /&gt;
            Find the eToys icon on your desktop and launch the program now.&lt;br /&gt;
            &lt;br /&gt;
            Then find the project called: K0307 Dye. Open it and get Squeaking!&lt;br /&gt;
            &lt;br /&gt;
            When you are finished, come back to LAMS and crunch your eToys experience.&lt;br /&gt;
            &lt;/font&gt;&lt;/font&gt;&lt;/font&gt;&lt;font size="3"&gt;&lt;font face="Comic Sans MS"&gt;             &lt;/font&gt;&lt;/font&gt;&lt;font size="3"&gt;&lt;font face="Comic Sans MS"&gt;             &lt;/font&gt;&lt;/font&gt;&lt;/td&gt;
            &lt;td&gt;&lt;br /&gt;
            &lt;br /&gt;
            &lt;br /&gt;
            &lt;br /&gt;
            &lt;br /&gt;
            &lt;br /&gt;
            &lt;br /&gt;
            &lt;br /&gt;
            &lt;br /&gt;
            &lt;br /&gt;
            &lt;br /&gt;
            &lt;br /&gt;
            &lt;br /&gt;
            &lt;br /&gt;
            &lt;br /&gt;
            &lt;br /&gt;
            &lt;/td&gt;
        &lt;/tr&gt;
    &lt;/tbody&gt;
&lt;/table&gt;</content>
  <onlineInstructions></onlineInstructions>
  <offlineInstructions></offlineInstructions>
  <defineLater>false</defineLater>
  <forceOffline>false</forceOffline>
  <reflectOnActivity>false</reflectOnActivity>
  <reflectInstructions></reflectInstructions>
  <contentInUse>false</contentInUse>
  <creatorUserId>9</creatorUserId>
  <dateCreated class="sql-timestamp">2007-10-27 23:26:23.0</dateCreated>
  <dateUpdated class="sql-timestamp">2008-07-23 09:06:56.0</dateUpdated>
  <nbAttachments/>
</org.lamsfoundation.lams.tool.noticeboard.NoticeboardContent>