<org.lamsfoundation.lams.tool.rsrc.model.Resource>
  <contentId>2226</contentId>
  <title>Story: The Balloon Bet</title>
  <instructions>&lt;table width="400" cellspacing="9" cellpadding="9" border="0" summary="" style="background: rgb(240, 156, 8) none repeat scroll 0% 50%; -moz-background-clip: -moz-initial; -moz-background-origin: -moz-initial; -moz-background-inline-policy: -moz-initial;"&gt;
    &lt;tbody&gt;
        &lt;tr&gt;
            &lt;td width="110" align="center"&gt;&amp;nbsp;&lt;img height="396" width="160" align="middle" src="/lams//www/secure/4028813915760eb301157a04abe7005a/Image/K0505 Hot Air Balloon 02 copy.gif" alt="Tia" /&gt;&lt;/td&gt;
            &lt;td width="300" align="left"&gt;&lt;font size="3"&gt;&lt;font face="Comic Sans MS"&gt;&lt;strong&gt;Do you know why using information is important? &lt;/strong&gt;&lt;/font&gt;&lt;/font&gt;&lt;strong&gt;&lt;font size="3"&gt;&lt;font face="Comic Sans MS"&gt;Let&amp;rsquo;s find out... &lt;/font&gt;&lt;/font&gt;&lt;/strong&gt;&lt;font size="3"&gt;&lt;font face="Comic Sans MS"&gt;&lt;br /&gt;
            &lt;br /&gt;
            Read through this story to find out how Tom uses information to make his balloon soar higher and higher.&lt;/font&gt;&lt;/font&gt;&lt;br /&gt;
            &lt;font size="3"&gt;&lt;font face="Comic Sans MS"&gt;&lt;br /&gt;
            Click on &amp;quot;The Balloon Bet&amp;quot; to open the story in a new window. &lt;br /&gt;
            &lt;br /&gt;
            &lt;/font&gt;&lt;/font&gt;&lt;font size="3"&gt;&lt;br /&gt;
            &lt;/font&gt;&lt;/td&gt;
        &lt;/tr&gt;
    &lt;/tbody&gt;
&lt;/table&gt;</instructions>
  <runOffline>false</runOffline>
  <runAuto>false</runAuto>
  <miniViewResourceNumber>0</miniViewResourceNumber>
  <allowAddFiles>false</allowAddFiles>
  <allowAddUrls>false</allowAddUrls>
  <lockWhenFinished>false</lockWhenFinished>
  <defineLater>false</defineLater>
  <contentInUse>false</contentInUse>
  <onlineInstructions></onlineInstructions>
  <offlineInstructions></offlineInstructions>
  <attachments/>
  <updated class="sql-timestamp">2008-07-21 11:40:13.0</updated>
  <createdBy>
    <userId>9</userId>
    <firstName>Patrick</firstName>
    <lastName>Kayton</lastName>
    <loginName>Patrick Kayton</loginName>
    <sessionFinished>false</sessionFinished>
    <resource reference="../.."/>
  </createdBy>
  <resourceItems>
    <org.lamsfoundation.lams.tool.rsrc.model.ResourceItem>
      <type>3</type>
      <title>The Balloon Bet</title>
      <openUrlNewWindow>false</openUrlNewWindow>
      <initialItem>index.html</initialItem>
      <fileUuid>1202</fileUuid>
      <fileVersionId>1</fileVersionId>
      <fileName>K0204.zip</fileName>
      <fileType>text/plain</fileType>
      <itemInstructions/>
      <isHide>false</isHide>
      <isCreateByAuthor>true</isCreateByAuthor>
      <createDate class="sql-timestamp">2008-07-17 12:22:03.0</createDate>
      <createBy reference="../../../createdBy"/>
      <complete>false</complete>
    </org.lamsfoundation.lams.tool.rsrc.model.ResourceItem>
  </resourceItems>
  <reflectOnActivity>false</reflectOnActivity>
  <reflectInstructions></reflectInstructions>
</org.lamsfoundation.lams.tool.rsrc.model.Resource>