<org.lamsfoundation.lams.tool.noticeboard.NoticeboardContent>
  <nbContentId>2387</nbContentId>
  <title>Why change our point of view?</title>
  <content>&lt;table width="400" cellspacing="9" cellpadding="9" border="0" summary="" style="background: rgb(248, 200, 30) none repeat scroll 0% 50%; -moz-background-clip: -moz-initial; -moz-background-origin: -moz-initial; -moz-background-inline-policy: -moz-initial;"&gt;
    &lt;tbody&gt;
        &lt;tr&gt;
            &lt;td width="176" align="center"&gt;&amp;nbsp;&lt;br /&gt;
            &lt;img height="396" width="186" align="left" src="/lams//www/secure/4028813915760eb301157a04abe7005a/Image/K456 Tia 19.gif" alt="Tia" /&gt;&lt;/td&gt;
            &lt;td&gt;
            &lt;p&gt;&lt;font size="3"&gt;&lt;font face="Comic Sans MS"&gt;&lt;strong&gt;Why change our point of view?&lt;/strong&gt;&lt;/font&gt;&lt;/font&gt;&lt;/p&gt;
            &lt;p&gt;&lt;font face="Comic Sans MS" size="3"&gt;If we can&amp;rsquo;t change our point of view, our &lt;strong&gt;perspective &lt;/strong&gt;becomes our &lt;strong&gt;bias&lt;/strong&gt;. Now &amp;rsquo;bias&amp;rsquo; is a term we often use to describe the views of people we disagree with, but the term really just means a point of view that doesn&amp;rsquo;t change.&lt;/font&gt;&lt;/p&gt;
            &lt;p&gt;&lt;font face="Comic Sans MS" size="3"&gt;Being biased is a &lt;/font&gt;&lt;font face="Comic Sans MS" size="3"&gt;lot like being blind or deaf. It means you can&amp;rsquo;t see things that contradict your viewpoint. You choose not to hear or see things you don&amp;rsquo;t like. &lt;br /&gt;
            &lt;/font&gt;&lt;/p&gt;
            &lt;p&gt;&lt;font face="Comic Sans MS" size="3"&gt;Worst of all, you can&amp;rsquo;t think of new ways to understand yourself and the world around you. This means you can&amp;rsquo;t grow. You become stuck in a little&amp;nbsp;mental prison.&lt;/font&gt;&lt;/p&gt;
            &lt;p&gt;&lt;font face="Comic Sans MS" size="3"&gt;Sounds terrible, doesn't it? Well it is. But don&amp;rsquo;t worry,&amp;nbsp;as long as you are able to change your point of view then you can always&amp;nbsp;open yourself up to new thoughts.&lt;br /&gt;
            &lt;/font&gt;&lt;/p&gt;
            &lt;p&gt;&lt;font face="Comic Sans MS" size="3"&gt;And today&amp;rsquo;s lesson will give you some of the keys you&amp;nbsp;need&amp;nbsp;to do just that!&lt;/font&gt;&amp;nbsp;&lt;/p&gt;
            &lt;p&gt;&lt;font face="Comic Sans MS" size="3"&gt;&lt;/font&gt;&lt;/p&gt;
            &lt;p&gt;&lt;font face="Comic Sans MS" size="3"&gt;&lt;/font&gt;&lt;/p&gt;
            &lt;/td&gt;
        &lt;/tr&gt;
    &lt;/tbody&gt;
&lt;/table&gt;</content>
  <onlineInstructions></onlineInstructions>
  <offlineInstructions></offlineInstructions>
  <defineLater>false</defineLater>
  <forceOffline>false</forceOffline>
  <reflectOnActivity>false</reflectOnActivity>
  <reflectInstructions></reflectInstructions>
  <contentInUse>false</contentInUse>
  <creatorUserId>9</creatorUserId>
  <dateCreated class="sql-timestamp">2007-10-07 13:14:54.0</dateCreated>
  <dateUpdated class="sql-timestamp">2008-07-22 12:03:04.0</dateUpdated>
  <nbAttachments/>
</org.lamsfoundation.lams.tool.noticeboard.NoticeboardContent>