<org.lamsfoundation.lams.tool.noticeboard.NoticeboardContent>
  <nbContentId>2459</nbContentId>
  <title>Welcome to Kusasa!</title>
  <content>&lt;table width="400" cellspacing="9" cellpadding="9" border="0" summary="" style="background: rgb(248, 200, 30) none repeat scroll 0% 50%; -moz-background-clip: -moz-initial; -moz-background-origin: -moz-initial; -moz-background-inline-policy: -moz-initial;"&gt;
    &lt;tbody&gt;
        &lt;tr&gt;
            &lt;td align="center" colspan="2"&gt;&lt;font size="3"&gt;&lt;img height="71" width="500" align="middle" src="/lams//www/secure/4028813915760eb301157a04abe7005a/Image/K0307BannerChemistry.gif" alt="" /&gt;&amp;nbsp;&amp;nbsp;&lt;/font&gt;&lt;/td&gt;
        &lt;/tr&gt;
        &lt;tr&gt;
            &lt;td width="176" align="left"&gt;&lt;font size="3"&gt;&amp;nbsp;&lt;img height="320" width="191" align="left" src="/lams//www/secure/4028813915760eb301157a04abe7005a/Image/K456 Tia 10.gif" alt="Tia" /&gt;&lt;/font&gt;&lt;/td&gt;
            &lt;td&gt;
            &lt;p&gt;&lt;font size="3"&gt;&lt;font face="Comic Sans MS"&gt;This Kusasa module is about making&lt;strong&gt; deductions&lt;/strong&gt;.&lt;/font&gt;&lt;/font&gt;&lt;/p&gt;
            &lt;p&gt;&lt;font face="Comic Sans MS" size="3"&gt;Deductions are logical steps we make using facts and assumptions.&amp;nbsp;Say you know that chlorine and milk explode if they are put together. That&amp;rsquo;s a &lt;strong&gt;fact&lt;/strong&gt;, right? (Take my word for it!)&lt;br /&gt;
            &lt;/font&gt;&lt;/p&gt;
            &lt;p&gt;&lt;font face="Comic Sans MS" size="3"&gt;Right. Now say you see an empty milk bottle lying next to an empty chlorine bottle and you hear a lood &amp;rsquo;Boom&amp;rsquo;... you could &lt;strong&gt;assume&lt;/strong&gt;&amp;nbsp;that someone has combined the two to make an explosion.&lt;/font&gt;&lt;/p&gt;
            &lt;p&gt;&lt;font face="Comic Sans MS" size="3"&gt;Still with me? Good. Now say you&amp;nbsp;then see someone running past waving their arms over their head. Say that person is on fire and screaming &amp;rsquo;I&amp;rsquo;ll never play with milk and chlorine ever again!&amp;rsquo; &lt;/font&gt;&lt;/p&gt;
            &lt;p&gt;&lt;font face="Comic Sans MS" size="3"&gt;You could &lt;strong&gt;deduce&lt;/strong&gt; that you&amp;rsquo;ve found the person who made the explosion... and that messing around with&amp;nbsp;chemicals can be a really bad idea.&lt;/font&gt;&lt;/p&gt;
            &lt;p&gt;&lt;font face="Comic Sans MS" size="3"&gt;And you&amp;rsquo;d be right!&lt;/font&gt;&amp;nbsp;&lt;/p&gt;
            &lt;p&gt;&lt;font face="Comic Sans MS"&gt;&lt;font size="3"&gt;Ready for the next page? just click [Finish] below...&amp;nbsp;&lt;/font&gt;&lt;/font&gt;&lt;/p&gt;
            &lt;/td&gt;
        &lt;/tr&gt;
    &lt;/tbody&gt;
&lt;/table&gt;</content>
  <onlineInstructions></onlineInstructions>
  <offlineInstructions></offlineInstructions>
  <defineLater>false</defineLater>
  <forceOffline>false</forceOffline>
  <reflectOnActivity>false</reflectOnActivity>
  <reflectInstructions></reflectInstructions>
  <contentInUse>false</contentInUse>
  <creatorUserId>9</creatorUserId>
  <dateCreated class="sql-timestamp">2007-10-07 13:14:54.0</dateCreated>
  <dateUpdated class="sql-timestamp">2008-07-23 08:42:16.0</dateUpdated>
  <nbAttachments/>
</org.lamsfoundation.lams.tool.noticeboard.NoticeboardContent>