<org.lamsfoundation.lams.tool.noticeboard.NoticeboardContent>
  <nbContentId>2277</nbContentId>
  <title>Why think through implications to make predictions?</title>
  <content>&lt;table width="400" cellspacing="9" cellpadding="9" border="0" style="background: rgb(248, 200, 30) none repeat scroll 0% 50%; -moz-background-clip: -moz-initial; -moz-background-origin: -moz-initial; -moz-background-inline-policy: -moz-initial;" summary=""&gt;
    &lt;tbody&gt;
        &lt;tr&gt;
            &lt;td&gt;&amp;nbsp;&lt;/td&gt;
            &lt;td&gt;&amp;nbsp;&lt;/td&gt;
        &lt;/tr&gt;
        &lt;tr&gt;
            &lt;td width="176" align="left"&gt;&amp;nbsp;&lt;img height="360" width="185" align="left" alt="Tia" src="/lams//www/secure/4028813915760eb301157a04abe7005a/Image/K456 Tia 11.gif" /&gt;&lt;/td&gt;
            &lt;td&gt;
            &lt;p&gt;&lt;font size="3"&gt;&lt;font face="Comic Sans MS"&gt;&lt;strong&gt;Why think through implications to make predictions?&lt;/strong&gt;&lt;/font&gt;&lt;/font&gt;&lt;/p&gt;
            &lt;p&gt;&lt;font face="Comic Sans MS" size="3"&gt;It&amp;rsquo;s easy to predict things that you want to happen. But a good thinker must be willing to accept the truth that you can&amp;rsquo;t always get what you want. When you ask, &amp;quot;What do these facts imply?&amp;quot;, you will very often get an answer that you don&amp;rsquo;t want to hear. And that means that you must predict something that you don&amp;rsquo;t want to happen.&lt;/font&gt;&lt;font face="Comic Sans MS" size="3"&gt;&lt;/font&gt;&lt;/p&gt;
            &lt;font face="Comic Sans MS" size="3"&gt;            &lt;/font&gt;
            &lt;p&gt;&lt;font face="Comic Sans MS" size="3"&gt;&lt;font face="Comic Sans MS" size="3"&gt;You need to make predictions based not on what you want or what you fear. You need to make &lt;strong&gt;predictions&lt;/strong&gt; based&amp;nbsp;on &lt;strong&gt;logical &lt;/strong&gt;implications. And that means that instead of looking for facts that support what you want to happen, you should look for facts that disagree with your predictions.&amp;nbsp;&lt;/font&gt;&lt;/font&gt;&lt;/p&gt;
            &lt;font face="Comic Sans MS" size="3"&gt;            &lt;/font&gt;
            &lt;p&gt;&lt;font face="Comic Sans MS" size="3"&gt;&lt;font face="Comic Sans MS" size="3"&gt;Are you feeling lost? Don&amp;rsquo;t worry, you&amp;rsquo;ll understand really soon.&lt;br /&gt;
            &lt;/font&gt;&lt;/font&gt;&lt;/p&gt;
            &lt;font face="Comic Sans MS" size="3"&gt;            &lt;/font&gt;
            &lt;p&gt;&lt;font face="Comic Sans MS" size="3"&gt;&amp;nbsp;&lt;/font&gt;&lt;/p&gt;
            &lt;font face="Comic Sans MS" size="3"&gt;            &lt;/font&gt;
            &lt;p&gt;&lt;font face="Comic Sans MS" size="3"&gt;&lt;font face="Comic Sans MS" size="3"&gt;&lt;/font&gt;&amp;nbsp;&lt;/font&gt;&lt;/p&gt;
            &lt;font face="Comic Sans MS" size="3"&gt;            &lt;/font&gt;
            &lt;p&gt;&lt;font face="Comic Sans MS" size="3"&gt;&lt;font face="Comic Sans MS" size="3"&gt;&lt;/font&gt;&lt;font size="3"&gt;&lt;font face="Comic Sans MS"&gt;&lt;br /&gt;
            &lt;br /&gt;
            &lt;/font&gt;&lt;/font&gt;&lt;font size="3"&gt;&lt;font face="Comic Sans MS"&gt;&lt;br /&gt;
            &amp;nbsp;&lt;/font&gt;&lt;/font&gt;&lt;font size="3"&gt;&lt;font face="Comic Sans MS"&gt;&lt;/font&gt;&lt;/font&gt;&lt;font size="3"&gt;&lt;font face="Comic Sans MS"&gt;&lt;/font&gt;&lt;font size="3"&gt;&lt;font face="Comic Sans MS"&gt;&lt;/font&gt;&lt;/font&gt;&lt;/font&gt;&lt;/font&gt;&lt;/p&gt;
            &lt;font face="Comic Sans MS" size="3"&gt;            &lt;/font&gt;&lt;/td&gt;
        &lt;/tr&gt;
    &lt;/tbody&gt;
&lt;/table&gt;</content>
  <onlineInstructions></onlineInstructions>
  <offlineInstructions></offlineInstructions>
  <defineLater>false</defineLater>
  <forceOffline>false</forceOffline>
  <reflectOnActivity>false</reflectOnActivity>
  <reflectInstructions></reflectInstructions>
  <contentInUse>false</contentInUse>
  <creatorUserId>9</creatorUserId>
  <dateCreated class="sql-timestamp">2007-10-07 13:14:54.0</dateCreated>
  <dateUpdated class="sql-timestamp">2008-07-21 10:20:13.0</dateUpdated>
  <nbAttachments/>
</org.lamsfoundation.lams.tool.noticeboard.NoticeboardContent>