<org.lamsfoundation.lams.tool.noticeboard.NoticeboardContent>
  <nbContentId>2042</nbContentId>
  <title>Why think in questions?</title>
  <content>&lt;table width="400" cellspacing="9" cellpadding="9" border="0" style="background: rgb(248, 200, 30) none repeat scroll 0% 50%; -moz-background-clip: -moz-initial; -moz-background-origin: -moz-initial; -moz-background-inline-policy: -moz-initial;" summary=""&gt;
    &lt;tbody&gt;
        &lt;tr&gt;
            &lt;td&gt;&lt;font size="3"&gt;&amp;nbsp;&lt;/font&gt;&lt;/td&gt;
            &lt;td&gt;&lt;font size="3"&gt;&amp;nbsp;&lt;/font&gt;&lt;/td&gt;
        &lt;/tr&gt;
        &lt;tr&gt;
            &lt;td width="176" align="left"&gt;&lt;font size="3"&gt;&amp;nbsp;&lt;img height="375" width="173" align="left" alt="Tia" src="/lams//www/secure/4028813915760eb301157a04abe7005a/Image/K456 Tia 08.gif" /&gt;&lt;/font&gt;&lt;/td&gt;
            &lt;td&gt;&lt;font face="Comic Sans MS"&gt;
            &lt;p&gt;&lt;strong&gt;&lt;font size="3"&gt;Why think in questions?&lt;/font&gt;&lt;/strong&gt;&lt;/p&gt;
            &lt;p&gt;&lt;font size="3"&gt;Questions are the source of almost all our great ideas and discoveries. &lt;/font&gt;&lt;font size="3"&gt;&lt;font size="3"&gt;Sir Isaac Newton was sitting under an apple tree when an apple bounced off his head. He asked himself, &amp;quot;Why did that apple fall?&amp;quot; and this simple question led him to develop&amp;nbsp;the Theory&amp;nbsp;of Gravity.&lt;/font&gt;&lt;/font&gt;&lt;/p&gt;
            &lt;p&gt;&lt;font size="3"&gt;The Wright brothers asked &amp;quot;How can we overcome gravity? How can humans fly?&amp;quot;Their answers led to the development of aeroplanes...&lt;/font&gt;&lt;/p&gt;
            &lt;/font&gt;&lt;/td&gt;
        &lt;/tr&gt;
    &lt;/tbody&gt;
&lt;/table&gt;</content>
  <onlineInstructions></onlineInstructions>
  <offlineInstructions></offlineInstructions>
  <defineLater>false</defineLater>
  <forceOffline>false</forceOffline>
  <reflectOnActivity>false</reflectOnActivity>
  <reflectInstructions></reflectInstructions>
  <contentInUse>false</contentInUse>
  <creatorUserId>9</creatorUserId>
  <dateCreated class="sql-timestamp">2007-10-07 13:14:54.0</dateCreated>
  <dateUpdated class="sql-timestamp">2008-07-16 14:08:23.0</dateUpdated>
  <nbAttachments/>
</org.lamsfoundation.lams.tool.noticeboard.NoticeboardContent>