<org.lamsfoundation.lams.tool.noticeboard.NoticeboardContent>
  <nbContentId>2282</nbContentId>
  <title>A new way of thinking</title>
  <content>&lt;table width="400" cellspacing="9" cellpadding="9" border="0" summary="" style="background: rgb(240, 156, 8) none repeat scroll 0% 50%; -moz-background-clip: -moz-initial; -moz-background-origin: -moz-initial; -moz-background-inline-policy: -moz-initial;"&gt;
    &lt;tbody&gt;
        &lt;tr&gt;
            &lt;td width="110" align="center"&gt;&amp;nbsp;&lt;img height="300" width="179" align="middle" src="/lams//www/secure/4028813915760eb301157a04abe7005a/Image/K456 Tia 10.gif" alt="Tia" /&gt;&lt;/td&gt;
            &lt;td width="300" align="left"&gt;
            &lt;p&gt;&lt;font size="3"&gt;&lt;font face="Comic Sans MS"&gt;&lt;strong&gt;Thinking about implications and predictions a little more...&lt;/strong&gt;&lt;/font&gt;&lt;/font&gt;&lt;font size="3"&gt;&lt;font size="3"&gt;&lt;font face="Comic Sans MS"&gt;&lt;br /&gt;
            &lt;br /&gt;
            Now that&amp;rsquo;s interesting, isn&amp;rsquo;t it? The Thunderbolt Kids&amp;nbsp;didn&amp;rsquo;t look for ways to prove themselves &lt;strong&gt;right&lt;/strong&gt;, but rather ways to&amp;nbsp;prove themselves&amp;nbsp;&lt;strong&gt;wrong&lt;/strong&gt;.&lt;/font&gt;&lt;/font&gt;&lt;/font&gt;&lt;/p&gt;
            &lt;p&gt;&lt;font face="Comic Sans MS" size="3"&gt;That&amp;rsquo;s good science.&lt;/font&gt;&lt;/p&gt;
            &lt;p&gt;&lt;font face="Comic Sans MS" size="3"&gt;It&amp;rsquo;s easy to look for ways to &lt;strong&gt;confirm&lt;/strong&gt; what we think. But it&amp;rsquo;s far harder to look for ways to &lt;strong&gt;disprove&lt;/strong&gt; what we believe. &lt;/font&gt;&lt;/p&gt;
            &lt;p&gt;&lt;font face="Comic Sans MS" size="3"&gt;But that&amp;rsquo;s what it takes to be honest and to be accurate. That&amp;rsquo;s what it takes to be a thinker...&lt;/font&gt;&lt;/p&gt;
            &lt;/td&gt;
        &lt;/tr&gt;
    &lt;/tbody&gt;
&lt;/table&gt;</content>
  <onlineInstructions></onlineInstructions>
  <offlineInstructions></offlineInstructions>
  <defineLater>false</defineLater>
  <forceOffline>false</forceOffline>
  <reflectOnActivity>false</reflectOnActivity>
  <reflectInstructions></reflectInstructions>
  <contentInUse>false</contentInUse>
  <creatorUserId>9</creatorUserId>
  <dateCreated class="sql-timestamp">2007-10-08 22:53:52.0</dateCreated>
  <dateUpdated class="sql-timestamp">2008-07-21 10:59:50.0</dateUpdated>
  <nbAttachments/>
</org.lamsfoundation.lams.tool.noticeboard.NoticeboardContent>