<org.lamsfoundation.lams.tool.noticeboard.NoticeboardContent>
  <nbContentId>2038</nbContentId>
  <title>Thinking Outcomes</title>
  <content>&lt;table width="400" cellspacing="9" cellpadding="9" border="0" align="" style="background: rgb(215, 20, 115) none repeat scroll 0% 50%; -moz-background-clip: -moz-initial; -moz-background-origin: -moz-initial; -moz-background-inline-policy: -moz-initial;" summary=""&gt;
    &lt;tbody&gt;
        &lt;tr&gt;
            &lt;td width="176" align="center"&gt;&lt;font size="3" color="#ffffff"&gt;&amp;nbsp;&lt;img height="375" width="173" src="/lams//www/secure/4028813915760eb301157a04abe7005a/Image/K456 Tia 08.gif" alt="" /&gt;&lt;br /&gt;
            &lt;/font&gt;             &lt;/td&gt;
            &lt;td width="300" align="left"&gt;&lt;font size="3" color="#ffffff"&gt;&lt;font face="Comic Sans MS"&gt;&lt;strong&gt;&lt;br /&gt;
            &lt;/strong&gt;&lt;/font&gt;&lt;/font&gt;
            &lt;div align="left"&gt;&lt;font face="Comic Sans MS" size="3" color="#ffffff"&gt;&lt;strong&gt;             What&amp;rsquo;s the thinking outcome of this lesson?&lt;/strong&gt;&lt;/font&gt;&lt;font face="Comic Sans MS" size="3" color="#ffffff"&gt;&lt;br /&gt;
            &lt;/font&gt;             &lt;font face="Comic Sans MS" size="3" color="#ffffff"&gt;             &lt;/font&gt;&lt;font face="Comic Sans MS" size="3" color="#ffffff"&gt;&lt;br /&gt;
            The aim of this lesson is to learn to think with a purpose when you are &lt;strong&gt;solving a problem&lt;/strong&gt;.&lt;br /&gt;
            &lt;/font&gt;&lt;/div&gt;
            &lt;font face="Comic Sans MS" size="3" color="#ffffff"&gt;&lt;br /&gt;
            &lt;/font&gt;
            &lt;div align="left"&gt;&lt;font face="Comic Sans MS" size="3" color="#ffffff"&gt;&lt;font size="3" color="#ffffff"&gt;&lt;font face="Comic Sans MS"&gt;Are you ready to begin? &lt;/font&gt;&lt;/font&gt;&lt;font size="3" color="#ffffff"&gt;&lt;br /&gt;
            &lt;/font&gt;             &lt;font size="3" color="#ffffff"&gt;&lt;font face="Comic Sans MS"&gt;             Good! Then let&amp;rsquo;s begin...&lt;/font&gt;&lt;/font&gt;&lt;font size="3" color="#ffffff"&gt;&lt;br /&gt;
            &lt;/font&gt;             &lt;font size="3" color="#ffffff"&gt;&lt;font face="Comic Sans MS"&gt;             &lt;/font&gt;&lt;/font&gt;&lt;font size="3" color="#ffffff"&gt;&lt;font face="Comic Sans MS"&gt;             &lt;/font&gt;&lt;/font&gt;&lt;font size="3" color="#ffffff"&gt;&lt;br /&gt;
            &lt;/font&gt;             &lt;font size="3" color="#ffffff"&gt;             &lt;/font&gt;&lt;/font&gt;&lt;/div&gt;
            &lt;font face="Comic Sans MS" size="3" color="#ffffff"&gt;            &lt;/font&gt;&lt;/td&gt;
        &lt;/tr&gt;
    &lt;/tbody&gt;
&lt;/table&gt;</content>
  <onlineInstructions></onlineInstructions>
  <offlineInstructions></offlineInstructions>
  <defineLater>false</defineLater>
  <forceOffline>false</forceOffline>
  <reflectOnActivity>false</reflectOnActivity>
  <reflectInstructions></reflectInstructions>
  <contentInUse>false</contentInUse>
  <creatorUserId>9</creatorUserId>
  <dateCreated class="sql-timestamp">2008-05-23 16:05:24.0</dateCreated>
  <dateUpdated class="sql-timestamp">2008-07-21 11:32:55.0</dateUpdated>
  <nbAttachments/>
</org.lamsfoundation.lams.tool.noticeboard.NoticeboardContent>