<org.lamsfoundation.lams.tool.noticeboard.NoticeboardContent>
  <nbContentId>2429</nbContentId>
  <title>Thinking about ideas</title>
  <content>&lt;table width="400" cellspacing="9" cellpadding="9" border="0" style="background: rgb(240, 156, 8) none repeat scroll 0% 50%; -moz-background-clip: -moz-initial; -moz-background-origin: -moz-initial; -moz-background-inline-policy: -moz-initial;" summary=""&gt;
    &lt;tbody&gt;
        &lt;tr&gt;
            &lt;td width="110" align="center"&gt;&amp;nbsp;&lt;img height="245" width="250" align="middle" alt="Tia" src="/lams//www/secure/4028813915760eb301157a04abe7005a/Image/K456 Tia 02.gif" /&gt;&lt;/td&gt;
            &lt;td width="300" align="left"&gt;
            &lt;p&gt;&lt;font size="3"&gt;&lt;font face="Comic Sans MS"&gt;&lt;strong&gt;Thinking more about ideas...&lt;/strong&gt;&lt;/font&gt;&lt;/font&gt;&lt;/p&gt;
            &lt;p&gt;&lt;font face="Comic Sans MS" size="3"&gt;The ideas in this story were quite simple. As simply as cooking lunch. Not all ideas are this way, but if you practice asking the questions that Jojo asked, you will find it very easy to sort through ideas:&lt;br /&gt;
            &lt;/font&gt;&lt;/p&gt;
            &lt;p&gt;&lt;font face="Comic Sans MS" size="3"&gt;&amp;bull; What is the most fundamental idea that I should be thinking about?&lt;/font&gt;&lt;font face="Comic Sans MS" size="3" /&gt;&lt;/p&gt;
            &lt;p&gt;&lt;font face="Comic Sans MS" size="3"&gt;&amp;bull; What do these ideas have in common?&lt;/font&gt;&lt;/p&gt;
            &lt;p&gt;&lt;font face="Comic Sans MS" size="3"&gt;&amp;bull; How are these ideas different?&lt;/font&gt;&lt;/p&gt;
            &lt;p&gt;&lt;font face="Comic Sans MS" size="3"&gt;&amp;bull; Which of these ideas belong together?&lt;/font&gt;&lt;/p&gt;
            &lt;p&gt;&lt;font face="Comic Sans MS" size="3"&gt;&amp;bull; Which of these ideas should be apart?&lt;/font&gt;&lt;/p&gt;
            &lt;p&gt;&lt;font face="Comic Sans MS" size="3"&gt;&amp;bull; What idea has been left out? (Or what am I not thinking of?)&lt;br /&gt;
            &lt;/font&gt;&lt;/p&gt;
            &lt;/td&gt;
        &lt;/tr&gt;
    &lt;/tbody&gt;
&lt;/table&gt;</content>
  <onlineInstructions></onlineInstructions>
  <offlineInstructions></offlineInstructions>
  <defineLater>false</defineLater>
  <forceOffline>false</forceOffline>
  <reflectOnActivity>false</reflectOnActivity>
  <reflectInstructions></reflectInstructions>
  <contentInUse>false</contentInUse>
  <creatorUserId>9</creatorUserId>
  <dateCreated class="sql-timestamp">2007-10-08 22:53:52.0</dateCreated>
  <dateUpdated class="sql-timestamp">2008-07-22 22:12:18.0</dateUpdated>
  <nbAttachments/>
</org.lamsfoundation.lams.tool.noticeboard.NoticeboardContent>