<org.lamsfoundation.lams.tool.noticeboard.NoticeboardContent>
  <nbContentId>1990</nbContentId>
  <title>Prepare for eToys!</title>
  <content>&lt;table width="400" cellspacing="9" cellpadding="9" border="0" align="" summary="" style="background: rgb(20, 75, 215) none repeat scroll 0% 50%; -moz-background-clip: -moz-initial; -moz-background-origin: -moz-initial; -moz-background-inline-policy: -moz-initial;"&gt;
    &lt;tbody&gt;
        &lt;tr&gt;
            &lt;td width="176" align="center"&gt;&amp;nbsp;&lt;img width="140" height="396" src="/lams//www/secure/4028813915760eb301157a04abe7005a/Image/K456 Tia 12.gif" alt="" /&gt;&lt;br /&gt;
            &lt;/td&gt;
            &lt;td width="300" align="left"&gt;&lt;font size="3"&gt;&lt;font face="Comic Sans MS"&gt;&lt;font color="#ffffff"&gt;&lt;strong&gt;Okay, you&amp;rsquo;re ready to begin the eToys challenge! &lt;br /&gt;
            &lt;/strong&gt;&lt;/font&gt;&lt;/font&gt;&lt;/font&gt;&lt;font color="#ffffff"&gt;&lt;font size="3"&gt;&lt;font face="Comic Sans MS"&gt;&lt;strong&gt;&lt;br /&gt;
            &lt;/strong&gt;In eToys you will make a ball bounce the way it does in reality.&lt;br /&gt;
            &lt;br /&gt;
            While you&amp;rsquo;re doing the eToys challenge, take note of the questions that Jojo asks.&lt;br /&gt;
            &lt;br /&gt;
            Now launch eToys and open the module called, &amp;quot;K0105 Bounce&amp;quot;.&lt;br /&gt;
            &lt;/font&gt;&lt;/font&gt;&lt;/font&gt;&lt;/td&gt;
        &lt;/tr&gt;
    &lt;/tbody&gt;
&lt;/table&gt;</content>
  <onlineInstructions></onlineInstructions>
  <offlineInstructions></offlineInstructions>
  <defineLater>false</defineLater>
  <forceOffline>false</forceOffline>
  <reflectOnActivity>false</reflectOnActivity>
  <reflectInstructions></reflectInstructions>
  <contentInUse>false</contentInUse>
  <creatorUserId>9</creatorUserId>
  <dateCreated class="sql-timestamp">2007-10-27 23:26:23.0</dateCreated>
  <dateUpdated class="sql-timestamp">2008-07-07 14:58:18.0</dateUpdated>
  <nbAttachments/>
</org.lamsfoundation.lams.tool.noticeboard.NoticeboardContent>