<org.lamsfoundation.lams.tool.noticeboard.NoticeboardContent>
  <nbContentId>2032</nbContentId>
  <title>A new way of thinking</title>
  <content>&lt;table width="400" cellspacing="9" cellpadding="9" border="0" summary="" style="background: rgb(240, 156, 8) none repeat scroll 0% 50%; -moz-background-clip: -moz-initial; -moz-background-origin: -moz-initial; -moz-background-inline-policy: -moz-initial;"&gt;
    &lt;tbody&gt;
        &lt;tr&gt;
            &lt;td width="110" align="center"&gt;&amp;nbsp;&lt;img height="396" width="140" align="middle" src="/lams//www/secure/4028813915760eb301157a04abe7005a/Image/K456 Tia 12.gif" alt="Tia" /&gt;&lt;/td&gt;
            &lt;td width="300" align="left"&gt;
            &lt;p&gt;&lt;font size="3"&gt;&lt;font face="Comic Sans MS"&gt;&lt;strong&gt;Can you think with a purpose on other problems? &lt;/strong&gt;&lt;/font&gt;&lt;/font&gt;&lt;/p&gt;
            &lt;p&gt;&lt;font face="Comic Sans MS" size="3"&gt;Tom&amp;rsquo;s plan was to make a snaketrap that wouldn&amp;rsquo;t kill snakes. This was his goal, or his purpose. To do this, he split up the task of making traps into small steps.&lt;/font&gt;&lt;/p&gt;
            &lt;p&gt;&lt;font face="Comic Sans MS" size="3"&gt;You can do the same thing when solving any problem. First identify your purpose. Then identify all the little steps that lead to your goal.&lt;/font&gt;&lt;/p&gt;
            &lt;p&gt;&amp;nbsp;&lt;/p&gt;
            &lt;p&gt;&amp;nbsp;&lt;/p&gt;
            &lt;p&gt;&amp;nbsp;&lt;/p&gt;
            &lt;p&gt;&amp;nbsp;&lt;/p&gt;
            &lt;p&gt;&lt;font face="Comic Sans MS"&gt;&lt;br /&gt;
            &lt;/font&gt;&lt;/p&gt;
            &lt;/td&gt;
        &lt;/tr&gt;
    &lt;/tbody&gt;
&lt;/table&gt;</content>
  <onlineInstructions></onlineInstructions>
  <offlineInstructions></offlineInstructions>
  <defineLater>false</defineLater>
  <forceOffline>false</forceOffline>
  <reflectOnActivity>false</reflectOnActivity>
  <reflectInstructions></reflectInstructions>
  <contentInUse>false</contentInUse>
  <creatorUserId>9</creatorUserId>
  <dateCreated class="sql-timestamp">2007-10-08 22:53:52.0</dateCreated>
  <dateUpdated class="sql-timestamp">2008-07-21 11:33:46.0</dateUpdated>
  <nbAttachments/>
</org.lamsfoundation.lams.tool.noticeboard.NoticeboardContent>