<org.lamsfoundation.lams.tool.qa.QaContent>
  <qaContentId>1968</qaContentId>
  <title>Q&amp;A</title>
  <instructions>&lt;table width="400" cellspacing="9" cellpadding="9" border="0" align="" summary="" style="background: rgb(170, 220, 2) none repeat scroll 0% 50%; -moz-background-clip: -moz-initial; -moz-background-origin: -moz-initial; -moz-background-inline-policy: -moz-initial;"&gt;
    &lt;tbody&gt;
        &lt;tr&gt;
            &lt;td width="110" align="center"&gt;&amp;nbsp;&lt;img width="209" height="357" src="/lams//www/secure/4028813915760eb301157a04abe7005a/Image/K456 Tia 01.gif" alt="" /&gt;&lt;br /&gt;
            &lt;/td&gt;
            &lt;td width="300" align="left"&gt;&lt;font size="3"&gt;&lt;font face="Comic Sans MS"&gt;&lt;strong&gt;Let&amp;rsquo;s crunch eToys!&lt;/strong&gt;&lt;/font&gt;&lt;/font&gt;&lt;font size="3"&gt;&lt;font size="3"&gt;&lt;font face="Comic Sans MS"&gt;&lt;br /&gt;
            &lt;/font&gt;&lt;/font&gt;&lt;font size="3"&gt;&lt;font face="Comic Sans MS"&gt;&lt;br /&gt;
            After walking out shapes with your body you used eToys to make shapes.&lt;br /&gt;
            &lt;br /&gt;
            Here&amp;rsquo;s a question to help you crunch what you did in eToys...&lt;br /&gt;
            &lt;/font&gt;&lt;/font&gt;&lt;font size="3"&gt;             &lt;/font&gt;&lt;/font&gt;&lt;/td&gt;
        &lt;/tr&gt;
    &lt;/tbody&gt;
&lt;/table&gt;</instructions>
  <offlineInstructions></offlineInstructions>
  <onlineInstructions></onlineInstructions>
  <createdBy>9</createdBy>
  <defineLater>false</defineLater>
  <reflect>false</reflect>
  <reflectionSubject></reflectionSubject>
  <runOffline>false</runOffline>
  <questionsSequenced>false</questionsSequenced>
  <lockWhenFinished>true</lockWhenFinished>
  <showOtherAnswers>true</showOtherAnswers>
  <usernameVisible>false</usernameVisible>
  <synchInMonitor>false</synchInMonitor>
  <contentLocked>false</contentLocked>
  <updateDate class="sql-timestamp">2008-07-07 14:46:12.0</updateDate>
  <qaQueContents class="tree-set">
    <no-comparator/>
    <org.lamsfoundation.lams.tool.qa.QaQueContent>
      <question>Sample Question 1?
&lt;table width="400" cellspacing="9" cellpadding="9" border="0" align="" summary="" style="background: rgb(170, 220, 2) none repeat scroll 0% 50%; -moz-background-clip: -moz-initial; -moz-background-origin: -moz-initial; -moz-background-inline-policy: -moz-initial;"&gt;
    &lt;tbody&gt;
        &lt;tr&gt;
            &lt;td width="110" align="center"&gt;&amp;nbsp;&lt;br /&gt;
            &lt;/td&gt;
            &lt;td width="300" align="left"&gt;&lt;font size="3"&gt;&lt;font face="Comic Sans MS"&gt;&lt;strong&gt;What else do you think you can do with your body that you can model in eToys?&lt;br /&gt;
            &lt;/strong&gt;&lt;br /&gt;
            Write a sentence or two to describe one other thing you do with your body that you may be able to model in eToys.&lt;strong&gt;&lt;br /&gt;
            &lt;/strong&gt;&lt;/font&gt;&lt;/font&gt;&lt;font size="3"&gt;&lt;font size="3"&gt;&lt;/font&gt;&lt;/font&gt;&lt;/td&gt;
        &lt;/tr&gt;
    &lt;/tbody&gt;
&lt;/table&gt;</question>
      <displayOrder>1</displayOrder>
      <feedback></feedback>
      <isOptional>false</isOptional>
    </org.lamsfoundation.lams.tool.qa.QaQueContent>
  </qaQueContents>
  <qaUploadedFiles class="tree-set">
    <no-comparator/>
  </qaUploadedFiles>
</org.lamsfoundation.lams.tool.qa.QaContent>