<org.lamsfoundation.lams.tool.qa.QaContent>
  <qaContentId>2380</qaContentId>
  <title>Story crunch 3</title>
  <instructions>&lt;table width="400" cellspacing="9" cellpadding="9" border="0" style="background: rgb(170, 220, 2) none repeat scroll 0% 50%; -moz-background-clip: -moz-initial; -moz-background-origin: -moz-initial; -moz-background-inline-policy: -moz-initial;" summary=""&gt;
    &lt;tbody&gt;
        &lt;tr&gt;
            &lt;td width="110" align="center"&gt;&amp;nbsp;&lt;img height="396" width="186" src="/lams//www/secure/4028813915760eb301157a04abe7005a/Image/K456 Tia 19.gif" alt="" /&gt;&lt;br /&gt;
            &lt;/td&gt;
            &lt;td width="300" align="left"&gt;
            &lt;p&gt;&lt;font face="Comic Sans MS" size="3"&gt;&lt;strong&gt;Let&amp;rsquo;s crunch one more time...&lt;/strong&gt;&lt;/font&gt;&lt;/p&gt;
            &lt;p&gt;&lt;font face="Comic Sans MS" size="3"&gt;The kids &lt;strong&gt;believe&lt;/strong&gt; what their eyes tell them and make false assumptions. Dr Gray &lt;span style="font-weight: bold;"&gt;tests&lt;/span&gt;&lt;strong&gt; &lt;/strong&gt;what his eyes tell him and this helps him to see through the optical illusions.&lt;/font&gt;&lt;/p&gt;
            &lt;p&gt;&lt;font face="Comic Sans MS" size="3"&gt;Here is a question to get you crunching how to test what you see...&lt;br /&gt;
            &lt;/font&gt;&lt;/p&gt;
            &lt;/td&gt;
        &lt;/tr&gt;
    &lt;/tbody&gt;
&lt;/table&gt;</instructions>
  <offlineInstructions></offlineInstructions>
  <onlineInstructions></onlineInstructions>
  <createdBy>9</createdBy>
  <defineLater>false</defineLater>
  <reflect>false</reflect>
  <reflectionSubject></reflectionSubject>
  <runOffline>false</runOffline>
  <questionsSequenced>false</questionsSequenced>
  <lockWhenFinished>true</lockWhenFinished>
  <showOtherAnswers>true</showOtherAnswers>
  <usernameVisible>false</usernameVisible>
  <synchInMonitor>false</synchInMonitor>
  <contentLocked>false</contentLocked>
  <updateDate class="sql-timestamp">2008-07-22 11:35:17.0</updateDate>
  <qaQueContents class="tree-set">
    <no-comparator/>
    <org.lamsfoundation.lams.tool.qa.QaQueContent>
      <question>&lt;table width="400" cellspacing="9" cellpadding="9" border="0" style="background: rgb(170, 220, 2) none repeat scroll 0% 50%; -moz-background-clip: -moz-initial; -moz-background-origin: -moz-initial; -moz-background-inline-policy: -moz-initial;" summary=""&gt;
    &lt;tbody&gt;
        &lt;tr&gt;
            &lt;td width="110" align="center"&gt;&amp;nbsp;&lt;br /&gt;
            &lt;/td&gt;
            &lt;td width="300" align="left"&gt;
            &lt;p&gt;&lt;font size="3"&gt;&lt;font face="Comic Sans MS"&gt;&lt;strong&gt;What methods does Dr Gray use to test what he sees in the optical illusions?&lt;/strong&gt;&lt;/font&gt;&lt;/font&gt;&lt;/p&gt;
            &lt;p&gt;&lt;font face="Comic Sans MS" size="3"&gt;Write a few sentences to describe at least one test or method that Gr Gray uses to test his assumptions about the optical illusions.&lt;br /&gt;
            &lt;/font&gt;&lt;/p&gt;
            &lt;p&gt;&lt;font face="Comic Sans MS" size="3"&gt;Then see what methods your classmates thought of...&lt;/font&gt;&lt;/p&gt;
            &lt;/td&gt;
        &lt;/tr&gt;
    &lt;/tbody&gt;
&lt;/table&gt;</question>
      <displayOrder>1</displayOrder>
      <feedback></feedback>
      <isOptional>false</isOptional>
    </org.lamsfoundation.lams.tool.qa.QaQueContent>
  </qaQueContents>
  <qaUploadedFiles class="tree-set">
    <no-comparator/>
  </qaUploadedFiles>
</org.lamsfoundation.lams.tool.qa.QaContent>