<org.lamsfoundation.lams.learningdesign.dto.LearningDesignDTO>
  <learningDesignID>108</learningDesignID>
  <title>K0105 Detective Sophie</title>
  <firstActivityID>1723</firstActivityID>
  <firstActivityUIID>1</firstActivityUIID>
  <maxID>92</maxID>
  <validDesign>true</validDesign>
  <readOnly>false</readOnly>
  <editOverrideLock>false</editOverrideLock>
  <userID>9</userID>
  <copyTypeID>1</copyTypeID>
  <createDateTime class="sql-timestamp">2008-07-16 15:35:00.0</createDateTime>
  <version>2.0.4</version>
  <designVersion>1</designVersion>
  <workspaceFolderID>52</workspaceFolderID>
  <lastModifiedDateTime class="sql-timestamp">2008-07-02 23:09:59.0</lastModifiedDateTime>
  <contentFolderID>4028813915760eb301157a04abe7005a</contentFolderID>
  <groupings/>
  <activities>
    <org.lamsfoundation.lams.learningdesign.dto.AuthoringActivityDTO>
      <activityID>1723</activityID>
      <activityUIID>1</activityUIID>
      <description>Tool for displaying HTML content including external sources such as images and other media.</description>
      <activityTitle>Introduction</activityTitle>
      <helpText>Displays formatted text and links to external sources on a read only page.</helpText>
      <helpURL>http://wiki.lamsfoundation.org/display/lamsdocs/lanb11</helpURL>
      <xCoord>18</xCoord>
      <yCoord>43</yCoord>
      <activityTypeID>1</activityTypeID>
      <defineLater>false</defineLater>
      <learningDesignID>108</learningDesignID>
      <createDateTime class="sql-timestamp">2007-10-29 20:46:00.0</createDateTime>
      <runOffline>false</runOffline>
      <toolSignature>lanb11</toolSignature>
      <toolID>2</toolID>
      <toolContentID>1982</toolContentID>
      <toolDisplayName>NoticeboardX</toolDisplayName>
      <toolVersion>20070524</toolVersion>
      <authoringURL>tool/lanb11/authoring.do</authoringURL>
      <monitoringURL>tool/lanb11/monitoring.do</monitoringURL>
      <activityCategoryID>4</activityCategoryID>
      <applyGrouping>false</applyGrouping>
      <groupingSupportType>2</groupingSupportType>
      <libraryActivityUIImage>tool/lanb11/images/icon_htmlnb.swf</libraryActivityUIImage>
      <readOnly>false</readOnly>
      <initialised>false</initialised>
    </org.lamsfoundation.lams.learningdesign.dto.AuthoringActivityDTO>
    <org.lamsfoundation.lams.learningdesign.dto.AuthoringActivityDTO>
      <activityID>1724</activityID>
      <activityUIID>2</activityUIID>
      <description>Tool for displaying HTML content including external sources such as images and other media.</description>
      <activityTitle>Motivation 1</activityTitle>
      <helpText>Displays formatted text and links to external sources on a read only page.</helpText>
      <helpURL>http://wiki.lamsfoundation.org/display/lamsdocs/lanb11</helpURL>
      <xCoord>168</xCoord>
      <yCoord>41</yCoord>
      <activityTypeID>1</activityTypeID>
      <defineLater>false</defineLater>
      <learningDesignID>108</learningDesignID>
      <createDateTime class="sql-timestamp">2007-10-29 20:46:00.0</createDateTime>
      <runOffline>false</runOffline>
      <toolSignature>lanb11</toolSignature>
      <toolID>2</toolID>
      <toolContentID>1983</toolContentID>
      <toolDisplayName>NoticeboardX</toolDisplayName>
      <toolVersion>20070524</toolVersion>
      <authoringURL>tool/lanb11/authoring.do</authoringURL>
      <monitoringURL>tool/lanb11/monitoring.do</monitoringURL>
      <activityCategoryID>4</activityCategoryID>
      <applyGrouping>false</applyGrouping>
      <groupingSupportType>2</groupingSupportType>
      <libraryActivityUIImage>tool/lanb11/images/icon_htmlnb.swf</libraryActivityUIImage>
      <readOnly>false</readOnly>
      <initialised>false</initialised>
    </org.lamsfoundation.lams.learningdesign.dto.AuthoringActivityDTO>
    <org.lamsfoundation.lams.learningdesign.dto.AuthoringActivityDTO>
      <activityID>1725</activityID>
      <activityUIID>10</activityUIID>
      <description>Tool for displaying HTML content including external sources such as images and other media.</description>
      <activityTitle>Lesson Route Map</activityTitle>
      <helpText>Displays formatted text and links to external sources on a read only page.</helpText>
      <helpURL>http://wiki.lamsfoundation.org/display/lamsdocs/lanb11</helpURL>
      <xCoord>317</xCoord>
      <yCoord>41</yCoord>
      <activityTypeID>1</activityTypeID>
      <defineLater>false</defineLater>
      <learningDesignID>108</learningDesignID>
      <createDateTime class="sql-timestamp">2007-10-29 20:46:00.0</createDateTime>
      <runOffline>false</runOffline>
      <toolSignature>lanb11</toolSignature>
      <toolID>2</toolID>
      <toolContentID>1984</toolContentID>
      <toolDisplayName>NoticeboardX</toolDisplayName>
      <toolVersion>20070524</toolVersion>
      <authoringURL>tool/lanb11/authoring.do</authoringURL>
      <monitoringURL>tool/lanb11/monitoring.do</monitoringURL>
      <activityCategoryID>4</activityCategoryID>
      <applyGrouping>false</applyGrouping>
      <groupingSupportType>2</groupingSupportType>
      <libraryActivityUIImage>tool/lanb11/images/icon_htmlnb.swf</libraryActivityUIImage>
      <readOnly>false</readOnly>
      <initialised>false</initialised>
    </org.lamsfoundation.lams.learningdesign.dto.AuthoringActivityDTO>
    <org.lamsfoundation.lams.learningdesign.dto.AuthoringActivityDTO>
      <activityID>1726</activityID>
      <activityUIID>12</activityUIID>
      <description>Tool for displaying HTML content including external sources such as images and other media.</description>
      <activityTitle>Lesson Outcome</activityTitle>
      <helpText>Displays formatted text and links to external sources on a read only page.</helpText>
      <helpURL>http://wiki.lamsfoundation.org/display/lamsdocs/lanb11</helpURL>
      <xCoord>466</xCoord>
      <yCoord>41</yCoord>
      <activityTypeID>1</activityTypeID>
      <defineLater>false</defineLater>
      <learningDesignID>108</learningDesignID>
      <createDateTime class="sql-timestamp">2007-10-29 20:46:00.0</createDateTime>
      <runOffline>false</runOffline>
      <toolSignature>lanb11</toolSignature>
      <toolID>2</toolID>
      <toolContentID>1985</toolContentID>
      <toolDisplayName>NoticeboardX</toolDisplayName>
      <toolVersion>20070524</toolVersion>
      <authoringURL>tool/lanb11/authoring.do</authoringURL>
      <monitoringURL>tool/lanb11/monitoring.do</monitoringURL>
      <activityCategoryID>4</activityCategoryID>
      <applyGrouping>false</applyGrouping>
      <groupingSupportType>2</groupingSupportType>
      <libraryActivityUIImage>tool/lanb11/images/icon_htmlnb.swf</libraryActivityUIImage>
      <readOnly>false</readOnly>
      <initialised>false</initialised>
    </org.lamsfoundation.lams.learningdesign.dto.AuthoringActivityDTO>
    <org.lamsfoundation.lams.learningdesign.dto.AuthoringActivityDTO>
      <activityID>1727</activityID>
      <activityUIID>14</activityUIID>
      <description>Sharing resource with others.</description>
      <activityTitle>Story</activityTitle>
      <helpText>Uploading your resources to share with others.</helpText>
      <helpURL>http://wiki.lamsfoundation.org/display/lamsdocs/larsrc11</helpURL>
      <xCoord>20</xCoord>
      <yCoord>175</yCoord>
      <activityTypeID>1</activityTypeID>
      <defineLater>false</defineLater>
      <learningDesignID>108</learningDesignID>
      <createDateTime class="sql-timestamp">2007-10-29 20:46:00.0</createDateTime>
      <runOffline>false</runOffline>
      <toolSignature>larsrc11</toolSignature>
      <toolID>6</toolID>
      <toolContentID>1986</toolContentID>
      <toolDisplayName>Shared Resources</toolDisplayName>
      <toolVersion>20070524</toolVersion>
      <authoringURL>tool/larsrc11/authoring/start.do</authoringURL>
      <monitoringURL>tool/larsrc11/monitoring/summary.do</monitoringURL>
      <contributeURL>tool/larsrc11/contribute.do</contributeURL>
      <moderationURL>tool/larsrc11/moderate.do</moderationURL>
      <activityCategoryID>4</activityCategoryID>
      <applyGrouping>false</applyGrouping>
      <groupingSupportType>2</groupingSupportType>
      <libraryActivityUIImage>tool/larsrc11/images/icon_rsrc.swf</libraryActivityUIImage>
      <readOnly>false</readOnly>
      <initialised>false</initialised>
    </org.lamsfoundation.lams.learningdesign.dto.AuthoringActivityDTO>
    <org.lamsfoundation.lams.learningdesign.dto.AuthoringActivityDTO>
      <activityID>1728</activityID>
      <activityUIID>16</activityUIID>
      <description>Each learner answers question(s) and then sees answers from all learners collated on the next page.</description>
      <activityTitle>Story Crunch</activityTitle>
      <helpText>Each learner answers one or more questions in short answer format and then sees answers from all learners collated on the next page.</helpText>
      <helpURL>http://wiki.lamsfoundation.org/display/lamsdocs/laqa11</helpURL>
      <xCoord>166</xCoord>
      <yCoord>174</yCoord>
      <activityTypeID>1</activityTypeID>
      <defineLater>false</defineLater>
      <learningDesignID>108</learningDesignID>
      <createDateTime class="sql-timestamp">2007-10-29 20:46:00.0</createDateTime>
      <runOffline>false</runOffline>
      <toolSignature>laqa11</toolSignature>
      <toolID>3</toolID>
      <toolContentID>1987</toolContentID>
      <toolDisplayName>Question and Answer</toolDisplayName>
      <toolVersion>20070524</toolVersion>
      <authoringURL>tool/laqa11/authoringStarter.do</authoringURL>
      <monitoringURL>tool/laqa11/monitoringStarter.do</monitoringURL>
      <contributeURL>tool/laqa11/monitoringStarter.do</contributeURL>
      <moderationURL>tool/laqa11/monitoringStarter.do</moderationURL>
      <activityCategoryID>6</activityCategoryID>
      <applyGrouping>false</applyGrouping>
      <groupingSupportType>2</groupingSupportType>
      <libraryActivityUIImage>tool/laqa11/images/icon_questionanswer.swf</libraryActivityUIImage>
      <readOnly>false</readOnly>
      <initialised>false</initialised>
    </org.lamsfoundation.lams.learningdesign.dto.AuthoringActivityDTO>
    <org.lamsfoundation.lams.learningdesign.dto.AuthoringActivityDTO>
      <activityID>1729</activityID>
      <activityUIID>23</activityUIID>
      <description>Tool for displaying HTML content including external sources such as images and other media.</description>
      <activityTitle>Motivation 3</activityTitle>
      <helpText>Displays formatted text and links to external sources on a read only page.</helpText>
      <helpURL>http://wiki.lamsfoundation.org/display/lamsdocs/lanb11</helpURL>
      <xCoord>15</xCoord>
      <yCoord>302</yCoord>
      <activityTypeID>1</activityTypeID>
      <defineLater>false</defineLater>
      <learningDesignID>108</learningDesignID>
      <createDateTime class="sql-timestamp">2007-10-29 20:46:00.0</createDateTime>
      <runOffline>false</runOffline>
      <toolSignature>lanb11</toolSignature>
      <toolID>2</toolID>
      <toolContentID>1988</toolContentID>
      <toolDisplayName>NoticeboardX</toolDisplayName>
      <toolVersion>20070524</toolVersion>
      <authoringURL>tool/lanb11/authoring.do</authoringURL>
      <monitoringURL>tool/lanb11/monitoring.do</monitoringURL>
      <activityCategoryID>4</activityCategoryID>
      <applyGrouping>false</applyGrouping>
      <groupingSupportType>2</groupingSupportType>
      <libraryActivityUIImage>tool/lanb11/images/icon_htmlnb.swf</libraryActivityUIImage>
      <readOnly>false</readOnly>
      <initialised>false</initialised>
    </org.lamsfoundation.lams.learningdesign.dto.AuthoringActivityDTO>
    <org.lamsfoundation.lams.learningdesign.dto.AuthoringActivityDTO>
      <activityID>1730</activityID>
      <activityUIID>25</activityUIID>
      <description>Tool for displaying HTML content including external sources such as images and other media.</description>
      <activityTitle>Contexts</activityTitle>
      <helpText>Displays formatted text and links to external sources on a read only page.</helpText>
      <helpURL>http://wiki.lamsfoundation.org/display/lamsdocs/lanb11</helpURL>
      <xCoord>171</xCoord>
      <yCoord>303</yCoord>
      <activityTypeID>1</activityTypeID>
      <defineLater>false</defineLater>
      <learningDesignID>108</learningDesignID>
      <createDateTime class="sql-timestamp">2007-10-29 20:46:00.0</createDateTime>
      <runOffline>false</runOffline>
      <toolSignature>lanb11</toolSignature>
      <toolID>2</toolID>
      <toolContentID>1989</toolContentID>
      <toolDisplayName>NoticeboardX</toolDisplayName>
      <toolVersion>20070524</toolVersion>
      <authoringURL>tool/lanb11/authoring.do</authoringURL>
      <monitoringURL>tool/lanb11/monitoring.do</monitoringURL>
      <activityCategoryID>4</activityCategoryID>
      <applyGrouping>false</applyGrouping>
      <groupingSupportType>2</groupingSupportType>
      <libraryActivityUIImage>tool/lanb11/images/icon_htmlnb.swf</libraryActivityUIImage>
      <readOnly>false</readOnly>
      <initialised>false</initialised>
    </org.lamsfoundation.lams.learningdesign.dto.AuthoringActivityDTO>
    <org.lamsfoundation.lams.learningdesign.dto.AuthoringActivityDTO>
      <activityID>1731</activityID>
      <activityUIID>35</activityUIID>
      <description>Tool for displaying HTML content including external sources such as images and other media.</description>
      <activityTitle>eToys Prep</activityTitle>
      <helpText>Displays formatted text and links to external sources on a read only page.</helpText>
      <helpURL>http://wiki.lamsfoundation.org/display/lamsdocs/lanb11</helpURL>
      <xCoord>11</xCoord>
      <yCoord>443</yCoord>
      <activityTypeID>1</activityTypeID>
      <defineLater>false</defineLater>
      <learningDesignID>108</learningDesignID>
      <createDateTime class="sql-timestamp">2007-10-29 20:46:00.0</createDateTime>
      <runOffline>false</runOffline>
      <toolSignature>lanb11</toolSignature>
      <toolID>2</toolID>
      <toolContentID>1990</toolContentID>
      <toolDisplayName>NoticeboardX</toolDisplayName>
      <toolVersion>20070524</toolVersion>
      <authoringURL>tool/lanb11/authoring.do</authoringURL>
      <monitoringURL>tool/lanb11/monitoring.do</monitoringURL>
      <activityCategoryID>4</activityCategoryID>
      <applyGrouping>false</applyGrouping>
      <groupingSupportType>2</groupingSupportType>
      <libraryActivityUIImage>tool/lanb11/images/icon_htmlnb.swf</libraryActivityUIImage>
      <readOnly>false</readOnly>
      <initialised>false</initialised>
    </org.lamsfoundation.lams.learningdesign.dto.AuthoringActivityDTO>
    <org.lamsfoundation.lams.learningdesign.dto.AuthoringActivityDTO>
      <activityID>1732</activityID>
      <activityUIID>64</activityUIID>
      <description>Each learner answers question(s) and then sees answers from all learners collated on the next page.</description>
      <activityTitle>Story Crunch 2</activityTitle>
      <helpText>Each learner answers one or more questions in short answer format and then sees answers from all learners collated on the next page.</helpText>
      <helpURL>http://wiki.lamsfoundation.org/display/lamsdocs/laqa11</helpURL>
      <xCoord>312</xCoord>
      <yCoord>174</yCoord>
      <activityTypeID>1</activityTypeID>
      <defineLater>false</defineLater>
      <learningDesignID>108</learningDesignID>
      <learningLibraryID>3</learningLibraryID>
      <createDateTime class="sql-timestamp">2007-06-04 14:45:00.0</createDateTime>
      <runOffline>false</runOffline>
      <toolSignature>laqa11</toolSignature>
      <toolID>3</toolID>
      <toolContentID>1991</toolContentID>
      <toolDisplayName>Question and Answer</toolDisplayName>
      <toolVersion>20070524</toolVersion>
      <authoringURL>tool/laqa11/authoringStarter.do</authoringURL>
      <monitoringURL>tool/laqa11/monitoringStarter.do</monitoringURL>
      <contributeURL>tool/laqa11/monitoringStarter.do</contributeURL>
      <moderationURL>tool/laqa11/monitoringStarter.do</moderationURL>
      <activityCategoryID>6</activityCategoryID>
      <applyGrouping>false</applyGrouping>
      <groupingSupportType>2</groupingSupportType>
      <libraryActivityUIImage>tool/laqa11/images/icon_questionanswer.swf</libraryActivityUIImage>
      <readOnly>false</readOnly>
      <initialised>false</initialised>
    </org.lamsfoundation.lams.learningdesign.dto.AuthoringActivityDTO>
    <org.lamsfoundation.lams.learningdesign.dto.AuthoringActivityDTO>
      <activityID>1733</activityID>
      <activityUIID>65</activityUIID>
      <description>Each learner answers question(s) and then sees answers from all learners collated on the next page.</description>
      <activityTitle>Story Crunch 3</activityTitle>
      <helpText>Each learner answers one or more questions in short answer format and then sees answers from all learners collated on the next page.</helpText>
      <helpURL>http://wiki.lamsfoundation.org/display/lamsdocs/laqa11</helpURL>
      <xCoord>460</xCoord>
      <yCoord>175</yCoord>
      <activityTypeID>1</activityTypeID>
      <defineLater>false</defineLater>
      <learningDesignID>108</learningDesignID>
      <learningLibraryID>3</learningLibraryID>
      <createDateTime class="sql-timestamp">2007-06-04 14:45:00.0</createDateTime>
      <runOffline>false</runOffline>
      <toolSignature>laqa11</toolSignature>
      <toolID>3</toolID>
      <toolContentID>1992</toolContentID>
      <toolDisplayName>Question and Answer</toolDisplayName>
      <toolVersion>20070524</toolVersion>
      <authoringURL>tool/laqa11/authoringStarter.do</authoringURL>
      <monitoringURL>tool/laqa11/monitoringStarter.do</monitoringURL>
      <contributeURL>tool/laqa11/monitoringStarter.do</contributeURL>
      <moderationURL>tool/laqa11/monitoringStarter.do</moderationURL>
      <activityCategoryID>6</activityCategoryID>
      <applyGrouping>false</applyGrouping>
      <groupingSupportType>2</groupingSupportType>
      <libraryActivityUIImage>tool/laqa11/images/icon_questionanswer.swf</libraryActivityUIImage>
      <readOnly>false</readOnly>
      <initialised>false</initialised>
    </org.lamsfoundation.lams.learningdesign.dto.AuthoringActivityDTO>
    <org.lamsfoundation.lams.learningdesign.dto.AuthoringActivityDTO>
      <activityID>1734</activityID>
      <activityUIID>85</activityUIID>
      <description>Each learner answers question(s) and then sees answers from all learners collated on the next page.</description>
      <activityTitle>eToys Crunch</activityTitle>
      <helpText>Each learner answers one or more questions in short answer format and then sees answers from all learners collated on the next page.</helpText>
      <helpURL>http://wiki.lamsfoundation.org/display/lamsdocs/laqa11</helpURL>
      <xCoord>173</xCoord>
      <yCoord>445</yCoord>
      <activityTypeID>1</activityTypeID>
      <defineLater>false</defineLater>
      <learningDesignID>108</learningDesignID>
      <createDateTime class="sql-timestamp">2007-10-29 20:46:00.0</createDateTime>
      <runOffline>false</runOffline>
      <toolSignature>laqa11</toolSignature>
      <toolID>3</toolID>
      <toolContentID>1993</toolContentID>
      <toolDisplayName>Question and Answer</toolDisplayName>
      <toolVersion>20070524</toolVersion>
      <authoringURL>tool/laqa11/authoringStarter.do</authoringURL>
      <monitoringURL>tool/laqa11/monitoringStarter.do</monitoringURL>
      <contributeURL>tool/laqa11/monitoringStarter.do</contributeURL>
      <moderationURL>tool/laqa11/monitoringStarter.do</moderationURL>
      <activityCategoryID>6</activityCategoryID>
      <applyGrouping>false</applyGrouping>
      <groupingSupportType>2</groupingSupportType>
      <libraryActivityUIImage>tool/laqa11/images/icon_questionanswer.swf</libraryActivityUIImage>
      <readOnly>false</readOnly>
      <initialised>false</initialised>
    </org.lamsfoundation.lams.learningdesign.dto.AuthoringActivityDTO>
    <org.lamsfoundation.lams.learningdesign.dto.AuthoringActivityDTO>
      <activityID>1735</activityID>
      <activityUIID>87</activityUIID>
      <description>Sharing resource with others.</description>
      <activityTitle>Activity Prep</activityTitle>
      <helpText>Uploading your resources to share with others.</helpText>
      <helpURL>http://wiki.lamsfoundation.org/display/lamsdocs/larsrc11</helpURL>
      <xCoord>333</xCoord>
      <yCoord>304</yCoord>
      <activityTypeID>1</activityTypeID>
      <defineLater>false</defineLater>
      <learningDesignID>108</learningDesignID>
      <learningLibraryID>6</learningLibraryID>
      <createDateTime class="sql-timestamp">2007-06-04 14:45:00.0</createDateTime>
      <runOffline>false</runOffline>
      <toolSignature>larsrc11</toolSignature>
      <toolID>6</toolID>
      <toolContentID>1994</toolContentID>
      <toolDisplayName>Shared Resources</toolDisplayName>
      <toolVersion>20070524</toolVersion>
      <authoringURL>tool/larsrc11/authoring/start.do</authoringURL>
      <monitoringURL>tool/larsrc11/monitoring/summary.do</monitoringURL>
      <contributeURL>tool/larsrc11/contribute.do</contributeURL>
      <moderationURL>tool/larsrc11/moderate.do</moderationURL>
      <activityCategoryID>4</activityCategoryID>
      <applyGrouping>false</applyGrouping>
      <groupingSupportType>2</groupingSupportType>
      <libraryActivityUIImage>tool/larsrc11/images/icon_rsrc.swf</libraryActivityUIImage>
      <readOnly>false</readOnly>
      <initialised>false</initialised>
    </org.lamsfoundation.lams.learningdesign.dto.AuthoringActivityDTO>
    <org.lamsfoundation.lams.learningdesign.dto.AuthoringActivityDTO>
      <activityID>1736</activityID>
      <activityUIID>90</activityUIID>
      <description>Each learner answers question(s) and then sees answers from all learners collated on the next page.</description>
      <activityTitle>Activity Crunch</activityTitle>
      <helpText>Each learner answers one or more questions in short answer format and then sees answers from all learners collated on the next page.</helpText>
      <helpURL>http://wiki.lamsfoundation.org/display/lamsdocs/laqa11</helpURL>
      <xCoord>478</xCoord>
      <yCoord>305</yCoord>
      <activityTypeID>1</activityTypeID>
      <defineLater>false</defineLater>
      <learningDesignID>108</learningDesignID>
      <createDateTime class="sql-timestamp">2007-10-29 20:46:00.0</createDateTime>
      <runOffline>false</runOffline>
      <toolSignature>laqa11</toolSignature>
      <toolID>3</toolID>
      <toolContentID>1995</toolContentID>
      <toolDisplayName>Question and Answer</toolDisplayName>
      <toolVersion>20070524</toolVersion>
      <authoringURL>tool/laqa11/authoringStarter.do</authoringURL>
      <monitoringURL>tool/laqa11/monitoringStarter.do</monitoringURL>
      <contributeURL>tool/laqa11/monitoringStarter.do</contributeURL>
      <moderationURL>tool/laqa11/monitoringStarter.do</moderationURL>
      <activityCategoryID>6</activityCategoryID>
      <applyGrouping>false</applyGrouping>
      <groupingSupportType>2</groupingSupportType>
      <libraryActivityUIImage>tool/laqa11/images/icon_questionanswer.swf</libraryActivityUIImage>
      <readOnly>false</readOnly>
      <initialised>false</initialised>
    </org.lamsfoundation.lams.learningdesign.dto.AuthoringActivityDTO>
  </activities>
  <transitions>
    <org.lamsfoundation.lams.learningdesign.dto.TransitionDTO>
      <transitionID>1626</transitionID>
      <transitionUIID>88</transitionUIID>
      <toUIID>87</toUIID>
      <fromUIID>25</fromUIID>
      <createDateTime class="sql-timestamp">2008-07-16 15:35:00.0</createDateTime>
      <toActivityID>1735</toActivityID>
      <fromActivityID>1730</fromActivityID>
      <learningDesignID>108</learningDesignID>
    </org.lamsfoundation.lams.learningdesign.dto.TransitionDTO>
    <org.lamsfoundation.lams.learningdesign.dto.TransitionDTO>
      <transitionID>1629</transitionID>
      <transitionUIID>92</transitionUIID>
      <toUIID>35</toUIID>
      <fromUIID>90</fromUIID>
      <createDateTime class="sql-timestamp">2008-07-16 15:35:00.0</createDateTime>
      <toActivityID>1731</toActivityID>
      <fromActivityID>1736</fromActivityID>
      <learningDesignID>108</learningDesignID>
    </org.lamsfoundation.lams.learningdesign.dto.TransitionDTO>
    <org.lamsfoundation.lams.learningdesign.dto.TransitionDTO>
      <transitionID>1622</transitionID>
      <transitionUIID>27</transitionUIID>
      <toUIID>25</toUIID>
      <fromUIID>23</fromUIID>
      <createDateTime class="sql-timestamp">2008-07-16 15:35:00.0</createDateTime>
      <toActivityID>1730</toActivityID>
      <fromActivityID>1729</fromActivityID>
      <learningDesignID>108</learningDesignID>
    </org.lamsfoundation.lams.learningdesign.dto.TransitionDTO>
    <org.lamsfoundation.lams.learningdesign.dto.TransitionDTO>
      <transitionID>1618</transitionID>
      <transitionUIID>3</transitionUIID>
      <toUIID>2</toUIID>
      <fromUIID>1</fromUIID>
      <createDateTime class="sql-timestamp">2008-07-16 15:35:00.0</createDateTime>
      <toActivityID>1724</toActivityID>
      <fromActivityID>1723</fromActivityID>
      <learningDesignID>108</learningDesignID>
    </org.lamsfoundation.lams.learningdesign.dto.TransitionDTO>
    <org.lamsfoundation.lams.learningdesign.dto.TransitionDTO>
      <transitionID>1615</transitionID>
      <transitionUIID>20</transitionUIID>
      <toUIID>16</toUIID>
      <fromUIID>14</fromUIID>
      <createDateTime class="sql-timestamp">2008-07-16 15:35:00.0</createDateTime>
      <toActivityID>1728</toActivityID>
      <fromActivityID>1727</fromActivityID>
      <learningDesignID>108</learningDesignID>
    </org.lamsfoundation.lams.learningdesign.dto.TransitionDTO>
    <org.lamsfoundation.lams.learningdesign.dto.TransitionDTO>
      <transitionID>1623</transitionID>
      <transitionUIID>86</transitionUIID>
      <toUIID>85</toUIID>
      <fromUIID>35</fromUIID>
      <createDateTime class="sql-timestamp">2008-07-16 15:35:00.0</createDateTime>
      <toActivityID>1734</toActivityID>
      <fromActivityID>1731</fromActivityID>
      <learningDesignID>108</learningDesignID>
    </org.lamsfoundation.lams.learningdesign.dto.TransitionDTO>
    <org.lamsfoundation.lams.learningdesign.dto.TransitionDTO>
      <transitionID>1617</transitionID>
      <transitionUIID>15</transitionUIID>
      <toUIID>14</toUIID>
      <fromUIID>12</fromUIID>
      <createDateTime class="sql-timestamp">2008-07-16 15:35:00.0</createDateTime>
      <toActivityID>1727</toActivityID>
      <fromActivityID>1726</fromActivityID>
      <learningDesignID>108</learningDesignID>
    </org.lamsfoundation.lams.learningdesign.dto.TransitionDTO>
    <org.lamsfoundation.lams.learningdesign.dto.TransitionDTO>
      <transitionID>1628</transitionID>
      <transitionUIID>91</transitionUIID>
      <toUIID>90</toUIID>
      <fromUIID>87</fromUIID>
      <createDateTime class="sql-timestamp">2008-07-16 15:35:00.0</createDateTime>
      <toActivityID>1736</toActivityID>
      <fromActivityID>1735</fromActivityID>
      <learningDesignID>108</learningDesignID>
    </org.lamsfoundation.lams.learningdesign.dto.TransitionDTO>
    <org.lamsfoundation.lams.learningdesign.dto.TransitionDTO>
      <transitionID>1624</transitionID>
      <transitionUIID>66</transitionUIID>
      <toUIID>64</toUIID>
      <fromUIID>16</fromUIID>
      <createDateTime class="sql-timestamp">2008-07-16 15:35:00.0</createDateTime>
      <toActivityID>1732</toActivityID>
      <fromActivityID>1728</fromActivityID>
      <learningDesignID>108</learningDesignID>
    </org.lamsfoundation.lams.learningdesign.dto.TransitionDTO>
    <org.lamsfoundation.lams.learningdesign.dto.TransitionDTO>
      <transitionID>1616</transitionID>
      <transitionUIID>13</transitionUIID>
      <toUIID>12</toUIID>
      <fromUIID>10</fromUIID>
      <createDateTime class="sql-timestamp">2008-07-16 15:35:00.0</createDateTime>
      <toActivityID>1726</toActivityID>
      <fromActivityID>1725</fromActivityID>
      <learningDesignID>108</learningDesignID>
    </org.lamsfoundation.lams.learningdesign.dto.TransitionDTO>
    <org.lamsfoundation.lams.learningdesign.dto.TransitionDTO>
      <transitionID>1620</transitionID>
      <transitionUIID>67</transitionUIID>
      <toUIID>65</toUIID>
      <fromUIID>64</fromUIID>
      <createDateTime class="sql-timestamp">2008-07-16 15:35:00.0</createDateTime>
      <toActivityID>1733</toActivityID>
      <fromActivityID>1732</fromActivityID>
      <learningDesignID>108</learningDesignID>
    </org.lamsfoundation.lams.learningdesign.dto.TransitionDTO>
    <org.lamsfoundation.lams.learningdesign.dto.TransitionDTO>
      <transitionID>1625</transitionID>
      <transitionUIID>68</transitionUIID>
      <toUIID>23</toUIID>
      <fromUIID>65</fromUIID>
      <createDateTime class="sql-timestamp">2008-07-16 15:35:00.0</createDateTime>
      <toActivityID>1729</toActivityID>
      <fromActivityID>1733</fromActivityID>
      <learningDesignID>108</learningDesignID>
    </org.lamsfoundation.lams.learningdesign.dto.TransitionDTO>
    <org.lamsfoundation.lams.learningdesign.dto.TransitionDTO>
      <transitionID>1621</transitionID>
      <transitionUIID>53</transitionUIID>
      <toUIID>10</toUIID>
      <fromUIID>2</fromUIID>
      <createDateTime class="sql-timestamp">2008-07-16 15:35:00.0</createDateTime>
      <toActivityID>1725</toActivityID>
      <fromActivityID>1724</fromActivityID>
      <learningDesignID>108</learningDesignID>
    </org.lamsfoundation.lams.learningdesign.dto.TransitionDTO>
  </transitions>
</org.lamsfoundation.lams.learningdesign.dto.LearningDesignDTO>