<org.lamsfoundation.lams.tool.noticeboard.NoticeboardContent>
  <nbContentId>2460</nbContentId>
  <title>Why learn how to make deductions?</title>
  <content>&lt;table width="400" cellspacing="9" cellpadding="9" border="0" summary="" style="background: rgb(248, 200, 30) none repeat scroll 0% 50%; -moz-background-clip: -moz-initial; -moz-background-origin: -moz-initial; -moz-background-inline-policy: -moz-initial;"&gt;
    &lt;tbody&gt;
        &lt;tr&gt;
            &lt;td width="176" align="center"&gt;&amp;nbsp;&lt;br /&gt;
            &lt;img height="357" width="209" align="left" src="/lams//www/secure/4028813915760eb301157a04abe7005a/Image/K456 Tia 01.gif" alt="Tia" /&gt;&lt;/td&gt;
            &lt;td&gt;
            &lt;p&gt;&lt;font size="3"&gt;&lt;font face="Comic Sans MS"&gt;&lt;strong&gt;Why&amp;nbsp;learn how to make logical deductions?&lt;/strong&gt;&lt;/font&gt;&lt;/font&gt;&lt;/p&gt;
            &lt;p&gt;&lt;font face="Comic Sans MS" size="3"&gt;Deductions have to be &lt;strong&gt;logical&lt;/strong&gt; or they aren&amp;rsquo;t really deductions at all... they&amp;rsquo;re just stuff we make up! And that&amp;rsquo;s not really thinking.&lt;/font&gt;&lt;/p&gt;
            &lt;p&gt;&lt;font face="Comic Sans MS" size="3"&gt;Worse, we tend to trust that everything we think is made up of logical deductions. We think that they make sense and can be used to guide our thinking and our actions.&lt;/font&gt;&lt;/p&gt;
            &lt;p&gt;&lt;font face="Comic Sans MS" size="3"&gt;But if our deductions aren&amp;rsquo;t logical, they can mislead us into thinking and doing stupid things. The poor guy on fire probably knew what you did about milk and chlorine and assumed that he knew how to control his experiment. &lt;/font&gt;&lt;/p&gt;
            &lt;p&gt;&lt;font face="Comic Sans MS" size="3"&gt;Then he &lt;strong&gt;deduced&lt;/strong&gt; that it would be safe and fun to make an explosion. But his logic wasn&amp;rsquo;t good as it was based on&amp;nbsp;a bad assumption... and look what happened to him!&lt;/font&gt;&lt;/p&gt;
            &lt;p&gt;&lt;font face="Comic Sans MS" size="3"&gt;Illogical deductions &lt;strong&gt;pretend&lt;/strong&gt; to be trustworthy but they can lead us into bad thinking and worse actions.&lt;/font&gt;&lt;/p&gt;
            &lt;/td&gt;
        &lt;/tr&gt;
    &lt;/tbody&gt;
&lt;/table&gt;</content>
  <onlineInstructions></onlineInstructions>
  <offlineInstructions></offlineInstructions>
  <defineLater>false</defineLater>
  <forceOffline>false</forceOffline>
  <reflectOnActivity>false</reflectOnActivity>
  <reflectInstructions></reflectInstructions>
  <contentInUse>false</contentInUse>
  <creatorUserId>9</creatorUserId>
  <dateCreated class="sql-timestamp">2007-10-07 13:14:54.0</dateCreated>
  <dateUpdated class="sql-timestamp">2008-07-23 08:43:39.0</dateUpdated>
  <nbAttachments/>
</org.lamsfoundation.lams.tool.noticeboard.NoticeboardContent>