<org.lamsfoundation.lams.tool.rsrc.model.Resource>
  <contentId>2422</contentId>
  <title>Resources</title>
  <instructions>&lt;table width="400" cellspacing="9" cellpadding="9" border="0" align="" summary="" style="background: rgb(20, 75, 215) none repeat scroll 0% 50%; -moz-background-clip: -moz-initial; -moz-background-origin: -moz-initial; -moz-background-inline-policy: -moz-initial;"&gt;
    &lt;tbody&gt;
        &lt;tr&gt;
            &lt;td width="175" align="center"&gt;&amp;nbsp;&lt;img height="339" width="240" align="middle" alt="" src="/lams//www/secure/4028813915760eb301157a04abe7005a/Image/K456 Tia 03.gif" /&gt;&lt;br /&gt;
            &lt;/td&gt;
            &lt;td width="325" align="left"&gt;&lt;font size="3"&gt;&lt;font face="Comic Sans MS"&gt;&lt;font color="#ffffff"&gt;&lt;strong&gt;Time to get active!&lt;/strong&gt;&lt;br /&gt;
            &lt;br /&gt;
            Let&amp;rsquo;s do something like the Thunderbolt kids did. There&amp;rsquo;s no time to make your own T-shirts, but there is plenty of time to design one.&lt;br /&gt;
            &lt;br /&gt;
            All your instructions are on the worksheet you&amp;rsquo;ll find below. Once everyone has completed the activity your teacher will let you continue with this module. &lt;br /&gt;
            &lt;br /&gt;
            Click on the &amp;quot;T-shirt Activity&amp;quot; document below to download it. Once you&amp;rsquo;ve downloaded the worksheet print a copy and collect it. Then meet with the other learners in your group and begin the activity. Aim to complete this activity in about 20 to 25 minutes.&lt;br /&gt;
            &lt;/font&gt;&lt;/font&gt;&lt;/font&gt;&lt;font size="3"&gt;&lt;font face="Comic Sans MS"&gt;             &lt;/font&gt;&lt;/font&gt;&lt;font size="3"&gt;&lt;font face="Comic Sans MS"&gt;             &lt;/font&gt;&lt;/font&gt;&lt;/td&gt;
            &lt;td width="100" align="left"&gt;&amp;nbsp;&lt;/td&gt;
        &lt;/tr&gt;
    &lt;/tbody&gt;
&lt;/table&gt;</instructions>
  <runOffline>false</runOffline>
  <runAuto>false</runAuto>
  <miniViewResourceNumber>0</miniViewResourceNumber>
  <allowAddFiles>false</allowAddFiles>
  <allowAddUrls>false</allowAddUrls>
  <lockWhenFinished>false</lockWhenFinished>
  <defineLater>false</defineLater>
  <contentInUse>false</contentInUse>
  <onlineInstructions></onlineInstructions>
  <offlineInstructions></offlineInstructions>
  <attachments/>
  <updated class="sql-timestamp">2008-07-22 16:49:37.0</updated>
  <createdBy>
    <userId>9</userId>
    <firstName>Patrick</firstName>
    <lastName>Kayton</lastName>
    <loginName>Patrick Kayton</loginName>
    <sessionFinished>false</sessionFinished>
    <resource reference="../.."/>
  </createdBy>
  <resourceItems>
    <org.lamsfoundation.lams.tool.rsrc.model.ResourceItem>
      <type>2</type>
      <title>T-shirt Activity</title>
      <openUrlNewWindow>false</openUrlNewWindow>
      <fileUuid>1525</fileUuid>
      <fileVersionId>1</fileVersionId>
      <fileName>K0305 T-shirt Activity.pdf</fileName>
      <fileType>application/octet-streamn</fileType>
      <itemInstructions/>
      <isHide>false</isHide>
      <isCreateByAuthor>true</isCreateByAuthor>
      <createDate class="sql-timestamp">2008-07-22 16:49:22.0</createDate>
      <createBy reference="../../../createdBy"/>
      <complete>false</complete>
    </org.lamsfoundation.lams.tool.rsrc.model.ResourceItem>
  </resourceItems>
  <reflectOnActivity>false</reflectOnActivity>
  <reflectInstructions></reflectInstructions>
</org.lamsfoundation.lams.tool.rsrc.model.Resource>