<org.lamsfoundation.lams.tool.noticeboard.NoticeboardContent>
  <nbContentId>2211</nbContentId>
  <title>Something to remember.</title>
  <content>&lt;table width="400" cellspacing="9" cellpadding="9" border="0" style="background: rgb(248, 200, 30) none repeat scroll 0% 50%; -moz-background-clip: -moz-initial; -moz-background-origin: -moz-initial; -moz-background-inline-policy: -moz-initial;" summary=""&gt;
    &lt;tbody&gt;
        &lt;tr&gt;
            &lt;td width="176" align="left"&gt;&lt;font size="3"&gt;&amp;nbsp;&lt;img height="320" width="191" align="left" alt="Tia" src="/lams//www/secure/4028813915760eb301157a04abe7005a/Image/K456 Tia 10.gif" /&gt;&lt;/font&gt;&lt;/td&gt;
            &lt;td&gt;&lt;font face="Comic Sans MS"&gt;
            &lt;p&gt;&lt;br /&gt;
            &lt;strong&gt;&lt;font size="3"&gt;This is how I think the Thunderbolt Kids won the game...&lt;/font&gt;&lt;/strong&gt;&lt;/p&gt;
            &lt;p&gt;&lt;font face="Comic Sans MS" size="3"&gt;The kids passed the first challenge by thinking &lt;strong&gt;like Romans&lt;/strong&gt;. This change in point of view gave them the clues they needed to make a new plan.&lt;/font&gt;&lt;/p&gt;
            &lt;p&gt;&lt;font size="3"&gt;Farrah &lt;strong&gt;saw&lt;/strong&gt; the &amp;quot;vicious tiger&amp;quot; as cute and cuddly - so she changed her plan and played with it. This meant the dangerous predator became a friendly kitty. Remember that&amp;nbsp;&lt;strong&gt;seeing&lt;/strong&gt; the world differently often &lt;strong&gt;makes&lt;/strong&gt; the world different.&amp;nbsp;&lt;/font&gt;&lt;/p&gt;
            &lt;p&gt;&lt;font face="Comic Sans MS" size="3"&gt;The Thunderbolt Kids&amp;nbsp;passed the second challenge by breaking the problem down into something easy. Then they broke the machine but not the &amp;rsquo;rules&amp;rsquo;&amp;nbsp;as no-one told them they&lt;strong&gt; had&lt;/strong&gt; to dodge the spinning blades. They just had to cross the line.&amp;nbsp;&lt;/font&gt;&lt;/p&gt;
            &lt;p&gt;&lt;font face="Comic Sans MS" size="3"&gt;It just seemed &amp;rsquo;obvious&amp;rsquo;, but for &lt;strong&gt;real&lt;/strong&gt; thinkers nothing is ever truly obvious...&lt;/font&gt;&lt;/p&gt;
            &lt;/font&gt;&lt;font face="Comic Sans MS" size="3"&gt;&lt;/font&gt;&lt;/td&gt;
        &lt;/tr&gt;
    &lt;/tbody&gt;
&lt;/table&gt;</content>
  <onlineInstructions></onlineInstructions>
  <offlineInstructions></offlineInstructions>
  <defineLater>false</defineLater>
  <forceOffline>false</forceOffline>
  <reflectOnActivity>false</reflectOnActivity>
  <reflectInstructions></reflectInstructions>
  <contentInUse>false</contentInUse>
  <creatorUserId>9</creatorUserId>
  <dateCreated class="sql-timestamp">2007-10-07 13:14:54.0</dateCreated>
  <dateUpdated class="sql-timestamp">2008-07-17 09:47:20.0</dateUpdated>
  <nbAttachments/>
</org.lamsfoundation.lams.tool.noticeboard.NoticeboardContent>