<org.lamsfoundation.lams.tool.noticeboard.NoticeboardContent>
  <nbContentId>2027</nbContentId>
  <title>Why this part of thinking?</title>
  <content>&lt;table width="400" cellspacing="9" cellpadding="9" border="0" summary="" style="background: rgb(248, 200, 30) none repeat scroll 0% 50%; -moz-background-clip: -moz-initial; -moz-background-origin: -moz-initial; -moz-background-inline-policy: -moz-initial;"&gt;
    &lt;tbody&gt;
        &lt;tr&gt;
            &lt;td&gt;&lt;font size="3"&gt;&amp;nbsp;&lt;/font&gt;&lt;/td&gt;
            &lt;td&gt;&lt;font size="3"&gt;&amp;nbsp;&lt;/font&gt;&lt;/td&gt;
        &lt;/tr&gt;
        &lt;tr&gt;
            &lt;td width="176" align="left"&gt;&lt;font size="3"&gt;&amp;nbsp;&lt;img height="170" width="173" align="left" src="/lams//www/secure/4028813915760eb301157a04abe7005a/Image/K456 Tia 02.gif" alt="Tia" /&gt;&lt;/font&gt;&lt;/td&gt;
            &lt;td&gt;&lt;font face="Comic Sans MS"&gt;
            &lt;p&gt;&lt;strong&gt;&lt;font size="3"&gt;Why think with a purpose?&lt;/font&gt;&lt;/strong&gt;&lt;/p&gt;
            &lt;font size="3"&gt;Your thinking always has a &lt;strong&gt;purpose&lt;/strong&gt;. Even when you&amp;rsquo;re daydreaming you&amp;rsquo;re doing it &lt;strong&gt;for a reason&lt;/strong&gt;: your goal is to entertain yourself! But if you&amp;rsquo;re thinking smart, then you hold your purpose in mind. Your purpose becomes your &lt;strong&gt;guide&lt;/strong&gt; in all that you think and all that you do.&lt;br /&gt;
            &lt;br /&gt;
            Still not sure what a &lt;strong&gt;purpose&lt;/strong&gt; is? Keep reading and you&amp;rsquo;ll see.&lt;br /&gt;
            &lt;/font&gt;&lt;/font&gt;&lt;font face="Comic Sans MS"&gt;             &lt;/font&gt;&lt;/td&gt;
        &lt;/tr&gt;
    &lt;/tbody&gt;
&lt;/table&gt;</content>
  <onlineInstructions></onlineInstructions>
  <offlineInstructions></offlineInstructions>
  <defineLater>false</defineLater>
  <forceOffline>false</forceOffline>
  <reflectOnActivity>false</reflectOnActivity>
  <reflectInstructions></reflectInstructions>
  <contentInUse>false</contentInUse>
  <creatorUserId>9</creatorUserId>
  <dateCreated class="sql-timestamp">2007-10-07 13:14:54.0</dateCreated>
  <dateUpdated class="sql-timestamp">2008-07-03 06:14:20.0</dateUpdated>
  <nbAttachments/>
</org.lamsfoundation.lams.tool.noticeboard.NoticeboardContent>