<org.lamsfoundation.lams.tool.noticeboard.NoticeboardContent>
  <nbContentId>1863</nbContentId>
  <title>Why should you learn to improve your work?</title>
  <content>&lt;table width="400" cellspacing="9" cellpadding="9" border="0" align="" summary="" style="background: rgb(248, 200, 30) none repeat scroll 0% 50%; -moz-background-clip: -moz-initial; -moz-background-origin: -moz-initial; -moz-background-inline-policy: -moz-initial;"&gt;
    &lt;tbody&gt;
        &lt;tr&gt;
            &lt;td width="176" align="center"&gt;&amp;nbsp;&lt;img width="236" height="396" align="middle" src="/lams//www/secure/4028813915760eb301157a04abe7005a/Image/K456 Tia 10.gif" alt="" /&gt;&lt;br /&gt;
            &lt;/td&gt;
            &lt;td width="325"&gt;&lt;font size="3"&gt;&lt;font face="Comic Sans MS"&gt;&lt;strong&gt;Why should you improve your work&lt;/strong&gt;&lt;/font&gt;&lt;/font&gt;&lt;font size="3"&gt;&lt;font face="Comic Sans MS"&gt;&lt;strong&gt;?&lt;/strong&gt;&lt;br /&gt;
            &lt;br /&gt;
            Imagine what the world would be like if people didn&amp;rsquo;t improve their w&lt;/font&gt;&lt;/font&gt;&lt;font size="3"&gt;&lt;font face="Comic Sans MS"&gt;ork. &lt;br /&gt;
            &lt;br /&gt;
            Computers would be the size of a classroom. &lt;br /&gt;
            &lt;br /&gt;
            Aeroplanes would only fly for a few seconds.&lt;br /&gt;
            &lt;br /&gt;
            And, worst of all, television would only be in black and white!&lt;br /&gt;
            &lt;br /&gt;
            This is how the world would be if people didn&amp;rsquo;t improve their work. &lt;br /&gt;
            &lt;br /&gt;
            By learning to improve your work, you can make great things possible.&lt;br /&gt;
            &lt;/font&gt;&lt;/font&gt;&lt;/td&gt;
            &lt;td width="100"&gt;&amp;nbsp;&lt;/td&gt;
        &lt;/tr&gt;
    &lt;/tbody&gt;
&lt;/table&gt;</content>
  <onlineInstructions></onlineInstructions>
  <offlineInstructions></offlineInstructions>
  <defineLater>false</defineLater>
  <forceOffline>false</forceOffline>
  <reflectOnActivity>false</reflectOnActivity>
  <reflectInstructions></reflectInstructions>
  <contentInUse>false</contentInUse>
  <creatorUserId>9</creatorUserId>
  <dateCreated class="sql-timestamp">2007-10-07 13:14:54.0</dateCreated>
  <dateUpdated class="sql-timestamp">2008-07-07 12:11:06.0</dateUpdated>
  <nbAttachments/>
</org.lamsfoundation.lams.tool.noticeboard.NoticeboardContent>