<org.lamsfoundation.lams.tool.qa.QaContent>
  <qaContentId>2324</qaContentId>
  <title>Let's crunch this story!</title>
  <instructions>&lt;table width="400" cellspacing="9" cellpadding="9" border="0" summary="" style="background: rgb(170, 220, 2) none repeat scroll 0% 50%; -moz-background-clip: -moz-initial; -moz-background-origin: -moz-initial; -moz-background-inline-policy: -moz-initial;"&gt;
    &lt;tbody&gt;
        &lt;tr&gt;
            &lt;td width="110" align="center"&gt;&amp;nbsp;&lt;img height="396" width="165" align="middle" src="/lams//www/secure/4028813915760eb301157a04abe7005a/Image/K0601 Liberty 02 copy.gif" alt="Tia" /&gt;&lt;/td&gt;
            &lt;td width="300" align="left"&gt;
            &lt;p&gt;&lt;font size="3"&gt;&lt;font face="Comic Sans MS"&gt;&lt;strong&gt;Let&amp;rsquo;s crunch this story!&lt;/strong&gt;&lt;/font&gt;&lt;/font&gt;&lt;/p&gt;
            &lt;p&gt;&lt;font face="Comic Sans MS" size="3"&gt;Weren&amp;rsquo;t you surprised by Sophie making such a fool of herself? She&amp;rsquo;s a smart girl, we know that, so what on earth made her let Jojo down so badly?&lt;/font&gt;&lt;/p&gt;
            &lt;p&gt;&lt;font face="Comic Sans MS"&gt;&lt;font size="3"&gt;Here&amp;rsquo;s a question to get you crunching...&lt;/font&gt;&lt;/font&gt;&lt;/p&gt;
            &lt;/td&gt;
        &lt;/tr&gt;
    &lt;/tbody&gt;
&lt;/table&gt;</instructions>
  <offlineInstructions></offlineInstructions>
  <onlineInstructions></onlineInstructions>
  <createdBy>9</createdBy>
  <defineLater>false</defineLater>
  <reflect>false</reflect>
  <reflectionSubject></reflectionSubject>
  <runOffline>false</runOffline>
  <questionsSequenced>false</questionsSequenced>
  <lockWhenFinished>true</lockWhenFinished>
  <showOtherAnswers>true</showOtherAnswers>
  <usernameVisible>false</usernameVisible>
  <synchInMonitor>false</synchInMonitor>
  <contentLocked>false</contentLocked>
  <updateDate class="sql-timestamp">2008-07-21 13:37:28.0</updateDate>
  <qaQueContents class="tree-set">
    <no-comparator/>
    <org.lamsfoundation.lams.tool.qa.QaQueContent>
      <question>&lt;table width="400" cellspacing="9" cellpadding="9" border="0" summary="" style="background: rgb(170, 220, 2) none repeat scroll 0% 50%; -moz-background-clip: -moz-initial; -moz-background-origin: -moz-initial; -moz-background-inline-policy: -moz-initial;"&gt;
    &lt;tbody&gt;
        &lt;tr&gt;
            &lt;td width="110" align="center"&gt;&amp;nbsp;&lt;br /&gt;
            &lt;/td&gt;
            &lt;td width="300" align="left"&gt;
            &lt;p&gt;&lt;font size="3"&gt;&lt;font face="Comic Sans MS"&gt;&lt;strong&gt;Why do you think Sophie failed to do her project well?&lt;/strong&gt;&lt;/font&gt;&lt;/font&gt;&lt;font size="3"&gt;&lt;font face="Comic Sans MS"&gt;&lt;strong&gt;&lt;br /&gt;
            &lt;br /&gt;
            &lt;/strong&gt;Write one or two sentences explaining why you think that Sophie did not work well on this project.&lt;/font&gt;&lt;/font&gt;&lt;/p&gt;
            &lt;p&gt;&lt;font face="Comic Sans MS" size="3"&gt;Then see what your classmates have to say.&lt;/font&gt;&lt;/p&gt;
            &lt;/td&gt;
        &lt;/tr&gt;
    &lt;/tbody&gt;
&lt;/table&gt;</question>
      <displayOrder>1</displayOrder>
      <feedback></feedback>
      <isOptional>false</isOptional>
    </org.lamsfoundation.lams.tool.qa.QaQueContent>
  </qaQueContents>
  <qaUploadedFiles class="tree-set">
    <no-comparator/>
  </qaUploadedFiles>
</org.lamsfoundation.lams.tool.qa.QaContent>