<org.lamsfoundation.lams.tool.noticeboard.NoticeboardContent>
  <nbContentId>2002</nbContentId>
  <title>Something to remember.</title>
  <content>&lt;table width="400" cellspacing="9" cellpadding="9" border="0" align="" summary="" style="background: rgb(248, 200, 30) none repeat scroll 0% 50%; -moz-background-clip: -moz-initial; -moz-background-origin: -moz-initial; -moz-background-inline-policy: -moz-initial;"&gt;
    &lt;tbody&gt;
        &lt;tr&gt;
            &lt;td width="176" align="left"&gt;&amp;nbsp;&lt;img width="217" height="396" align="left" src="/lams//www/secure/4028813915760eb301157a04abe7005a/Image/K456 Tia 09.gif" alt="Tia" /&gt;&lt;/td&gt;
            &lt;td&gt;&lt;font size="3"&gt;&lt;font face="Comic Sans MS"&gt;&lt;br /&gt;
            &lt;strong&gt;Here is what I think is meant by &amp;quot;the hard road to knowledge&amp;quot;...&lt;/strong&gt;&lt;/font&gt;&lt;/font&gt;&lt;font size="3"&gt;&lt;font face="Comic Sans MS"&gt;&lt;br /&gt;
            &lt;br /&gt;
            In this story, I think that the &amp;quot;road to knowledge&amp;quot; is not about the internet or libraries. It has nothing to do with where knowledge is stored. Or how easy it is to use a computer or get your hands on a book.&lt;br /&gt;
            &lt;br /&gt;
            It&amp;rsquo;s about how serious you are about thinking. If you are serious about thinking, you will take the time and the effort to think things through. You will take the time and the effort to learn new things. And you will take the time and the effort to form your own new ideas about things.&lt;br /&gt;
            &lt;br /&gt;
            That&amp;rsquo;s not easy. It&amp;rsquo;s difficult. And that&amp;rsquo;s why it feels so good when you have your own ideas. Because you&amp;rsquo;ve earned them. Just like Jojo and the kids earned the apple.&lt;br /&gt;
            &lt;br /&gt;
            &lt;strong&gt;Remember&lt;/strong&gt;: Once you learn how to think about things, it becomes easier and easier to build on your knowledge. But getting there is a tough road. Still, we don&amp;rsquo;t do things because they&amp;rsquo;re easy, do we? We do things because they&amp;rsquo;re rewarding.&lt;/font&gt;&lt;/font&gt;&lt;font size="3"&gt;&lt;font size="3"&gt;&lt;font face="Comic Sans MS"&gt;&lt;br /&gt;
            &lt;/font&gt;&lt;/font&gt;&lt;/font&gt;&lt;/td&gt;
        &lt;/tr&gt;
    &lt;/tbody&gt;
&lt;/table&gt;</content>
  <onlineInstructions></onlineInstructions>
  <offlineInstructions></offlineInstructions>
  <defineLater>false</defineLater>
  <forceOffline>false</forceOffline>
  <reflectOnActivity>false</reflectOnActivity>
  <reflectInstructions></reflectInstructions>
  <contentInUse>false</contentInUse>
  <creatorUserId>9</creatorUserId>
  <dateCreated class="sql-timestamp">2007-10-07 13:14:54.0</dateCreated>
  <dateUpdated class="sql-timestamp">2008-07-07 15:13:40.0</dateUpdated>
  <nbAttachments/>
</org.lamsfoundation.lams.tool.noticeboard.NoticeboardContent>