<org.lamsfoundation.lams.tool.noticeboard.NoticeboardContent>
  <nbContentId>2074</nbContentId>
  <title>Why should you learn to think with a purpose?</title>
  <content>&lt;table width="400" cellspacing="9" cellpadding="9" border="0" align="" summary="" style="background: rgb(248, 200, 30) none repeat scroll 0% 50%; -moz-background-clip: -moz-initial; -moz-background-origin: -moz-initial; -moz-background-inline-policy: -moz-initial;"&gt;
    &lt;tbody&gt;
        &lt;tr&gt;
            &lt;td&gt;&amp;nbsp;&lt;/td&gt;
            &lt;td&gt;&amp;nbsp;&lt;/td&gt;
        &lt;/tr&gt;
        &lt;tr&gt;
            &lt;td width="176" align="left"&gt;&amp;nbsp;&lt;img width="183" height="396" align="left" src="/lams//www/secure/4028813915760eb301157a04abe7005a/Image/K456 Tia 08.gif" alt="Tia" /&gt;&lt;/td&gt;
            &lt;td&gt;&lt;font size="3"&gt;&lt;font face="Comic Sans MS"&gt;&lt;strong&gt;Why think with a purpose?&lt;br /&gt;
            &lt;br /&gt;
            &lt;/strong&gt;&lt;/font&gt;&lt;/font&gt;&lt;font size="3"&gt;&lt;font face="Comic Sans MS"&gt;             Imagine that you are a machine. An electrical machine. You use electricity to function. And water to keep you cool. A maintenance man checks up on you once every two weeks to make sure your joints have enough oil and that you are running well. But then one day he discovers you have no function at all. You use electricity and water and oil, but you don&amp;rsquo;t do anything. You are just a big collection of circuits and gears that do nothing.&lt;br /&gt;
            &lt;br /&gt;
            It&amp;rsquo;s hard to imagine such a machine, isn&amp;rsquo;t it? It&amp;rsquo;s just as hard to imagine thinking without a purpose.&lt;/font&gt;&lt;/font&gt;&lt;/td&gt;
        &lt;/tr&gt;
    &lt;/tbody&gt;
&lt;/table&gt;</content>
  <onlineInstructions></onlineInstructions>
  <offlineInstructions></offlineInstructions>
  <defineLater>false</defineLater>
  <forceOffline>false</forceOffline>
  <reflectOnActivity>false</reflectOnActivity>
  <reflectInstructions></reflectInstructions>
  <contentInUse>false</contentInUse>
  <creatorUserId>9</creatorUserId>
  <dateCreated class="sql-timestamp">2007-10-07 13:14:54.0</dateCreated>
  <dateUpdated class="sql-timestamp">2008-07-07 15:46:51.0</dateUpdated>
  <nbAttachments/>
</org.lamsfoundation.lams.tool.noticeboard.NoticeboardContent>