<org.lamsfoundation.lams.tool.noticeboard.NoticeboardContent>
  <nbContentId>2260</nbContentId>
  <title>Thinking outcome</title>
  <content>&lt;table width="400" cellspacing="9" cellpadding="9" border="0" style="background: rgb(20, 75, 215) none repeat scroll 0% 50%; -moz-background-clip: -moz-initial; -moz-background-origin: -moz-initial; -moz-background-inline-policy: -moz-initial;" summary=""&gt;
    &lt;tbody&gt;
        &lt;tr&gt;
            &lt;td width="176"&gt;&amp;nbsp;&lt;img width="240" height="396" align="left" alt="Tia" src="/lams//www/secure/4028813915760eb301157a04abe7005a/Image/K456 Tia 15.gif" /&gt;&lt;/td&gt;
            &lt;td width="300" align="left"&gt;&lt;font size="3"&gt;&lt;font face="Comic Sans MS"&gt;&lt;br /&gt;
            &lt;br /&gt;
            &lt;font color="#ffffff"&gt;&lt;strong&gt;How &lt;/strong&gt;&lt;/font&gt;&lt;/font&gt;&lt;/font&gt;&lt;font size="3"&gt;&lt;font face="Comic Sans MS"&gt;&lt;font color="#ffffff"&gt;&lt;strong&gt;will you achieve learn to make deductions logically?&lt;br /&gt;
            &lt;br /&gt;
            &lt;/strong&gt;You will:&lt;/font&gt;&lt;/font&gt;&lt;/font&gt;&lt;font size="3"&gt;&lt;font face="Comic Sans MS"&gt;&lt;font color="#ffffff"&gt;&lt;strong&gt;&lt;br /&gt;
            &lt;br /&gt;
            &lt;/strong&gt;&lt;/font&gt;&lt;/font&gt;&lt;/font&gt;
            &lt;ul&gt;
                &lt;li&gt;&lt;font size="3" color="#ffffff"&gt;&lt;font face="Comic Sans MS"&gt;Read&amp;nbsp;a story where the Thunderbolt Kids recognise some poor thinking, which helps them to save their friend.&lt;br /&gt;
                &lt;/font&gt;&lt;/font&gt;&lt;/li&gt;
                &lt;li&gt;&lt;font size="3" color="#ffffff"&gt;&lt;font face="Comic Sans MS"&gt;Complete an eToys exercise where create patterns out of diamond shapes.&lt;br /&gt;
                &lt;/font&gt;&lt;/font&gt;&lt;/li&gt;
            &lt;/ul&gt;
            &lt;font size="3"&gt;&lt;font face="Comic Sans MS"&gt;&lt;font color="#ffffff"&gt;&lt;/font&gt;&lt;br /&gt;
            &lt;/font&gt;&lt;/font&gt;&lt;font size="3"&gt;&lt;font face="Comic Sans MS"&gt;&lt;/font&gt;&lt;/font&gt;&lt;/td&gt;
        &lt;/tr&gt;
    &lt;/tbody&gt;
&lt;/table&gt;</content>
  <onlineInstructions></onlineInstructions>
  <offlineInstructions></offlineInstructions>
  <defineLater>false</defineLater>
  <forceOffline>false</forceOffline>
  <reflectOnActivity>false</reflectOnActivity>
  <reflectInstructions></reflectInstructions>
  <contentInUse>false</contentInUse>
  <creatorUserId>9</creatorUserId>
  <dateCreated class="sql-timestamp">2007-10-07 13:14:54.0</dateCreated>
  <dateUpdated class="sql-timestamp">2008-07-20 12:41:07.0</dateUpdated>
  <nbAttachments/>
</org.lamsfoundation.lams.tool.noticeboard.NoticeboardContent>