<org.lamsfoundation.lams.tool.noticeboard.NoticeboardContent>
  <nbContentId>2321</nbContentId>
  <title>Why think with purpose?</title>
  <content>&lt;table width="400" cellspacing="9" cellpadding="9" border="0" summary="" style="background: rgb(248, 200, 30) none repeat scroll 0% 50%; -moz-background-clip: -moz-initial; -moz-background-origin: -moz-initial; -moz-background-inline-policy: -moz-initial;"&gt;
    &lt;tbody&gt;
        &lt;tr&gt;
            &lt;td width="176" align="center"&gt;&amp;nbsp;&lt;br /&gt;
            &lt;img height="396" width="183" align="left" src="/lams//www/secure/4028813915760eb301157a04abe7005a/Image/K456 Tia 08.gif" alt="Tia" /&gt;&lt;/td&gt;
            &lt;td&gt;
            &lt;p&gt;&lt;font size="3"&gt;&lt;font face="Comic Sans MS"&gt;&lt;strong&gt;Why think with purpose?&lt;/strong&gt;&lt;/font&gt;&lt;/font&gt;&lt;/p&gt;
            &lt;p&gt;&lt;font face="Comic Sans MS" size="3"&gt;It&amp;rsquo;s easy to forget why&amp;nbsp;you&amp;rsquo;re doing something when you&amp;rsquo;re dealing&amp;nbsp;with the fine details of actually doing it. It&amp;rsquo;s&amp;nbsp;hard to&amp;nbsp;remember the &lt;strong&gt;big picture&lt;/strong&gt; when you&amp;rsquo;re painting a tiny part of it with your face right up against the canvas...&lt;/font&gt;&lt;/p&gt;
            &lt;p&gt;&lt;font face="Comic Sans MS" size="3"&gt;You may have to change plans if they&amp;rsquo;re not working. And you&amp;rsquo;ll only know if your plans are working if you keep checking what you need to do to achieve your goals.&lt;/font&gt;&lt;/p&gt;
            &lt;p&gt;&lt;font face="Comic Sans MS" size="3"&gt;A wise Roman called Seneca once said: &amp;quot;If you do not know to what port you are sailing, no wind is favourable.&amp;quot; In other words, if you don't know where you're going, nothing will help you to get there.&lt;br /&gt;
            &lt;/font&gt;&lt;/p&gt;
            &lt;/td&gt;
        &lt;/tr&gt;
    &lt;/tbody&gt;
&lt;/table&gt;</content>
  <onlineInstructions></onlineInstructions>
  <offlineInstructions></offlineInstructions>
  <defineLater>false</defineLater>
  <forceOffline>false</forceOffline>
  <reflectOnActivity>false</reflectOnActivity>
  <reflectInstructions></reflectInstructions>
  <contentInUse>false</contentInUse>
  <creatorUserId>9</creatorUserId>
  <dateCreated class="sql-timestamp">2007-10-07 13:14:54.0</dateCreated>
  <dateUpdated class="sql-timestamp">2008-07-21 13:27:00.0</dateUpdated>
  <nbAttachments/>
</org.lamsfoundation.lams.tool.noticeboard.NoticeboardContent>