<org.lamsfoundation.lams.tool.qa.QaContent>
  <qaContentId>2245</qaContentId>
  <title>Let's crunch this story!</title>
  <instructions>&lt;table width="400" cellspacing="9" cellpadding="9" border="0" summary="" style="background: rgb(170, 220, 2) none repeat scroll 0% 50%; -moz-background-clip: -moz-initial; -moz-background-origin: -moz-initial; -moz-background-inline-policy: -moz-initial;"&gt;
    &lt;tbody&gt;
        &lt;tr&gt;
            &lt;td width="110" align="center"&gt;&amp;nbsp;&lt;img height="300" width="179" align="middle" src="/lams//www/secure/4028813915760eb301157a04abe7005a/Image/K456 Tia 10.gif" alt="Tia" /&gt;&lt;/td&gt;
            &lt;td width="300" align="left"&gt;
            &lt;p&gt;&lt;font size="3"&gt;&lt;font face="Comic Sans MS"&gt;&lt;strong&gt;Let&amp;rsquo;s crunch this story!&lt;/strong&gt;&lt;/font&gt;&lt;/font&gt;&lt;font size="3"&gt;&lt;font size="3"&gt;&lt;font face="Comic Sans MS"&gt;&lt;br /&gt;
            &lt;/font&gt;&lt;/font&gt;&lt;font size="3"&gt;&lt;font face="Comic Sans MS"&gt;&lt;br /&gt;
            &lt;/font&gt;&lt;/font&gt;&lt;font size="3"&gt;&lt;font face="Comic Sans MS"&gt;The Thunderbolt Kids think that Klaus has very&amp;nbsp;strange&amp;nbsp;&lt;strong&gt;ideas&lt;/strong&gt; about&amp;nbsp;Science - and the&amp;rsquo;re not wrong!&lt;/font&gt;&lt;/font&gt;&lt;/font&gt;&lt;/p&gt;
            &lt;p&gt;&lt;font face="Comic Sans MS" size="3"&gt;&lt;font size="3"&gt;&lt;font face="Comic Sans MS"&gt;Klaus&amp;rsquo; views are not &amp;rsquo;scientific&amp;rsquo;.&lt;/font&gt;&lt;/font&gt; In fact, he&amp;rsquo;s not &lt;strong&gt;trying &lt;/strong&gt;to be&amp;nbsp;scientific. He thinks electricity is useless and that magnets cause sunburn!&lt;/font&gt;&lt;/p&gt;
            &lt;font face="Comic Sans MS" size="3"&gt;&amp;rsquo;Science&amp;rsquo; is an &lt;strong&gt;idea&lt;/strong&gt;&amp;nbsp;about how to look at the world using facts and evidence to seek truth. It is a big idea&amp;nbsp;made up of&amp;nbsp;many other facts and theories.&lt;br /&gt;
            &lt;br /&gt;
            Here&amp;rsquo;s a question to get you crunching how Klaus looks at the world...&lt;/font&gt;
            &lt;p&gt;&lt;font size="3"&gt;&lt;font size="3"&gt;&lt;br /&gt;
            &lt;/font&gt;&lt;/font&gt;&lt;/p&gt;
            &lt;/td&gt;
        &lt;/tr&gt;
    &lt;/tbody&gt;
&lt;/table&gt;</instructions>
  <offlineInstructions></offlineInstructions>
  <onlineInstructions></onlineInstructions>
  <createdBy>9</createdBy>
  <defineLater>false</defineLater>
  <reflect>false</reflect>
  <reflectionSubject></reflectionSubject>
  <runOffline>false</runOffline>
  <questionsSequenced>false</questionsSequenced>
  <lockWhenFinished>true</lockWhenFinished>
  <showOtherAnswers>true</showOtherAnswers>
  <usernameVisible>false</usernameVisible>
  <synchInMonitor>false</synchInMonitor>
  <contentLocked>false</contentLocked>
  <updateDate class="sql-timestamp">2008-07-17 13:56:24.0</updateDate>
  <qaQueContents class="tree-set">
    <no-comparator/>
    <org.lamsfoundation.lams.tool.qa.QaQueContent>
      <question>&lt;table width="400" cellspacing="9" cellpadding="9" border="0" style="background: rgb(170, 220, 2) none repeat scroll 0% 50%; -moz-background-clip: -moz-initial; -moz-background-origin: -moz-initial; -moz-background-inline-policy: -moz-initial;" summary=""&gt;
    &lt;tbody&gt;
        &lt;tr&gt;
            &lt;td width="110" align="center"&gt;&amp;nbsp;&lt;br /&gt;
            &lt;/td&gt;
            &lt;td width="300" align="left"&gt;
            &lt;p&gt;&lt;font size="3"&gt;&lt;font face="Comic Sans MS"&gt;&lt;strong&gt;What does it mean when we say that Klaus&amp;rsquo;s views are not &amp;rsquo;scientific&amp;rsquo;?&lt;br /&gt;
            &lt;br /&gt;
            &lt;/strong&gt;Write one or two sentences exlaining why you think Klaus&amp;rsquo;s opinions are not &amp;rsquo;scientific&amp;rsquo;.&lt;/font&gt;&lt;/font&gt;&lt;/p&gt;
            &lt;p&gt;&lt;font face="Comic Sans MS" size="3"&gt;Then see what your classmates think.&lt;/font&gt;&amp;nbsp;&lt;/p&gt;
            &lt;/td&gt;
        &lt;/tr&gt;
    &lt;/tbody&gt;
&lt;/table&gt;</question>
      <displayOrder>1</displayOrder>
      <feedback>Let's see what everyone assumed the story was about...</feedback>
      <isOptional>false</isOptional>
    </org.lamsfoundation.lams.tool.qa.QaQueContent>
  </qaQueContents>
  <qaUploadedFiles class="tree-set">
    <no-comparator/>
  </qaUploadedFiles>
</org.lamsfoundation.lams.tool.qa.QaContent>