<org.lamsfoundation.lams.tool.noticeboard.NoticeboardContent>
  <nbContentId>2373</nbContentId>
  <title>Something to remember.</title>
  <content>&lt;table width="400" cellspacing="9" cellpadding="9" border="0" summary="" style="background: rgb(248, 200, 30) none repeat scroll 0% 50%; -moz-background-clip: -moz-initial; -moz-background-origin: -moz-initial; -moz-background-inline-policy: -moz-initial;"&gt;
    &lt;tbody&gt;
        &lt;tr&gt;
            &lt;td width="176" align="left"&gt;&amp;nbsp;&lt;img height="396" width="204" align="left" src="/lams//www/secure/4028813915760eb301157a04abe7005a/Image/K456 Tia 11.gif" alt="Tia" /&gt;&lt;/td&gt;
            &lt;td&gt;&lt;font size="3"&gt;&lt;font face="Comic Sans MS"&gt;
            &lt;p&gt;&lt;strong&gt;&lt;font size="3"&gt;This is&amp;nbsp;what I think made Dr Gray act so foolishly...&lt;/font&gt;&lt;/strong&gt;&lt;/p&gt;
            &lt;p&gt;&lt;font size="3"&gt;Dr Gray is obviously a very well-educated, intelligent man. But even a genius can be arrogant and refuse to challenge his or her own assumptions. And that isn&amp;rsquo;t very smart at all!&lt;/font&gt;&lt;/p&gt;
            &lt;p&gt;&lt;font size="3"&gt;Being humble isn&amp;rsquo;t just a &amp;rsquo;good&amp;rsquo; thing to be, it&amp;rsquo;s a lot smarter. No-one is right &lt;strong&gt;all&lt;/strong&gt; the time, and being open to being corrected is the best way to make sure you&amp;rsquo;re often correct.&lt;/font&gt;&lt;/p&gt;
            &lt;p&gt;&lt;font size="3"&gt;Now Dr Gray was very &lt;strong&gt;arrogant&lt;/strong&gt; about his optical illusions. He said that he would &amp;rsquo;never&amp;rsquo; fall for such tricks and always questioned his assumptions. But we know he&amp;nbsp;didn&amp;rsquo;t...&lt;/font&gt;&lt;/p&gt;
            &lt;p&gt;&lt;font size="3"&gt;He &lt;strong&gt;assumed&lt;/strong&gt; that his food was as healthy as his mind - and as it turns out, it wasn&amp;rsquo;t very healthy at all! &lt;br /&gt;
            &lt;/font&gt;&lt;/p&gt;
            &lt;p&gt;&lt;font size="3"&gt;Dr Gray needed to question&amp;nbsp;what his eyes told him... Not just in his illusions, but when the kids started throwing up as well!&amp;nbsp;&lt;/font&gt;&lt;/p&gt;
            &lt;/font&gt;&lt;/font&gt;&lt;/td&gt;
        &lt;/tr&gt;
    &lt;/tbody&gt;
&lt;/table&gt;</content>
  <onlineInstructions></onlineInstructions>
  <offlineInstructions></offlineInstructions>
  <defineLater>false</defineLater>
  <forceOffline>false</forceOffline>
  <reflectOnActivity>false</reflectOnActivity>
  <reflectInstructions></reflectInstructions>
  <contentInUse>false</contentInUse>
  <creatorUserId>9</creatorUserId>
  <dateCreated class="sql-timestamp">2007-10-07 13:14:54.0</dateCreated>
  <dateUpdated class="sql-timestamp">2008-07-22 11:37:14.0</dateUpdated>
  <nbAttachments/>
</org.lamsfoundation.lams.tool.noticeboard.NoticeboardContent>