<org.lamsfoundation.lams.tool.noticeboard.NoticeboardContent>
  <nbContentId>1929</nbContentId>
  <title>A new way of thinking...</title>
  <content>&lt;table width="400" cellspacing="9" cellpadding="9" border="0" align="" summary="" style="background: rgb(240, 156, 8) none repeat scroll 0% 50%; -moz-background-clip: -moz-initial; -moz-background-origin: -moz-initial; -moz-background-inline-policy: -moz-initial;"&gt;
    &lt;tbody&gt;
        &lt;tr&gt;
            &lt;td width="110" align="center"&gt;&amp;nbsp;&lt;img width="186" height="396" src="/lams//www/secure/402881391594adaa0115a363d996005d/Image/K456 Tia 19.gif" alt="" /&gt;&lt;br /&gt;
            &lt;/td&gt;
            &lt;td width="300" align="left"&gt;&lt;font size="3"&gt;&lt;font size="3"&gt;&lt;font face="Comic Sans MS"&gt;&lt;strong&gt;How can thinking sceptically help you to be a better thinker?&lt;br /&gt;
            &lt;/strong&gt;             &lt;br /&gt;
            Suppose you&amp;rsquo;re reading a science text book. The text book tells you all about phases of the moon. But what if there is a mistake in the text book? How can you be sure the text book is true or accurate? Thinking sceptically helps you to look for evidence and proof. And this helps you to fully understand the science.&lt;br /&gt;
            &lt;br /&gt;
            Looking for facts will help you solve problems in all your learning areas and in everyday life too!&lt;br /&gt;
            &lt;/font&gt;&lt;/font&gt;&lt;font size="3"&gt;             &lt;/font&gt;&lt;/font&gt;&lt;/td&gt;
        &lt;/tr&gt;
    &lt;/tbody&gt;
&lt;/table&gt;</content>
  <onlineInstructions></onlineInstructions>
  <offlineInstructions></offlineInstructions>
  <defineLater>false</defineLater>
  <forceOffline>false</forceOffline>
  <reflectOnActivity>false</reflectOnActivity>
  <reflectInstructions></reflectInstructions>
  <contentInUse>false</contentInUse>
  <creatorUserId>9</creatorUserId>
  <dateCreated class="sql-timestamp">2007-10-16 02:18:28.0</dateCreated>
  <dateUpdated class="sql-timestamp">2008-07-07 13:16:05.0</dateUpdated>
  <nbAttachments/>
</org.lamsfoundation.lams.tool.noticeboard.NoticeboardContent>