<org.lamsfoundation.lams.tool.noticeboard.NoticeboardContent>
  <nbContentId>1871</nbContentId>
  <title>Let's get ready for a task!</title>
  <content>&lt;table width="400" cellspacing="9" cellpadding="9" border="0" align="" style="background: rgb(20, 75, 215) none repeat scroll 0% 50%; -moz-background-clip: -moz-initial; -moz-background-origin: -moz-initial; -moz-background-inline-policy: -moz-initial;" summary=""&gt;
    &lt;tbody&gt;
        &lt;tr&gt;
            &lt;td width="175" align="center"&gt;&amp;nbsp;&lt;img width="173" height="375" align="middle" src="/lams//www/secure/4028813915760eb301157a04abe7005a/Image/K456 Tia 08.gif" alt="" /&gt;&lt;br /&gt;
            &lt;/td&gt;
            &lt;td width="325" align="left"&gt;&lt;font size="3"&gt;&lt;font face="Comic Sans MS"&gt;&lt;font color="#ffffff"&gt;&lt;strong&gt;Recording information&lt;br /&gt;
            &lt;br /&gt;
            &lt;/strong&gt;There are many different ways to record information? Here are a few ways to record figures (or anything, really):&lt;br /&gt;
            &lt;br /&gt;
            &lt;/font&gt;&lt;/font&gt;&lt;/font&gt;
            &lt;ul&gt;
                &lt;li&gt;&lt;font size="3"&gt;&lt;font face="Comic Sans MS"&gt;&lt;font color="#ffffff"&gt;You can write a list of figures.&lt;br /&gt;
                &lt;/font&gt;&lt;/font&gt;&lt;/font&gt;&lt;/li&gt;
            &lt;/ul&gt;
            &lt;ul&gt;
                &lt;li&gt;&lt;font size="3"&gt;&lt;font face="Comic Sans MS"&gt;&lt;font color="#ffffff"&gt;You can compare figures in a table.&lt;br /&gt;
                &lt;/font&gt;&lt;/font&gt;&lt;/font&gt;&lt;/li&gt;
                &lt;li&gt;&lt;font size="3"&gt;&lt;font face="Comic Sans MS"&gt;&lt;font color="#ffffff"&gt;You can make a graph or chart to compare figures.&lt;/font&gt;&lt;/font&gt;&lt;/font&gt;&lt;/li&gt;
            &lt;/ul&gt;
            &lt;font size="3"&gt;&lt;font face="Comic Sans MS"&gt;&lt;font color="#ffffff"&gt;             &lt;br /&gt;
            Each of these is a different way to help you think about information. And if you use them well, they will help you to see ways to improve your work.&lt;br /&gt;
            &lt;br /&gt;
            In today&amp;rsquo;s experiment, you will use some of these methods to record information.&lt;br /&gt;
            &lt;/font&gt;&lt;/font&gt;&lt;/font&gt;&lt;font size="3"&gt;&lt;font face="Comic Sans MS"&gt;             &lt;/font&gt;&lt;/font&gt;&lt;font size="3"&gt;&lt;font face="Comic Sans MS"&gt;             &lt;/font&gt;&lt;/font&gt;&lt;/td&gt;
            &lt;td width="100" align="left"&gt;&amp;nbsp;&lt;/td&gt;
        &lt;/tr&gt;
    &lt;/tbody&gt;
&lt;/table&gt;</content>
  <onlineInstructions></onlineInstructions>
  <offlineInstructions></offlineInstructions>
  <defineLater>false</defineLater>
  <forceOffline>false</forceOffline>
  <reflectOnActivity>false</reflectOnActivity>
  <reflectInstructions></reflectInstructions>
  <contentInUse>false</contentInUse>
  <creatorUserId>9</creatorUserId>
  <dateCreated class="sql-timestamp">2007-11-02 15:38:11.0</dateCreated>
  <dateUpdated class="sql-timestamp">2008-07-07 12:16:09.0</dateUpdated>
  <nbAttachments/>
</org.lamsfoundation.lams.tool.noticeboard.NoticeboardContent>