<org.lamsfoundation.lams.tool.noticeboard.NoticeboardContent>
  <nbContentId>2176</nbContentId>
  <title>Why this part of thinking?</title>
  <content>&lt;table width="400" cellspacing="9" cellpadding="9" border="0" summary="" style="background: rgb(248, 200, 30) none repeat scroll 0% 50%; -moz-background-clip: -moz-initial; -moz-background-origin: -moz-initial; -moz-background-inline-policy: -moz-initial;"&gt;
    &lt;tbody&gt;
        &lt;tr&gt;
            &lt;td&gt;&lt;font size="3"&gt;&amp;nbsp;&lt;/font&gt;&lt;/td&gt;
            &lt;td&gt;&lt;font size="3"&gt;&amp;nbsp;&lt;/font&gt;&lt;/td&gt;
        &lt;/tr&gt;
        &lt;tr&gt;
            &lt;td width="176" align="left"&gt;&lt;font size="3"&gt;&amp;nbsp;&lt;img height="340" width="161" align="left" src="/lams//www/secure/4028813915760eb301157a04abe7005a/Image/K456 Tia 22.gif" alt="Tia" /&gt;&lt;/font&gt;&lt;/td&gt;
            &lt;td&gt;&lt;font face="Comic Sans MS"&gt;
            &lt;p&gt;&lt;br /&gt;
            &lt;strong&gt;&lt;font size="3"&gt;Why question assumptions?&lt;/font&gt;&lt;/strong&gt;&lt;/p&gt;
            &lt;p&gt;&lt;font face="Comic Sans MS" size="3"&gt;You may have been told that &amp;quot;Seeing is believing,&amp;quot; but don&amp;rsquo;t believe a word of it! Our five senses can be tricked as easily as our minds, and appearances can be deceiving. &lt;/font&gt;&lt;/p&gt;
            &lt;p&gt;&lt;font face="Comic Sans MS" size="3"&gt;Learning to question assumptions is one of the first steps a thinker takes towards learning the &amp;rsquo;truth&amp;rsquo; of their world. &lt;/font&gt;&lt;font face="Comic Sans MS"&gt;             &lt;/font&gt;&lt;font face="Comic Sans MS"&gt;&lt;font size="3"&gt;Because grownups aren&amp;rsquo;t the only people who can be wrong... so can you!&lt;/font&gt;&lt;/font&gt;&lt;/p&gt;
            &lt;p&gt;&amp;nbsp;&lt;/p&gt;
            &lt;br /&gt;
            &lt;/font&gt;&lt;/td&gt;
        &lt;/tr&gt;
    &lt;/tbody&gt;
&lt;/table&gt;</content>
  <onlineInstructions></onlineInstructions>
  <offlineInstructions></offlineInstructions>
  <defineLater>false</defineLater>
  <forceOffline>false</forceOffline>
  <reflectOnActivity>false</reflectOnActivity>
  <reflectInstructions></reflectInstructions>
  <contentInUse>false</contentInUse>
  <creatorUserId>9</creatorUserId>
  <dateCreated class="sql-timestamp">2007-10-07 13:14:54.0</dateCreated>
  <dateUpdated class="sql-timestamp">2008-07-16 15:08:56.0</dateUpdated>
  <nbAttachments/>
</org.lamsfoundation.lams.tool.noticeboard.NoticeboardContent>