<org.lamsfoundation.lams.tool.noticeboard.NoticeboardContent>
  <nbContentId>2464</nbContentId>
  <title>Something to remember.</title>
  <content>&lt;table width="400" cellspacing="9" cellpadding="9" border="0" style="background: rgb(248, 200, 30) none repeat scroll 0% 50%; -moz-background-clip: -moz-initial; -moz-background-origin: -moz-initial; -moz-background-inline-policy: -moz-initial;" summary=""&gt;
    &lt;tbody&gt;
        &lt;tr&gt;
            &lt;td width="176" align="left"&gt;&amp;nbsp;&lt;img height="396" width="240" align="left" alt="Tia" src="/lams//www/secure/4028813915760eb301157a04abe7005a/Image/K456 Tia 15.gif" /&gt;&lt;/td&gt;
            &lt;td&gt;&lt;font size="3"&gt;&lt;font face="Comic Sans MS"&gt;
            &lt;p&gt;&lt;strong&gt;&lt;font size="3"&gt;This is&amp;nbsp;what I think made Chemistry Man&amp;rsquo;s later deductions illogical...&lt;/font&gt;&lt;/strong&gt;&lt;/p&gt;
            &lt;p&gt;&lt;font size="3"&gt;Chemistry Man started his lesson telling the kids that chemistry requires &lt;strong&gt;precision&lt;/strong&gt; and &lt;strong&gt;logic&lt;/strong&gt;.&amp;nbsp;And he was right... dead right.&lt;/font&gt;&lt;/p&gt;
            &lt;p&gt;&lt;font size="3"&gt;Then he had some nuts and started saying things like &amp;quot;Geniuses don&amp;rsquo;t measure things&amp;quot; and &amp;quot;Who needs a formula&amp;quot;. Now he was wrong... almost &lt;strong&gt;dead&lt;/strong&gt; wrong.&lt;/font&gt;&lt;/p&gt;
            &lt;p&gt;&lt;font size="3"&gt;His calculations and logic went out the window with his sanity and the result was almost catastrophic. The kids could see how crazy he was being because his statements and methods didn&amp;rsquo;t match his earlier approach.&lt;/font&gt;&lt;/p&gt;
            &lt;p&gt;&lt;font size="3"&gt;So they could &lt;strong&gt;deduce&lt;/strong&gt; that something had gone dreadfully wrong... and they were right.&lt;/font&gt;&lt;/p&gt;
            &lt;/font&gt;&lt;/font&gt;&lt;/td&gt;
        &lt;/tr&gt;
    &lt;/tbody&gt;
&lt;/table&gt;</content>
  <onlineInstructions></onlineInstructions>
  <offlineInstructions></offlineInstructions>
  <defineLater>false</defineLater>
  <forceOffline>false</forceOffline>
  <reflectOnActivity>false</reflectOnActivity>
  <reflectInstructions></reflectInstructions>
  <contentInUse>false</contentInUse>
  <creatorUserId>9</creatorUserId>
  <dateCreated class="sql-timestamp">2007-10-07 13:14:54.0</dateCreated>
  <dateUpdated class="sql-timestamp">2008-07-23 08:56:06.0</dateUpdated>
  <nbAttachments/>
</org.lamsfoundation.lams.tool.noticeboard.NoticeboardContent>